# Created by FreeCAD <https://www.freecad.org>
v 225.000000 275.000000 145.000000
v 61.596729 275.000000 108.573395
v 58.616222 275.000000 111.555977
v 55.491478 275.000000 114.387077
v 64.425659 275.000000 105.446686
v 52.230175 275.000000 117.059738
v 67.096046 275.000000 102.183525
v 48.840347 275.000000 119.567383
v 69.601334 275.000000 98.791954
v 45.330334 275.000000 121.903831
v 71.935341 275.000000 95.280312
v 41.708775 275.000000 124.063339
v 74.092331 275.000000 91.657249
v 37.984573 275.000000 126.040596
v 76.066994 275.000000 87.931679
v 34.166904 275.000000 127.830734
v 77.854477 275.000000 84.112762
v 30.265158 275.000000 129.429337
v 79.450371 275.000000 80.209908
v 26.288933 275.000000 130.832489
v 80.850761 275.000000 76.232712
v 22.248018 275.000000 132.036728
v 82.052185 275.000000 72.190956
v 18.152355 275.000000 133.039093
v 83.051704 275.000000 68.094597
v 14.012023 275.000000 133.837128
v 83.846848 275.000000 63.953712
v 9.837210 275.000000 134.428848
v 84.435661 275.000000 59.778488
v 225.000000 275.000000 0.000000
v 5.638190 275.000000 134.812805
v 84.816696 275.000000 55.579201
v 1.425296 275.000000 134.988052
v 84.989021 275.000000 51.366188
v 84.952202 275.000000 47.149811
v 84.706329 275.000000 42.940445
v 84.252022 275.000000 38.748455
v 83.590378 275.000000 34.584152
v 82.723045 275.000000 30.457783
v 81.652138 275.000000 26.379503
v 80.380310 275.000000 22.359348
v 78.910683 275.000000 18.407213
v 77.246872 275.000000 14.532819
v 75.392975 275.000000 10.745703
v 73.353546 275.000000 7.055183
v 71.133614 275.000000 3.470342
v 68.738632 275.000000 0.000000
v -84.060295 275.000000 62.604256
v -225.000000 275.000000 145.000000
v -83.331810 275.000000 66.757385
v -82.398262 275.000000 70.869286
v -81.261948 275.000000 74.929825
v -79.925667 275.000000 78.929016
v -78.392708 275.000000 82.857018
v -76.666840 275.000000 86.704170
v -74.752304 275.000000 90.460999
v -72.653831 275.000000 94.118263
v -70.376564 275.000000 97.666962
v -67.926117 275.000000 101.098366
v -65.308517 275.000000 104.404022
v -62.530209 275.000000 107.575798
v -59.598026 275.000000 110.605896
v -56.519188 275.000000 113.486862
v -53.301266 275.000000 116.211594
v -49.952179 275.000000 118.773392
v -46.480175 275.000000 121.165955
v -42.893787 275.000000 123.383400
v -39.201851 275.000000 125.420258
v -35.413448 275.000000 127.271523
v -31.537897 275.000000 128.932632
v -27.584740 275.000000 130.399521
v -23.563702 275.000000 131.668549
v -19.484680 275.000000 132.736618
v -15.357709 275.000000 133.601074
v -11.192945 275.000000 134.259827
v -7.000639 275.000000 134.711227
v -2.791106 275.000000 134.954163
v -68.738632 275.000000 -0.000000
v -225.000000 275.000000 0.000000
v -71.076027 275.000000 3.382427
v -73.247124 275.000000 6.873923
v -75.246849 275.000000 10.466321
v -77.070518 275.000000 14.151216
v -78.713867 275.000000 17.919985
v -80.173050 275.000000 21.763811
v -81.444649 275.000000 25.673702
v -82.525696 275.000000 29.640509
v -83.413666 275.000000 33.654949
v -84.106468 275.000000 37.707630
v -84.602486 275.000000 41.789074
v -84.900566 275.000000 45.889729
v -85.000000 275.000000 50.000000
v -84.895416 275.000000 54.215240
v -84.581924 275.000000 58.420109
v -231.133453 274.849426 0.000000
v -231.133453 274.849426 145.000000
v -237.252136 274.398102 0.000000
v -237.252136 274.398102 145.000000
v -243.341309 273.647064 0.000000
v -243.341309 273.647064 145.000000
v -249.386292 272.598175 0.000000
v -249.386292 272.598175 145.000000
v -255.372528 271.253906 0.000000
v -255.372528 271.253906 145.000000
v -261.285583 269.617554 0.000000
v -261.285583 269.617554 145.000000
v -267.111237 267.692993 0.000000
v -267.111237 267.692993 145.000000
v -272.835419 265.484955 0.000000
v -272.835419 265.484955 145.000000
v -278.444397 262.998657 0.000000
v -278.444397 262.998657 145.000000
v -283.924591 260.240143 0.000000
v -283.924591 260.240143 145.000000
v -289.262848 257.216064 0.000000
v -289.262848 257.216064 145.000000
v -294.446289 253.933701 0.000000
v -294.446289 253.933701 145.000000
v -299.462402 250.400940 0.000000
v -299.462402 250.400940 145.000000
v -304.299164 246.626312 0.000000
v -304.299164 246.626312 145.000000
v -308.944855 242.618896 0.000000
v -308.944855 242.618896 145.000000
v -313.388336 238.388351 0.000000
v -313.388336 238.388351 145.000000
v -317.618896 233.944870 0.000000
v -317.618896 233.944870 145.000000
v -321.626312 229.299164 0.000000
v -321.626312 229.299164 145.000000
v -325.400940 224.462418 0.000000
v -325.400940 224.462418 145.000000
v -328.933716 219.446274 0.000000
v -328.933716 219.446274 145.000000
v -332.216064 214.262848 0.000000
v -332.216064 214.262848 145.000000
v -335.240143 208.924591 0.000000
v -335.240143 208.924591 145.000000
v -337.998657 203.444382 145.000000
v -337.998657 203.444382 0.000000
v -340.484955 197.835434 0.000000
v -340.484955 197.835434 145.000000
v -342.692993 192.111237 0.000000
v -342.692993 192.111237 145.000000
v -344.617554 186.285583 0.000000
v -344.617554 186.285583 145.000000
v -346.253906 180.372528 145.000000
v -346.253906 180.372528 0.000000
v -347.598175 174.386292 0.000000
v -347.598175 174.386292 145.000000
v -348.647064 168.341309 0.000000
v -348.647064 168.341309 145.000000
v -349.398102 162.252136 0.000000
v -349.398102 162.252136 145.000000
v -349.849426 156.133453 0.000000
v -349.849426 156.133453 145.000000
v -350.000000 150.000000 0.000000
v -350.000000 150.000000 145.000000
v -225.000000 245.000000 175.000000
v 225.000000 245.000000 175.000000
v 225.000000 246.472031 174.963867
v -225.000000 246.472031 174.963867
v 225.000000 247.940521 174.855545
v -225.000000 247.940521 174.855545
v 225.000000 249.401917 174.675293
v -225.000000 249.401917 174.675293
v 225.000000 250.852707 174.423553
v -225.000000 250.852707 174.423553
v 225.000000 252.289398 174.100937
v -225.000000 252.289398 174.100937
v 225.000000 253.708542 173.708206
v -225.000000 253.708542 173.708206
v 225.000000 255.106689 173.246323
v -225.000000 255.106689 173.246323
v 225.000000 256.480499 172.716385
v -225.000000 256.480499 172.716385
v 225.000000 257.826660 172.119675
v -225.000000 257.826660 172.119675
v 225.000000 259.141907 171.457642
v -225.000000 259.141907 171.457642
v 225.000000 260.423096 170.731857
v -225.000000 260.423096 170.731857
v 225.000000 261.667114 169.944092
v -225.000000 261.667114 169.944092
v 225.000000 262.870972 169.096222
v -225.000000 262.870972 169.096222
v 225.000000 264.031799 168.190308
v -225.000000 264.031799 168.190308
v 225.000000 265.146759 167.228531
v -225.000000 265.146759 167.228531
v 225.000000 266.213196 166.213211
v -225.000000 266.213196 166.213211
v 225.000000 267.228546 165.146774
v -225.000000 267.228546 165.146774
v 225.000000 268.190308 164.031799
v -225.000000 268.190308 164.031799
v 225.000000 269.096222 162.870972
v -225.000000 269.096222 162.870972
v 225.000000 269.944092 161.667114
v -225.000000 269.944092 161.667114
v 225.000000 270.731873 160.423080
v -225.000000 270.731873 160.423080
v 225.000000 271.457642 159.141907
v -225.000000 271.457642 159.141907
v 225.000000 272.119690 157.826660
v -225.000000 272.119690 157.826660
v 225.000000 272.716400 156.480499
v -225.000000 272.716400 156.480499
v -225.000000 273.246307 155.106689
v 225.000000 273.246307 155.106689
v 225.000000 273.708221 153.708542
v -225.000000 273.708221 153.708542
v 225.000000 274.100952 152.289398
v -225.000000 274.100952 152.289398
v -225.000000 274.423553 150.852707
v 225.000000 274.423553 150.852707
v 225.000000 274.675293 149.401917
v -225.000000 274.675293 149.401917
v 225.000000 274.855530 147.940521
v -225.000000 274.855530 147.940521
v 225.000000 274.963867 146.472031
v -225.000000 274.963867 146.472031
v 350.000000 150.000000 0.000000
v 349.849426 156.133453 0.000000
v 350.000000 150.000000 145.000000
v 349.849426 156.133453 145.000000
v 349.398102 162.252136 145.000000
v 349.398102 162.252136 0.000000
v 348.647064 168.341309 145.000000
v 348.647064 168.341309 0.000000
v 347.598175 174.386292 145.000000
v 347.598175 174.386292 0.000000
v 346.253906 180.372528 145.000000
v 346.253906 180.372528 0.000000
v 344.617554 186.285583 145.000000
v 344.617554 186.285583 0.000000
v 342.692993 192.111237 145.000000
v 342.692993 192.111237 0.000000
v 340.484955 197.835434 145.000000
v 340.484955 197.835434 0.000000
v 337.998657 203.444382 145.000000
v 337.998657 203.444382 0.000000
v 335.240143 208.924591 145.000000
v 335.240143 208.924591 0.000000
v 332.216064 214.262848 145.000000
v 332.216064 214.262848 0.000000
v 328.933716 219.446274 145.000000
v 328.933716 219.446274 0.000000
v 325.400940 224.462418 145.000000
v 325.400940 224.462418 0.000000
v 321.626312 229.299164 145.000000
v 321.626312 229.299164 0.000000
v 317.618896 233.944870 145.000000
v 317.618896 233.944870 0.000000
v 313.388336 238.388351 145.000000
v 313.388336 238.388351 0.000000
v 308.944855 242.618896 145.000000
v 308.944855 242.618896 0.000000
v 304.299164 246.626312 145.000000
v 304.299164 246.626312 0.000000
v 299.462402 250.400940 145.000000
v 299.462402 250.400940 0.000000
v 294.446289 253.933701 145.000000
v 294.446289 253.933701 0.000000
v 289.262848 257.216064 145.000000
v 289.262848 257.216064 0.000000
v 283.924591 260.240143 145.000000
v 283.924591 260.240143 0.000000
v 278.444397 262.998657 145.000000
v 278.444397 262.998657 0.000000
v 272.835419 265.484955 145.000000
v 272.835419 265.484955 0.000000
v 267.111237 267.692993 145.000000
v 267.111237 267.692993 0.000000
v 261.285583 269.617554 145.000000
v 261.285583 269.617554 0.000000
v 255.372528 271.253906 145.000000
v 255.372528 271.253906 0.000000
v 249.386292 272.598175 145.000000
v 249.386292 272.598175 0.000000
v 243.341309 273.647064 145.000000
v 243.341309 273.647064 0.000000
v 237.252136 274.398102 145.000000
v 237.252136 274.398102 0.000000
v 231.133453 274.849426 145.000000
v 231.133453 274.849426 0.000000
v -68.738632 225.000000 -0.000000
v -71.076027 225.000000 3.382427
v -73.247124 225.000000 6.873923
v -75.246849 225.000000 10.466321
v -77.070518 225.000000 14.151216
v -78.713867 225.000000 17.919985
v -80.173050 225.000000 21.763811
v -81.444649 225.000000 25.673702
v -82.525696 225.000000 29.640509
v -83.413666 225.000000 33.654949
v -84.106468 225.000000 37.707630
v -84.602486 225.000000 41.789074
v -84.900566 225.000000 45.889729
v -85.000000 225.000000 50.000000
v -84.895416 225.000000 54.215240
v -84.581924 225.000000 58.420109
v -84.060295 225.000000 62.604256
v -83.331810 225.000000 66.757385
v -82.398262 225.000000 70.869286
v -81.261948 225.000000 74.929825
v -79.925667 225.000000 78.929016
v -78.392708 225.000000 82.857018
v -76.666840 225.000000 86.704170
v -74.752304 225.000000 90.460999
v -72.653831 225.000000 94.118263
v -70.376564 225.000000 97.666962
v -67.926117 225.000000 101.098366
v -65.308517 225.000000 104.404022
v -62.530209 225.000000 107.575798
v -59.598026 225.000000 110.605896
v -56.519188 225.000000 113.486862
v -53.301266 225.000000 116.211594
v -49.952179 225.000000 118.773392
v -46.480175 225.000000 121.165955
v -42.893787 225.000000 123.383400
v -39.201851 225.000000 125.420258
v -35.413448 225.000000 127.271523
v -31.537897 225.000000 128.932632
v -27.584740 225.000000 130.399521
v -23.563702 225.000000 131.668549
v -19.484680 225.000000 132.736618
v -15.357709 225.000000 133.601074
v -11.192945 225.000000 134.259827
v -7.000639 225.000000 134.711227
v -2.791106 225.000000 134.954163
v 1.425296 225.000000 134.988052
v 5.638190 225.000000 134.812805
v 9.837210 225.000000 134.428848
v 14.012023 225.000000 133.837128
v 18.152355 225.000000 133.039093
v 22.248018 225.000000 132.036728
v 26.288933 225.000000 130.832489
v 30.265158 225.000000 129.429337
v 34.166904 225.000000 127.830734
v 37.984573 225.000000 126.040596
v 41.708775 225.000000 124.063339
v 45.330334 225.000000 121.903831
v 48.840347 225.000000 119.567383
v 52.230175 225.000000 117.059738
v 55.491478 225.000000 114.387077
v 58.616222 225.000000 111.555977
v 61.596729 225.000000 108.573395
v 64.425659 225.000000 105.446686
v 67.096046 225.000000 102.183525
v 69.601334 225.000000 98.791954
v 71.935341 225.000000 95.280312
v 74.092331 225.000000 91.657249
v 76.066994 225.000000 87.931679
v 77.854477 225.000000 84.112762
v 79.450371 225.000000 80.209908
v 80.850761 225.000000 76.232712
v 82.052185 225.000000 72.190956
v 83.051704 225.000000 68.094597
v 83.846848 225.000000 63.953712
v 84.435661 225.000000 59.778488
v 84.816696 225.000000 55.579201
v 84.989021 225.000000 51.366188
v 84.952202 225.000000 47.149811
v 84.706329 225.000000 42.940445
v 84.252022 225.000000 38.748455
v 83.590378 225.000000 34.584152
v 82.723045 225.000000 30.457783
v 81.652138 225.000000 26.379503
v 80.380310 225.000000 22.359348
v 78.910683 225.000000 18.407213
v 77.246872 225.000000 14.532819
v 75.392975 225.000000 10.745703
v 73.353546 225.000000 7.055183
v 71.133614 225.000000 3.470342
v 68.738632 225.000000 0.000000
v -229.733658 246.355820 174.963867
v -229.661423 244.885574 175.000000
v -229.805710 247.822540 174.855545
v -229.877426 249.282181 174.675293
v -229.948608 250.731232 174.423553
v -234.455917 246.007492 174.963867
v -234.311630 244.542542 175.000000
v -230.019104 252.166199 174.100937
v -234.599854 247.468903 174.855545
v -230.088730 253.583618 173.708206
v -234.743088 248.923264 174.675293
v -230.157349 254.980087 173.246323
v -234.885300 250.367081 174.423553
v -230.224747 256.352234 172.716385
v -239.155380 245.427872 174.963867
v -238.939392 243.971771 175.000000
v -235.026108 251.796860 174.100937
v -230.290802 257.696777 172.119675
v -239.370865 246.880463 174.855545
v -235.165222 253.209152 173.708206
v -230.355347 259.010437 171.457642
v -239.585297 248.326035 174.675293
v -235.302261 254.600571 173.246323
v -230.418198 260.290070 170.731857
v -239.798172 249.761139 174.423553
v -235.436920 255.967773 172.716385
v -230.479248 261.532593 169.944092
v -243.820755 244.618347 174.963867
v -243.533585 243.174606 175.000000
v -240.008972 251.182281 174.100937
v -235.568863 257.307434 172.119675
v -230.538315 262.735016 169.096222
v -244.107254 246.058609 174.855545
v -240.217209 252.586060 173.708206
v -235.697784 258.616364 171.457642
v -230.595276 263.894440 168.190308
v -244.392349 247.491928 174.675293
v -240.422348 253.969070 173.246323
v -235.823349 259.891357 170.731857
v -230.649979 265.008057 167.228531
v -244.675385 248.914856 174.423553
v -240.623932 255.328018 172.716385
v -235.945297 261.129395 169.944092
v -248.440796 243.580887 174.963867
v -248.083115 242.152969 175.000000
v -230.702316 266.073212 166.213211
v -244.955673 250.323944 174.100937
v -240.821457 256.659607 172.119675
v -236.063293 262.327484 169.096222
v -248.797607 245.005356 174.855545
v -230.752136 267.087341 165.146774
v -245.232529 251.715805 173.708206
v -241.014450 257.960602 171.457642
v -236.177078 263.482697 168.190308
v -249.152695 246.422958 174.675293
v -230.799316 268.047943 164.031799
v -245.505295 253.087097 173.246323
v -241.202438 259.227905 170.731857
v -236.286362 264.592316 167.228531
v -249.505203 247.830276 174.423553
v -230.843781 268.952759 162.870972
v -245.773315 254.434509 172.716385
v -241.384964 260.458466 169.944092
v -253.004349 242.317978 174.963867
v -252.577042 240.909332 175.000000
v -236.390884 265.653595 166.213211
v -249.854294 249.223923 174.100937
v -230.885376 269.799622 161.667114
v -246.035934 255.754791 172.119675
v -241.561615 261.649323 169.096222
v -253.430634 243.723236 174.855545
v -236.490402 266.664032 165.146774
v -250.199127 250.600525 173.708206
v -230.924026 270.586426 160.423080
v -246.292526 257.044769 171.457642
v -241.731934 262.797577 168.190308
v -253.854858 245.121704 174.675293
v -236.584671 267.621185 164.031799
v -250.538849 251.956787 173.246323
v -230.959641 271.311340 159.141907
v -246.542480 258.301331 170.731857
v -241.895538 263.900482 167.228531
v -254.276001 246.510025 174.423553
v -236.673477 268.522736 162.870972
v -250.872650 253.289413 172.716385
v -230.992126 271.972595 157.826660
v -246.785172 259.521454 169.944092
v -257.500458 240.832672 174.963867
v -257.004547 239.446686 175.000000
v -261.354919 237.768555 175.000000
v -242.052017 264.955383 166.213211
v -254.693054 247.884857 174.100937
v -236.756577 269.366516 161.667114
v -251.199738 254.595230 172.119675
v -231.021408 272.568573 156.480499
v -247.020035 260.702209 169.096222
v -257.995178 242.215317 174.855545
v -242.201004 265.959717 165.146774
v -255.104996 249.242889 173.708206
v -236.833786 270.150513 160.423080
v -251.519318 255.871063 171.457642
v -231.047409 273.097870 155.106689
v -247.246506 261.840698 168.190308
v -258.487488 243.591278 174.675293
v -242.342117 266.911072 164.031799
v -255.510864 250.580841 173.246323
v -236.904938 270.872772 159.141907
v -251.830627 257.113831 170.731857
v -231.070068 273.559204 153.708542
v -247.464020 262.934265 167.228531
v -258.976257 244.957275 174.423553
v -242.475052 267.807190 162.870972
v -255.909653 251.895493 172.716385
v -236.969818 271.531647 157.826660
v -252.132889 258.320587 169.944092
v -231.089340 273.951447 152.289398
v -261.918243 239.128540 174.963867
v -247.672073 263.980194 166.213211
v -259.460266 246.309982 174.100937
v -242.599457 268.645874 161.667114
v -256.300415 253.183670 172.119675
v -237.028305 272.125488 156.480499
v -252.425415 259.488373 169.096222
v -231.105179 274.273682 150.852707
v -262.480225 240.485229 174.855545
v -247.870148 264.976013 165.146774
v -259.938354 247.646164 173.708206
v -242.715042 269.425110 160.423080
v -256.682220 254.442291 171.457642
v -237.080246 272.652863 155.106689
v -252.707474 260.614410 168.190308
v -231.117523 274.525116 149.401917
v -263.039459 241.835388 174.675293
v -248.057785 265.919312 164.031799
v -260.409393 248.962585 173.246323
v -242.821533 270.143036 159.141907
v -257.054138 255.668304 170.731857
v -237.125519 273.112518 153.708542
v -252.978378 261.695953 167.228531
v -231.126373 274.705139 147.940521
v -263.594666 243.175751 174.423553
v -248.234528 266.807831 162.870972
v -260.872192 250.256088 172.716385
v -242.918686 270.797913 157.826660
v -257.415253 256.858765 169.944092
v -237.164017 273.503357 152.289398
v -266.247101 237.209686 174.963867
v -265.617737 235.878983 175.000000
v -253.237503 262.730438 166.213211
v -231.131683 274.813354 146.472031
v -264.144470 244.503082 174.100937
v -248.399933 267.639404 161.667114
v -261.325714 251.523544 172.119675
v -243.006241 271.388153 156.480499
v -257.764709 258.010803 169.096222
v -237.195648 273.824432 150.852707
v -266.874969 238.537170 174.855545
v -253.484207 263.715332 165.146774
v -264.687531 245.814194 173.708206
v -248.553619 268.412018 160.423080
v -261.768799 252.761917 171.457642
v -243.083984 271.912354 155.106689
v -258.101685 259.121613 168.190308
v -237.220322 274.074951 149.401917
v -267.499786 239.858261 174.675293
v -253.717911 264.648285 164.031799
v -265.222595 247.105927 173.246323
v -248.695206 269.123871 159.141907
v -262.200409 253.968201 170.731857
v -243.151764 272.369263 153.708542
v -258.425354 260.188599 167.228531
v -237.237976 274.254333 147.940521
v -268.120087 241.169769 174.423553
v -253.938019 265.527069 162.870972
v -265.748322 248.375153 172.716385
v -248.824371 269.773193 157.826660
v -262.619507 255.139496 169.944092
v -243.209396 272.757721 152.289398
v -270.476593 235.080734 174.963867
v -269.782684 233.782516 175.000000
v -258.734924 261.209106 166.213211
v -237.248596 274.362122 146.472031
v -268.734344 242.468521 174.100937
v -254.144043 266.349518 161.667114
v -266.263489 249.618835 172.119675
v -248.940781 270.358429 156.480499
v -263.025085 256.273010 169.096222
v -243.256729 273.076874 150.852707
v -271.168854 236.375824 174.855545
v -259.029633 262.180725 165.146774
v -269.341125 243.751404 173.708206
v -254.335449 267.113678 160.423080
v -266.766785 250.833969 171.457642
v -249.044159 270.878174 155.106689
v -263.416168 257.365967 168.190308
v -243.293671 273.325867 149.401917
v -271.857727 237.664658 174.675293
v -259.308838 263.101074 164.031799
v -269.938904 245.015335 173.246323
v -254.511795 267.817719 159.141907
v -267.257080 252.017624 170.731857
v -249.134277 271.331177 153.708542
v -263.791779 258.415771 167.228531
v -243.320114 273.504181 147.940521
v -272.541626 238.944153 174.423553
v -259.571808 263.967987 162.870972
v -270.526276 246.257233 172.716385
v -254.672668 268.459900 157.826660
v -267.733154 253.166962 169.944092
v -249.210892 271.716370 152.289398
v -274.596527 232.746826 174.963867
v -273.839752 231.484222 175.000000
v -264.151062 259.419861 166.213211
v -243.336014 273.611328 146.472031
v -273.218903 240.211197 174.100937
v -259.817932 264.779327 161.667114
v -271.101837 247.474136 172.119675
v -254.817642 269.038727 156.480499
v -268.193848 254.279190 169.096222
v -249.273834 272.032806 150.852707
v -275.351501 234.006378 174.855545
v -264.493103 260.375824 165.146774
v -273.887878 241.462769 173.708206
v -260.046600 265.533173 160.423080
v -271.664185 248.663116 171.457642
v -254.946411 269.552795 155.106689
v -268.638092 255.351639 168.190308
v -249.322937 272.279694 149.401917
v -276.102783 235.259872 174.675293
v -264.817108 261.281403 164.031799
v -274.546967 242.695831 173.246323
v -260.257294 266.227722 159.141907
v -272.211945 249.821289 170.731857
v -255.058640 270.000824 153.708542
v -269.064758 256.381744 167.228531
v -249.358109 272.456482 147.940521
v -276.848663 236.504257 174.423553
v -265.122314 262.134338 162.870972
v -275.194550 243.907425 172.716385
v -260.449463 266.861237 157.826660
v -272.743835 250.945862 169.944092
v -255.154068 270.381775 152.289398
v -278.596985 230.213562 174.963867
v -277.779175 228.989609 175.000000
v -269.472870 257.367004 166.213211
v -249.379242 272.562714 146.472031
v -277.587250 237.736557 174.100937
v -265.407959 262.932648 161.667114
v -275.829132 245.094620 172.119675
v -260.622681 267.432251 156.480499
v -273.258575 252.034149 169.096222
v -255.232452 270.694733 150.852707
v -279.412842 231.434555 174.855545
v -269.861420 258.305054 165.146774
v -278.316833 238.953781 173.708206
v -265.673340 263.674377 160.423080
v -276.449127 246.254562 171.457642
v -260.776520 267.939362 155.106689
v -273.754883 253.083527 168.190308
v -255.293625 270.938934 149.401917
v -280.224731 232.649673 174.675293
v -270.229462 259.193604 164.031799
v -279.035645 240.153015 173.246323
v -265.917847 264.357727 159.141907
v -277.053070 247.384460 170.731857
v -260.910583 268.381378 153.708542
v -274.231598 254.091446 167.228531
v -255.337418 271.113770 147.940521
v -281.030762 233.855957 174.423553
v -270.576141 260.030579 162.870972
v -279.741913 241.331375 172.716385
v -266.140869 264.981049 157.826660
v -277.639496 248.481598 169.944092
v -261.024597 268.757202 152.289398
v -282.468323 227.487061 174.963867
v -281.591431 226.304718 175.000000
v -274.687561 255.055496 166.213211
v -255.363739 271.218842 146.472031
v -281.828949 235.050537 174.100937
v -270.900604 260.813873 161.667114
v -280.433990 242.486008 172.119675
v -266.341919 265.542877 156.480499
v -278.207001 249.543320 169.096222
v -261.118256 269.065918 150.852707
v -283.343109 228.666565 174.855545
v -275.121643 255.973343 165.146774
v -282.617371 236.230499 173.708206
v -271.202087 261.541687 160.423080
v -281.110138 243.614136 171.457642
v -266.520447 266.041840 155.106689
v -278.754211 250.567062 168.190308
v -261.191315 269.306824 149.401917
v -284.213654 229.840363 174.675293
v -275.532867 256.842773 164.031799
v -283.394165 237.393021 173.246323
v -271.479828 262.212219 159.141907
v -281.768799 244.713043 170.731857
v -266.676056 266.476746 153.708542
v -279.279816 251.550385 167.228531
v -261.243652 269.479309 147.940521
v -285.077881 231.005661 174.423553
v -275.920197 257.661713 162.870972
v -284.157410 238.535309 172.716385
v -271.733185 262.823883 157.826660
v -282.408356 245.780075 169.944092
v -266.808350 266.846497 152.289398
v -286.201202 224.573883 174.963867
v -285.267365 223.435989 175.000000
v -279.782532 252.490891 166.213211
v -261.275085 269.582947 146.472031
v -285.933716 232.159622 174.100937
v -276.282715 258.428162 161.667114
v -284.905273 239.654587 172.119675
v -271.961517 263.375153 156.480499
v -283.027283 246.812668 169.096222
v -266.917023 267.150269 150.852707
v -287.132812 225.709045 174.855545
v -280.261139 253.386337 165.146774
v -286.779114 233.299484 173.708206
v -276.619507 259.140320 160.423080
v -285.635986 240.748169 171.457642
v -272.164337 263.864746 155.106689
v -283.624054 247.808334 168.190308
v -267.001831 267.387299 149.401917
v -288.059906 226.838715 174.675293
v -280.714539 254.234558 164.031799
v -287.612000 234.422485 173.246323
v -276.929840 259.796417 159.141907
v -286.347778 241.813431 170.731857
v -272.341095 264.291473 153.708542
v -284.197266 248.764679 167.228531
v -267.062561 267.557007 147.940521
v -288.980286 227.960205 174.423553
v -281.141571 255.033493 162.870972
v -288.430359 235.525940 172.716385
v -277.212891 260.394867 157.826660
v -287.038910 242.847809 169.944092
v -272.491364 264.654327 152.289398
v -289.786652 221.481064 174.963867
v -288.798096 220.390350 175.000000
v -284.745514 249.679382 166.213211
v -267.099060 267.658997 146.472031
v -289.891724 229.070786 174.100937
v -281.541260 255.781235 161.667114
v -289.232269 236.607178 172.119675
v -277.468018 260.934296 156.480499
v -287.707764 243.848785 169.096222
v -272.614838 264.952393 150.852707
v -290.772827 222.569138 174.855545
v -285.267517 250.550262 165.146774
v -290.791992 230.167786 173.708206
v -281.912598 256.475983 160.423080
v -290.015747 237.663605 171.457642
v -277.694580 261.413361 155.106689
v -288.352661 244.813980 168.190308
v -272.711182 265.184967 149.401917
v -291.754242 223.651962 174.675293
v -285.761963 251.375214 164.031799
v -291.678986 231.248581 173.246323
v -282.254730 257.116058 159.141907
v -290.778961 238.692657 170.731857
v -277.892090 261.830902 153.708542
v -288.972107 245.741043 167.228531
v -272.780151 265.351471 147.940521
v -292.728546 224.726929 174.423553
v -286.227692 252.152237 162.870972
v -292.550507 232.310547 172.716385
v -282.566803 257.699951 157.826660
v -291.520020 239.691864 169.944092
v -278.059998 262.185913 152.289398
v -293.216034 218.216034 174.963867
v -292.175140 217.175140 175.000000
v -289.564606 246.627747 166.213211
v -272.821594 265.451569 146.472031
v -293.693359 225.791443 174.100937
v -286.663574 252.879471 161.667114
v -293.404510 233.351135 172.119675
v -282.848114 258.226196 156.480499
v -292.237152 240.658813 169.096222
v -278.197937 262.477570 150.852707
v -294.254395 219.254395 174.855545
v -290.128693 247.471970 165.146774
v -294.646393 226.842957 173.708206
v -287.068573 253.555176 160.423080
v -294.238892 234.367828 171.457642
v -283.097900 258.693542 155.106689
v -292.928650 241.591202 168.190308
v -278.305573 262.705139 149.401917
v -295.287781 220.287766 174.675293
v -290.663025 248.271652 164.031799
v -295.585358 227.878922 173.246323
v -287.441711 254.177689 159.141907
v -295.051666 235.358200 170.731857
v -283.315643 259.100891 153.708542
v -293.592865 242.486755 167.228531
v -278.382629 262.868073 147.940521
v -296.313629 221.313629 174.423553
v -291.166321 249.024887 162.870972
v -296.507935 228.896851 172.716385
v -287.782074 254.745544 157.826660
v -295.840851 236.319839 169.944092
v -283.500763 259.447266 152.289398
v -296.481049 214.786652 174.963867
v -295.390350 213.798096 175.000000
v -294.228119 243.343323 166.213211
v -278.428925 262.966003 146.472031
v -297.329529 222.329529 174.100937
v -291.637360 249.729858 161.667114
v -297.411957 229.894287 172.119675
v -288.088837 255.257355 156.480499
v -296.604584 237.250443 169.096222
v -283.652863 259.731781 150.852707
v -297.569122 215.772827 174.855545
v -294.832947 244.158844 165.146774
v -298.333008 223.333008 173.708206
v -292.075012 250.384872 160.423080
v -298.295227 230.868820 171.457642
v -288.361267 255.711899 155.106689
v -297.341003 238.147766 168.190308
v -283.771515 259.953796 149.401917
v -298.651947 216.754242 174.675293
v -295.405884 244.931351 164.031799
v -299.321655 224.321655 173.246323
v -292.478241 250.988342 159.141907
v -299.155609 231.818100 170.731857
v -288.598724 256.108063 153.708542
v -298.048340 239.009659 167.228531
v -283.856506 260.112762 147.940521
v -299.726929 217.728546 174.423553
v -295.945526 245.658981 162.870972
v -300.293091 225.293091 172.716385
v -292.846069 251.538803 157.826660
v -299.991058 232.739868 169.944092
v -288.800629 256.444916 152.289398
v -299.573883 211.201202 174.963867
v -298.436005 210.267365 175.000000
v -298.724884 239.834015 166.213211
v -283.907562 260.208282 146.472031
v -300.791443 218.693359 174.100937
v -296.450623 246.339996 161.667114
v -301.244965 226.244965 172.119675
v -293.177582 252.034943 156.480499
v -300.799530 233.631882 169.096222
v -288.966492 256.721649 150.852707
v -300.709045 212.132797 174.855545
v -299.368988 240.618881 165.146774
v -301.842957 219.646393 173.708206
v -296.919891 246.972733 160.423080
v -302.174988 227.174973 171.457642
v -293.471985 252.475571 155.106689
v -301.579071 234.491989 168.190308
v -289.095917 256.937561 149.401917
v -301.838715 213.059906 174.675293
v -299.979126 241.362350 164.031799
v -302.878937 220.585342 173.246323
v -297.352234 247.555695 159.141907
v -303.080902 228.080917 170.731857
v -293.728607 252.859619 153.708542
v -302.327850 235.318130 167.228531
v -289.188568 257.092163 147.940521
v -302.960205 213.980286 174.423553
v -300.553833 242.062622 162.870972
v -303.896851 221.507935 172.716385
v -297.746613 248.087448 157.826660
v -303.960571 228.960571 169.944092
v -293.946777 253.186157 152.289398
v -302.487061 207.468323 174.963867
v -301.304718 206.591431 175.000000
v -303.044006 236.108307 166.213211
v -289.244263 257.185089 146.472031
v -304.070770 214.891708 174.100937
v -301.091736 242.718033 161.667114
v -304.894287 222.411957 172.119675
v -298.102051 248.566727 156.480499
v -304.811829 229.811829 169.096222
v -294.126038 253.454407 150.852707
v -303.666565 208.343094 174.855545
v -303.725861 236.860611 165.146774
v -305.167786 215.792007 173.708206
v -301.591492 243.326996 160.423080
v -305.868805 223.295227 171.457642
v -298.417755 248.992371 155.106689
v -305.632660 230.632660 168.190308
v -294.265869 253.663727 149.401917
v -304.840363 209.213654 174.675293
v -304.371765 237.573242 164.031799
v -306.248566 216.678986 173.246323
v -302.051910 243.888031 159.141907
v -306.818115 224.155609 170.731857
v -298.692902 249.363373 153.708542
v -306.421051 231.421066 167.228531
v -294.366028 253.813583 147.940521
v -306.005646 210.077896 174.423553
v -304.980133 238.244476 162.870972
v -307.310547 217.550522 172.716385
v -302.471893 244.399796 157.826660
v -307.739868 224.991043 169.944092
v -298.926849 249.678802 152.289398
v -305.213562 203.596985 174.963867
v -303.989624 202.779175 175.000000
v -307.175140 232.175140 166.213211
v -294.426208 253.903656 146.472031
v -307.159607 210.933731 174.100937
v -305.549530 238.872711 161.667114
v -308.351135 218.404510 172.119675
v -302.850464 244.861053 156.480499
v -308.631866 225.799515 169.096222
v -299.119019 249.937943 150.852707
v -306.434570 204.412842 174.855545
v -307.893097 232.893097 165.146774
v -308.299469 211.779099 173.708206
v -306.078552 239.456406 160.423080
v -309.367828 219.238892 171.457642
v -303.186646 245.270691 155.106689
v -309.492004 226.579071 168.190308
v -299.268982 250.140137 149.401917
v -307.649658 205.224747 174.675293
v -308.573181 233.573166 164.031799
v -309.422485 212.611984 173.246323
v -306.565979 239.994171 159.141907
v -310.358185 220.051666 170.731857
v -303.479645 245.627747 153.708542
v -310.318115 227.327850 167.228531
v -299.376373 250.284912 147.940521
v -308.855957 206.030762 174.423553
v -309.213745 234.213745 162.870972
v -310.525940 213.430359 172.716385
v -307.010559 240.484711 157.826660
v -311.319855 220.840866 169.944092
v -303.728790 245.931320 152.289398
v -307.746826 199.596542 174.963867
v -306.484222 198.839767 175.000000
v -311.108307 228.044022 166.213211
v -299.440887 250.371918 146.472031
v -310.050537 206.828949 174.100937
v -309.813293 234.813278 161.667114
v -311.607178 214.232269 172.119675
v -307.411285 240.926849 156.480499
v -312.250458 221.604584 169.096222
v -303.933472 246.180710 150.852707
v -309.006378 200.351486 174.855545
v -311.860626 228.725876 165.146774
v -311.230499 207.617371 173.708206
v -310.370331 235.370316 160.423080
v -312.663605 215.015762 171.457642
v -307.767181 241.319504 155.106689
v -313.147766 222.341003 168.190308
v -304.093170 246.375305 149.401917
v -310.259857 201.102798 174.675293
v -312.573242 229.371765 164.031799
v -312.393036 208.394150 173.246323
v -310.883514 235.883514 159.141907
v -313.692657 215.778946 170.731857
v -308.077362 241.661743 153.708542
v -314.009644 223.048340 167.228531
v -304.207520 246.514633 147.940521
v -311.504242 201.848648 174.423553
v -313.244476 229.980133 162.870972
v -313.535309 209.157394 172.716385
v -311.351654 236.351654 157.826660
v -314.691864 216.520020 169.944092
v -308.341095 241.952728 152.289398
v -310.080750 195.476593 174.963867
v -308.782532 194.782684 175.000000
v -314.834015 223.724869 166.213211
v -304.276245 246.598373 146.472031
v -312.736542 202.587265 174.100937
v -313.872711 230.549530 161.667114
v -314.654572 209.905273 172.119675
v -311.773590 236.773590 156.480499
v -315.658813 217.237167 169.096222
v -308.557770 242.191772 150.852707
v -311.375824 196.168839 174.855545
v -315.618896 224.368988 165.146774
v -313.953796 203.316849 173.708206
v -314.456421 231.078568 160.423080
v -315.748169 210.635986 171.457642
v -312.148315 237.148315 155.106689
v -316.591187 217.928665 168.190308
v -308.726807 242.378296 149.401917
v -312.664673 196.857742 174.675293
v -316.362335 224.979141 164.031799
v -315.153015 204.035645 173.246323
v -314.994171 231.565964 159.141907
v -316.813446 211.347778 170.731857
v -312.474915 237.474915 153.708542
v -317.486755 218.592850 167.228531
v -308.847870 242.511856 147.940521
v -313.944153 197.541641 174.423553
v -317.062622 225.553848 162.870972
v -316.331360 204.741913 172.716385
v -315.484711 232.010559 157.826660
v -317.847809 212.038925 169.944092
v -312.752625 237.752609 152.289398
v -312.209686 191.247101 174.963867
v -310.878998 190.617737 175.000000
v -318.343323 219.228119 166.213211
v -308.920593 242.592117 146.472031
v -315.211212 198.218887 174.100937
v -317.718048 226.091721 161.667114
v -317.485992 205.433975 172.119675
v -315.926849 232.411285 156.480499
v -318.848785 212.707764 169.096222
v -312.980743 237.980743 150.852707
v -313.537170 191.874969 174.855545
v -319.158844 219.832962 165.146774
v -316.462769 198.887863 173.708206
v -318.326996 226.591476 160.423080
v -318.614136 206.110153 171.457642
v -316.319489 232.767166 155.106689
v -319.813965 213.352676 168.190308
v -313.158752 238.158752 149.401917
v -314.858276 192.499802 174.675293
v -319.931335 220.405884 164.031799
v -317.695831 199.546951 173.246323
v -318.888031 227.051910 159.141907
v -319.713043 206.768814 170.731857
v -316.661743 233.077362 153.708542
v -320.741028 213.972122 167.228531
v -313.286194 238.286194 147.940521
v -316.169769 193.120087 174.423553
v -320.658997 220.945541 162.870972
v -318.907410 200.194565 172.716385
v -319.399780 227.471909 157.826660
v -320.780060 207.408371 169.944092
v -316.952728 233.341095 152.289398
v -314.128540 186.918243 174.963867
v -312.768555 186.354919 175.000000
v -314.446686 182.004532 175.000000
v -321.627747 214.564590 166.213211
v -313.362793 238.362793 146.472031
v -317.468536 193.734360 174.100937
v -321.339996 221.450607 161.667114
v -320.094604 200.829132 172.119675
v -319.861053 227.850449 156.480499
v -321.812683 208.027283 169.096222
v -317.191772 233.557755 150.852707
v -315.485229 187.480209 174.855545
v -322.471954 215.128677 165.146774
v -318.751404 194.341110 173.708206
v -321.972748 221.919891 160.423080
v -321.254578 201.449142 171.457642
v -320.270691 228.186646 155.106689
v -322.808350 208.624054 168.190308
v -317.378296 233.726807 149.401917
v -316.835388 188.039459 174.675293
v -323.271667 215.663025 164.031799
v -320.015320 194.938904 173.246323
v -322.555695 222.352234 159.141907
v -322.384460 202.053085 170.731857
v -320.627747 228.479660 153.708542
v -323.764679 209.197266 167.228531
v -317.511841 233.847855 147.940521
v -318.175751 188.594666 174.423553
v -324.024902 216.166321 162.870972
v -321.257233 195.526276 172.716385
v -323.087433 222.746613 157.826660
v -323.481598 202.639511 169.944092
v -320.931335 228.728806 152.289398
v -315.832672 182.500443 174.963867
v -324.679382 209.745529 166.213211
v -317.592102 233.920609 146.472031
v -319.503082 189.144455 174.100937
v -324.729858 216.637360 161.667114
v -322.474152 196.101837 172.119675
v -323.566711 223.102066 156.480499
v -324.543304 203.207016 169.096222
v -321.180725 228.933472 150.852707
v -317.215302 182.995163 174.855545
v -325.550262 210.267517 165.146774
v -320.814209 189.687546 173.708206
v -325.384857 217.075027 160.423080
v -323.663116 196.664169 171.457642
v -323.992371 223.417755 155.106689
v -325.567078 203.754211 168.190308
v -321.375305 229.093170 149.401917
v -318.591278 183.487503 174.675293
v -326.375214 210.761963 164.031799
v -322.105927 190.222595 173.246323
v -325.988342 217.478241 159.141907
v -324.821289 197.211945 170.731857
v -324.363373 223.692902 153.708542
v -326.550385 204.279816 167.228531
v -321.514648 229.207520 147.940521
v -319.957275 183.976257 174.423553
v -327.152252 211.227692 162.870972
v -323.375153 190.748322 172.716385
v -326.538788 217.846054 157.826660
v -325.945862 197.743835 169.944092
v -324.678802 223.926849 152.289398
v -317.317963 178.004349 174.963867
v -315.909332 177.577042 175.000000
v -327.490906 204.782532 166.213211
v -321.598358 229.276230 146.472031
v -321.309998 184.460266 174.100937
v -327.879486 211.663589 161.667114
v -324.618835 191.263474 172.119675
v -327.034943 218.177567 156.480499
v -327.034149 198.258560 169.096222
v -324.937927 224.119034 150.852707
v -318.723236 178.430634 174.855545
v -328.386322 205.261154 165.146774
v -322.646149 184.938354 173.708206
v -328.555176 212.068573 160.423080
v -325.833984 191.766800 171.457642
v -327.475586 218.471985 155.106689
v -328.083527 198.754883 168.190308
v -325.140137 224.268982 149.401917
v -320.121704 178.854858 174.675293
v -329.234558 205.714523 164.031799
v -323.962585 185.409378 173.246323
v -329.177704 212.441711 159.141907
v -327.017639 192.257080 170.731857
v -327.859619 218.728592 153.708542
v -329.091461 199.231583 167.228531
v -325.284912 224.376358 147.940521
v -321.510040 179.276001 174.423553
v -330.033508 206.141571 162.870972
v -325.256073 185.872208 172.716385
v -329.745544 212.782059 157.826660
v -328.166962 192.733154 169.944092
v -328.186157 218.946793 152.289398
v -318.580872 173.440796 174.963867
v -317.152954 173.083115 175.000000
v -330.055481 199.687546 166.213211
v -325.371918 224.440887 146.472031
v -322.884857 179.693054 174.100937
v -330.781250 206.541245 161.667114
v -326.523560 186.325699 172.119675
v -330.257355 213.088837 156.480499
v -329.279175 193.193848 169.096222
v -328.454407 219.126022 150.852707
v -320.005371 173.797607 174.855545
v -330.973328 200.121658 165.146774
v -324.242889 180.104996 173.708206
v -331.475983 206.912598 160.423080
v -327.761902 186.768799 171.457642
v -330.711884 213.361267 155.106689
v -330.351654 193.638077 168.190308
v -328.663727 219.265884 149.401917
v -321.422974 174.152695 174.675293
v -331.842773 200.532867 164.031799
v -325.580841 180.510864 173.246323
v -332.116089 207.254730 159.141907
v -328.968201 187.200409 170.731857
v -331.108063 213.598724 153.708542
v -331.381744 194.064758 167.228531
v -328.813599 219.366028 147.940521
v -322.830292 174.505203 174.423553
v -332.661713 200.920197 162.870972
v -326.895477 180.909653 172.716385
v -332.699951 207.566818 157.826660
v -330.139496 187.619522 169.944092
v -331.444916 213.800629 152.289398
v -319.618347 168.820755 174.963867
v -318.174591 168.533585 175.000000
v -318.971771 163.939392 175.000000
v -332.367004 194.472870 166.213211
v -328.903656 219.426208 146.472031
v -324.223907 174.854294 174.100937
v -333.428162 201.282700 161.667114
v -328.183685 181.300430 172.119675
v -333.226196 207.848099 156.480499
v -331.273010 188.025085 169.096222
v -331.721649 213.966492 150.852707
v -321.058624 169.107254 174.855545
v -333.305054 194.861420 165.146774
v -325.600525 175.199127 173.708206
v -334.140320 201.619522 160.423080
v -329.442291 181.682220 171.457642
v -333.693542 208.097916 155.106689
v -332.365967 188.416153 168.190308
v -331.937561 214.095917 149.401917
v -322.491943 169.392349 174.675293
v -334.193604 195.229477 164.031799
v -326.956787 175.538849 173.246323
v -334.796417 201.929825 159.141907
v -330.668304 182.054123 170.731857
v -334.100891 208.315643 153.708542
v -333.415771 188.791779 167.228531
v -332.092163 214.188583 147.940521
v -323.914856 169.675385 174.423553
v -335.030579 195.576157 162.870972
v -328.289429 175.872650 172.716385
v -335.394867 202.212891 157.826660
v -331.858765 182.415253 169.944092
v -334.447266 208.500778 152.289398
v -320.427856 164.155380 174.963867
v -334.419861 189.151047 166.213211
v -332.185089 214.244263 146.472031
v -325.323944 169.955673 174.100937
v -335.813873 195.900620 161.667114
v -329.595215 176.199738 172.119675
v -335.934296 202.468018 156.480499
v -333.010803 182.764709 169.096222
v -334.731781 208.652863 150.852707
v -321.880463 164.370865 174.855545
v -335.375824 189.493103 165.146774
v -326.715820 170.232529 173.708206
v -336.541687 196.202087 160.423080
v -330.871063 176.519318 171.457642
v -336.413361 202.694595 155.106689
v -334.121613 183.101685 168.190308
v -334.953796 208.771530 149.401917
v -323.326050 164.585297 174.675293
v -336.281403 189.817123 164.031799
v -328.087097 170.505295 173.246323
v -337.212219 196.479828 159.141907
v -332.113831 176.830627 170.731857
v -336.830902 202.892075 153.708542
v -335.188599 183.425339 167.228531
v -335.112762 208.856491 147.940521
v -324.761139 164.798172 174.423553
v -337.134338 190.122314 162.870972
v -329.434509 170.773315 172.716385
v -337.823883 196.733185 157.826660
v -333.320587 177.132889 169.944092
v -337.185913 203.059982 152.289398
v -321.007477 159.455917 174.963867
v -319.542542 159.311630 175.000000
v -336.209106 183.734909 166.213211
v -335.208282 208.907562 146.472031
v -326.182281 165.008972 174.100937
v -337.932648 190.407944 161.667114
v -330.754791 171.035934 172.119675
v -338.375153 196.961533 156.480499
v -334.488373 177.425415 169.096222
v -337.477570 203.197922 150.852707
v -322.468903 159.599854 174.855545
v -337.180725 184.029648 165.146774
v -327.586060 165.217209 173.708206
v -338.674377 190.673340 160.423080
v -332.044769 171.292526 171.457642
v -338.864746 197.164322 155.106689
v -335.614410 177.707474 168.190308
v -337.705139 203.305557 149.401917
v -323.923279 159.743088 174.675293
v -338.101074 184.308838 164.031799
v -328.969086 165.422348 173.246323
v -339.357727 190.917847 159.141907
v -333.301331 171.542480 170.731857
v -339.291473 197.341080 153.708542
v -336.695953 177.978378 167.228531
v -337.868073 203.382629 147.940521
v -325.367065 159.885300 174.423553
v -338.967987 184.571808 162.870972
v -330.328003 165.623932 172.716385
v -339.981049 191.140884 157.826660
v -334.521454 171.785172 169.944092
v -339.654327 197.491379 152.289398
v -321.355835 154.733658 174.963867
v -319.885559 154.661423 175.000000
v -320.000000 150.000000 175.000000
v -321.472015 150.000000 174.963867
v -337.730438 178.237503 166.213211
v -337.966003 203.428940 146.472031
v -326.796844 160.026108 174.100937
v -339.779327 184.817932 161.667114
v -331.659607 165.821457 172.119675
v -340.542877 191.341904 156.480499
v -335.702209 172.020035 169.096222
v -339.952393 197.614838 150.852707
v -322.822540 154.805710 174.855545
v -322.940521 150.000000 174.855545
v -338.715332 178.484207 165.146774
v -328.209167 160.165222 173.708206
v -340.533173 185.046616 160.423080
v -332.960602 166.014450 171.457642
v -341.041840 191.520432 155.106689
v -336.840698 172.246506 168.190308
v -340.184967 197.711166 149.401917
v -324.282166 154.877426 174.675293
v -324.401917 150.000000 174.675293
v -339.648285 178.717911 164.031799
v -329.600586 160.302261 173.246323
v -341.227722 185.257294 159.141907
v -334.227905 166.202438 170.731857
v -341.476746 191.676041 153.708542
v -337.934265 172.464020 167.228531
v -340.351471 197.780151 147.940521
v -325.731232 154.948608 174.423553
v -325.852722 150.000000 174.423553
v -340.527069 178.938019 162.870972
v -330.967773 160.436920 172.716385
v -341.861237 185.449478 157.826660
v -335.458466 166.384964 169.944092
v -341.846497 191.808350 152.289398
v -338.980194 172.672073 166.213211
v -340.451569 197.821594 146.472031
v -327.166199 155.019104 174.100937
v -327.289398 150.000000 174.100937
v -341.349518 179.144043 161.667114
v -332.307434 160.568863 172.119675
v -342.432251 185.622681 156.480499
v -336.649323 166.561615 169.096222
v -342.150269 191.917038 150.852707
v -339.976013 172.870148 165.146774
v -328.583618 155.088730 173.708206
v -328.708527 150.000000 173.708206
v -342.113678 179.335449 160.423080
v -333.616364 160.697784 171.457642
v -342.939362 185.776520 155.106689
v -337.797577 166.731934 168.190308
v -342.387299 192.001846 149.401917
v -340.919312 173.057785 164.031799
v -329.980103 155.157349 173.246323
v -330.106689 150.000000 173.246323
v -331.480499 150.000000 172.716385
v -342.817719 179.511795 159.141907
v -334.891357 160.823349 170.731857
v -343.381378 185.910599 153.708542
v -338.900482 166.895538 167.228531
v -342.557007 192.062561 147.940521
v -341.807831 173.234528 162.870972
v -331.352234 155.224747 172.716385
v -343.459900 179.672668 157.826660
v -336.129395 160.945297 169.944092
v -343.757202 186.024597 152.289398
v -339.955383 167.052017 166.213211
v -342.658997 192.099060 146.472031
v -342.639404 173.399933 161.667114
v -332.696777 155.290802 172.119675
v -332.826660 150.000000 172.119675
v -344.038727 179.817642 156.480499
v -337.327484 161.063293 169.096222
v -344.065918 186.118256 150.852707
v -340.959717 167.201004 165.146774
v -343.412018 173.553619 160.423080
v -334.010437 155.355347 171.457642
v -334.141907 150.000000 171.457642
v -344.552795 179.946411 155.106689
v -338.482697 161.177078 168.190308
v -344.306824 186.191330 149.401917
v -341.911072 167.342117 164.031799
v -344.123871 173.695206 159.141907
v -335.290070 155.418198 170.731857
v -335.423096 150.000000 170.731857
v -336.667114 150.000000 169.944092
v -345.000824 180.058640 153.708542
v -339.592316 161.286362 167.228531
v -344.479309 186.243652 147.940521
v -342.807190 167.475052 162.870972
v -344.773193 173.824371 157.826660
v -336.532593 155.479248 169.944092
v -345.381775 180.154068 152.289398
v -340.653595 161.390884 166.213211
v -344.582947 186.275101 146.472031
v -343.645874 167.599457 161.667114
v -345.358429 173.940781 156.480499
v -337.735016 155.538315 169.096222
v -337.870972 150.000000 169.096222
v -339.031799 150.000000 168.190308
v -345.694733 180.232452 150.852707
v -341.664032 161.490402 165.146774
v -344.425110 167.715042 160.423080
v -345.878174 174.044159 155.106689
v -338.894440 155.595276 168.190308
v -345.938934 180.293625 149.401917
v -342.621185 161.584671 164.031799
v -345.143036 167.821533 159.141907
v -346.331177 174.134277 153.708542
v -340.008057 155.649979 167.228531
v -340.146759 150.000000 167.228531
v -341.213196 150.000000 166.213211
v -346.113770 180.337418 147.940521
v -343.522736 161.673477 162.870972
v -345.797913 167.918686 157.826660
v -346.716370 174.210892 152.289398
v -341.073212 155.702316 166.213211
v -346.218842 180.363739 146.472031
v -344.366516 161.756577 161.667114
v -346.388153 168.006241 156.480499
v -347.032806 174.273834 150.852707
v -342.087341 155.752136 165.146774
v -342.228546 150.000000 165.146774
v -343.190308 150.000000 164.031799
v -345.150513 161.833786 160.423080
v -346.912354 168.083984 155.106689
v -347.279694 174.322937 149.401917
v -343.047943 155.799316 164.031799
v -345.872772 161.904938 159.141907
v -347.369263 168.151764 153.708542
v -347.456482 174.358109 147.940521
v -343.952759 155.843781 162.870972
v -344.096222 150.000000 162.870972
v -344.944092 150.000000 161.667114
v -346.531647 161.969818 157.826660
v -347.757721 168.209396 152.289398
v -347.562714 174.379242 146.472031
v -344.799622 155.885376 161.667114
v -345.731873 150.000000 160.423080
v -347.125488 162.028305 156.480499
v -348.076874 168.256729 150.852707
v -345.586426 155.924026 160.423080
v -346.457642 150.000000 159.141907
v -347.652863 162.080246 155.106689
v -348.325867 168.293671 149.401917
v -346.311340 155.959641 159.141907
v -348.112518 162.125519 153.708542
v -348.504181 168.320114 147.940521
v -346.972595 155.992126 157.826660
v -347.119690 150.000000 157.826660
v -347.716400 150.000000 156.480499
v -348.503357 162.164017 152.289398
v -348.611328 168.336014 146.472031
v -347.568573 156.021408 156.480499
v -348.246307 150.000000 155.106689
v -348.824432 162.195648 150.852707
v -348.097870 156.047409 155.106689
v -348.708221 150.000000 153.708542
v -349.074951 162.220322 149.401917
v -348.559204 156.070068 153.708542
v -349.100952 150.000000 152.289398
v -349.254333 162.237976 147.940521
v -348.951447 156.089340 152.289398
v -349.362122 162.248596 146.472031
v -349.273682 156.105179 150.852707
v -349.423553 150.000000 150.852707
v -349.675293 150.000000 149.401917
v -349.525116 156.117523 149.401917
v -349.705139 156.126373 147.940521
v -349.855530 150.000000 147.940521
v -349.813354 156.131683 146.472031
v -349.963867 150.000000 146.472031
v 349.963867 150.000000 146.472031
v 321.472015 150.000000 174.963867
v 321.355835 154.733658 174.963867
v 320.000000 150.000000 175.000000
v 319.885559 154.661423 175.000000
v 322.940521 150.000000 174.855545
v 322.822540 154.805710 174.855545
v 324.401917 150.000000 174.675293
v 324.282166 154.877426 174.675293
v 325.852722 150.000000 174.423553
v 325.731232 154.948608 174.423553
v 321.007477 159.455917 174.963867
v 319.542542 159.311630 175.000000
v 327.289398 150.000000 174.100937
v 327.166199 155.019104 174.100937
v 322.468903 159.599854 174.855545
v 328.708527 150.000000 173.708206
v 328.583618 155.088730 173.708206
v 323.923279 159.743088 174.675293
v 330.106689 150.000000 173.246323
v 329.980103 155.157349 173.246323
v 325.367065 159.885300 174.423553
v 331.480499 150.000000 172.716385
v 331.352234 155.224747 172.716385
v 320.427856 164.155380 174.963867
v 318.971771 163.939392 175.000000
v 318.174591 168.533585 175.000000
v 326.796844 160.026108 174.100937
v 332.826660 150.000000 172.119675
v 332.696777 155.290802 172.119675
v 321.880463 164.370865 174.855545
v 328.209167 160.165222 173.708206
v 334.141907 150.000000 171.457642
v 334.010437 155.355347 171.457642
v 323.326050 164.585297 174.675293
v 329.600586 160.302261 173.246323
v 335.290070 155.418198 170.731857
v 335.423096 150.000000 170.731857
v 324.761139 164.798172 174.423553
v 330.967773 160.436920 172.716385
v 336.667114 150.000000 169.944092
v 336.532593 155.479248 169.944092
v 319.618347 168.820755 174.963867
v 326.182281 165.008972 174.100937
v 332.307434 160.568863 172.119675
v 337.870972 150.000000 169.096222
v 337.735016 155.538315 169.096222
v 321.058624 169.107254 174.855545
v 327.586060 165.217209 173.708206
v 333.616364 160.697784 171.457642
v 339.031799 150.000000 168.190308
v 338.894440 155.595276 168.190308
v 322.491943 169.392349 174.675293
v 328.969086 165.422348 173.246323
v 334.891357 160.823349 170.731857
v 340.146759 150.000000 167.228531
v 340.008057 155.649979 167.228531
v 323.914856 169.675385 174.423553
v 330.328003 165.623932 172.716385
v 336.129395 160.945297 169.944092
v 318.580872 173.440796 174.963867
v 317.152954 173.083115 175.000000
v 341.213196 150.000000 166.213211
v 341.073212 155.702316 166.213211
v 325.323944 169.955673 174.100937
v 331.659607 165.821457 172.119675
v 337.327484 161.063293 169.096222
v 320.005371 173.797607 174.855545
v 342.228546 150.000000 165.146774
v 342.087341 155.752136 165.146774
v 326.715820 170.232529 173.708206
v 332.960602 166.014450 171.457642
v 338.482697 161.177078 168.190308
v 321.422974 174.152695 174.675293
v 343.047943 155.799316 164.031799
v 343.190308 150.000000 164.031799
v 328.087097 170.505295 173.246323
v 334.227905 166.202438 170.731857
v 339.592316 161.286362 167.228531
v 322.830292 174.505203 174.423553
v 344.096222 150.000000 162.870972
v 343.952759 155.843781 162.870972
v 329.434509 170.773315 172.716385
v 335.458466 166.384964 169.944092
v 317.317963 178.004349 174.963867
v 315.909332 177.577042 175.000000
v 340.653595 161.390884 166.213211
v 324.223907 174.854294 174.100937
v 344.944092 150.000000 161.667114
v 344.799622 155.885376 161.667114
v 330.754791 171.035934 172.119675
v 336.649323 166.561615 169.096222
v 318.723236 178.430634 174.855545
v 341.664032 161.490402 165.146774
v 325.600525 175.199127 173.708206
v 345.731873 150.000000 160.423080
v 345.586426 155.924026 160.423080
v 332.044769 171.292526 171.457642
v 337.797577 166.731934 168.190308
v 320.121704 178.854858 174.675293
v 342.621185 161.584671 164.031799
v 326.956787 175.538849 173.246323
v 346.457642 150.000000 159.141907
v 346.311340 155.959641 159.141907
v 333.301331 171.542480 170.731857
v 338.900482 166.895538 167.228531
v 321.510040 179.276001 174.423553
v 343.522736 161.673477 162.870972
v 328.289429 175.872650 172.716385
v 346.972595 155.992126 157.826660
v 347.119690 150.000000 157.826660
v 334.521454 171.785172 169.944092
v 315.832672 182.500443 174.963867
v 314.446686 182.004532 175.000000
v 312.768555 186.354919 175.000000
v 339.955383 167.052017 166.213211
v 322.884857 179.693054 174.100937
v 344.366516 161.756577 161.667114
v 329.595215 176.199738 172.119675
v 347.716400 150.000000 156.480499
v 347.568573 156.021408 156.480499
v 335.702209 172.020035 169.096222
v 317.215302 182.995163 174.855545
v 340.959717 167.201004 165.146774
v 324.242889 180.104996 173.708206
v 345.150513 161.833786 160.423080
v 330.871063 176.519318 171.457642
v 348.246307 150.000000 155.106689
v 348.097870 156.047409 155.106689
v 336.840698 172.246506 168.190308
v 318.591278 183.487503 174.675293
v 341.911072 167.342117 164.031799
v 325.580841 180.510864 173.246323
v 345.872772 161.904938 159.141907
v 332.113831 176.830627 170.731857
v 348.559204 156.070068 153.708542
v 348.708221 150.000000 153.708542
v 337.934265 172.464020 167.228531
v 319.957275 183.976257 174.423553
v 342.807190 167.475052 162.870972
v 326.895477 180.909653 172.716385
v 346.531647 161.969818 157.826660
v 333.320587 177.132889 169.944092
v 348.951447 156.089340 152.289398
v 349.100952 150.000000 152.289398
v 314.128540 186.918243 174.963867
v 338.980194 172.672073 166.213211
v 321.309998 184.460266 174.100937
v 343.645874 167.599457 161.667114
v 328.183685 181.300430 172.119675
v 347.125488 162.028305 156.480499
v 334.488373 177.425415 169.096222
v 349.423553 150.000000 150.852707
v 349.273682 156.105179 150.852707
v 315.485229 187.480209 174.855545
v 339.976013 172.870148 165.146774
v 322.646149 184.938354 173.708206
v 344.425110 167.715042 160.423080
v 329.442291 181.682220 171.457642
v 347.652863 162.080246 155.106689
v 335.614410 177.707474 168.190308
v 349.675293 150.000000 149.401917
v 349.525116 156.117523 149.401917
v 316.835388 188.039459 174.675293
v 340.919312 173.057785 164.031799
v 323.962585 185.409378 173.246323
v 345.143036 167.821533 159.141907
v 330.668304 182.054123 170.731857
v 348.112518 162.125519 153.708542
v 336.695953 177.978378 167.228531
v 349.855530 150.000000 147.940521
v 349.705139 156.126373 147.940521
v 318.175751 188.594666 174.423553
v 341.807831 173.234528 162.870972
v 325.256073 185.872208 172.716385
v 345.797913 167.918686 157.826660
v 331.858765 182.415253 169.944092
v 348.503357 162.164017 152.289398
v 312.209686 191.247101 174.963867
v 310.878998 190.617737 175.000000
v 337.730438 178.237503 166.213211
v 349.813354 156.131683 146.472031
v 319.503082 189.144455 174.100937
v 342.639404 173.399933 161.667114
v 326.523560 186.325699 172.119675
v 346.388153 168.006241 156.480499
v 333.010803 182.764709 169.096222
v 348.824432 162.195648 150.852707
v 313.537170 191.874969 174.855545
v 338.715332 178.484207 165.146774
v 320.814209 189.687546 173.708206
v 343.412018 173.553619 160.423080
v 327.761902 186.768799 171.457642
v 346.912354 168.083984 155.106689
v 334.121613 183.101685 168.190308
v 349.074951 162.220322 149.401917
v 314.858276 192.499802 174.675293
v 339.648285 178.717911 164.031799
v 322.105927 190.222595 173.246323
v 344.123871 173.695206 159.141907
v 328.968201 187.200409 170.731857
v 347.369263 168.151764 153.708542
v 335.188599 183.425339 167.228531
v 349.254333 162.237976 147.940521
v 316.169769 193.120087 174.423553
v 340.527069 178.938019 162.870972
v 323.375153 190.748322 172.716385
v 344.773193 173.824371 157.826660
v 330.139496 187.619522 169.944092
v 347.757721 168.209396 152.289398
v 310.080750 195.476593 174.963867
v 308.782532 194.782684 175.000000
v 336.209106 183.734909 166.213211
v 349.362122 162.248596 146.472031
v 317.468536 193.734360 174.100937
v 341.349518 179.144043 161.667114
v 324.618835 191.263474 172.119675
v 345.358429 173.940781 156.480499
v 331.273010 188.025085 169.096222
v 348.076874 168.256729 150.852707
v 311.375824 196.168839 174.855545
v 337.180725 184.029648 165.146774
v 318.751404 194.341110 173.708206
v 342.113678 179.335449 160.423080
v 325.833984 191.766800 171.457642
v 345.878174 174.044159 155.106689
v 332.365967 188.416153 168.190308
v 348.325867 168.293671 149.401917
v 312.664673 196.857742 174.675293
v 338.101074 184.308838 164.031799
v 320.015320 194.938904 173.246323
v 342.817719 179.511795 159.141907
v 327.017639 192.257080 170.731857
v 346.331177 174.134277 153.708542
v 333.415771 188.791779 167.228531
v 348.504181 168.320114 147.940521
v 313.944153 197.541641 174.423553
v 338.967987 184.571808 162.870972
v 321.257233 195.526276 172.716385
v 343.459900 179.672668 157.826660
v 328.166962 192.733154 169.944092
v 346.716370 174.210892 152.289398
v 307.746826 199.596542 174.963867
v 306.484222 198.839767 175.000000
v 334.419861 189.151047 166.213211
v 348.611328 168.336014 146.472031
v 315.211212 198.218887 174.100937
v 339.779327 184.817932 161.667114
v 322.474152 196.101837 172.119675
v 344.038727 179.817642 156.480499
v 329.279175 193.193848 169.096222
v 347.032806 174.273834 150.852707
v 309.006378 200.351486 174.855545
v 335.375824 189.493103 165.146774
v 316.462769 198.887863 173.708206
v 340.533173 185.046616 160.423080
v 323.663116 196.664169 171.457642
v 344.552795 179.946411 155.106689
v 330.351654 193.638077 168.190308
v 347.279694 174.322937 149.401917
v 310.259857 201.102798 174.675293
v 336.281403 189.817123 164.031799
v 317.695831 199.546951 173.246323
v 341.227722 185.257294 159.141907
v 324.821289 197.211945 170.731857
v 345.000824 180.058640 153.708542
v 331.381744 194.064758 167.228531
v 347.456482 174.358109 147.940521
v 311.504242 201.848648 174.423553
v 337.134338 190.122314 162.870972
v 318.907410 200.194565 172.716385
v 341.861237 185.449478 157.826660
v 325.945862 197.743835 169.944092
v 345.381775 180.154068 152.289398
v 305.213562 203.596985 174.963867
v 303.989624 202.779175 175.000000
v 332.367004 194.472870 166.213211
v 347.562714 174.379242 146.472031
v 312.736542 202.587265 174.100937
v 337.932648 190.407944 161.667114
v 320.094604 200.829132 172.119675
v 342.432251 185.622681 156.480499
v 327.034149 198.258560 169.096222
v 345.694733 180.232452 150.852707
v 306.434570 204.412842 174.855545
v 333.305054 194.861420 165.146774
v 313.953796 203.316849 173.708206
v 338.674377 190.673340 160.423080
v 321.254578 201.449142 171.457642
v 342.939362 185.776520 155.106689
v 328.083527 198.754883 168.190308
v 345.938934 180.293625 149.401917
v 307.649658 205.224747 174.675293
v 334.193604 195.229477 164.031799
v 315.153015 204.035645 173.246323
v 339.357727 190.917847 159.141907
v 322.384460 202.053085 170.731857
v 343.381378 185.910599 153.708542
v 329.091461 199.231583 167.228531
v 346.113770 180.337418 147.940521
v 308.855957 206.030762 174.423553
v 335.030579 195.576157 162.870972
v 316.331360 204.741913 172.716385
v 339.981049 191.140884 157.826660
v 323.481598 202.639511 169.944092
v 343.757202 186.024597 152.289398
v 302.487061 207.468323 174.963867
v 301.304718 206.591431 175.000000
v 330.055481 199.687546 166.213211
v 346.218842 180.363739 146.472031
v 310.050537 206.828949 174.100937
v 335.813873 195.900620 161.667114
v 317.485992 205.433975 172.119675
v 340.542877 191.341904 156.480499
v 324.543304 203.207016 169.096222
v 344.065918 186.118256 150.852707
v 303.666565 208.343094 174.855545
v 330.973328 200.121658 165.146774
v 311.230499 207.617371 173.708206
v 336.541687 196.202087 160.423080
v 318.614136 206.110153 171.457642
v 341.041840 191.520432 155.106689
v 325.567078 203.754211 168.190308
v 344.306824 186.191330 149.401917
v 304.840363 209.213654 174.675293
v 331.842773 200.532867 164.031799
v 312.393036 208.394150 173.246323
v 337.212219 196.479828 159.141907
v 319.713043 206.768814 170.731857
v 341.476746 191.676041 153.708542
v 326.550385 204.279816 167.228531
v 344.479309 186.243652 147.940521
v 306.005646 210.077896 174.423553
v 332.661713 200.920197 162.870972
v 313.535309 209.157394 172.716385
v 337.823883 196.733185 157.826660
v 320.780060 207.408371 169.944092
v 341.846497 191.808350 152.289398
v 299.573883 211.201202 174.963867
v 298.436005 210.267365 175.000000
v 327.490906 204.782532 166.213211
v 344.582947 186.275101 146.472031
v 307.159607 210.933731 174.100937
v 333.428162 201.282700 161.667114
v 314.654572 209.905273 172.119675
v 338.375153 196.961533 156.480499
v 321.812683 208.027283 169.096222
v 342.150269 191.917038 150.852707
v 300.709045 212.132797 174.855545
v 328.386322 205.261154 165.146774
v 308.299469 211.779099 173.708206
v 334.140320 201.619522 160.423080
v 315.748169 210.635986 171.457642
v 338.864746 197.164322 155.106689
v 322.808350 208.624054 168.190308
v 342.387299 192.001846 149.401917
v 301.838715 213.059906 174.675293
v 329.234558 205.714523 164.031799
v 309.422485 212.611984 173.246323
v 334.796417 201.929825 159.141907
v 316.813446 211.347778 170.731857
v 339.291473 197.341080 153.708542
v 323.764679 209.197266 167.228531
v 342.557007 192.062561 147.940521
v 302.960205 213.980286 174.423553
v 330.033508 206.141571 162.870972
v 310.525940 213.430359 172.716385
v 335.394867 202.212891 157.826660
v 317.847809 212.038925 169.944092
v 339.654327 197.491379 152.289398
v 296.481049 214.786652 174.963867
v 295.390350 213.798096 175.000000
v 324.679382 209.745529 166.213211
v 342.658997 192.099060 146.472031
v 304.070770 214.891708 174.100937
v 330.781250 206.541245 161.667114
v 311.607178 214.232269 172.119675
v 335.934296 202.468018 156.480499
v 318.848785 212.707764 169.096222
v 339.952393 197.614838 150.852707
v 297.569122 215.772827 174.855545
v 325.550262 210.267517 165.146774
v 305.167786 215.792007 173.708206
v 331.475983 206.912598 160.423080
v 312.663605 215.015762 171.457642
v 336.413361 202.694595 155.106689
v 319.813965 213.352676 168.190308
v 340.184967 197.711166 149.401917
v 298.651947 216.754242 174.675293
v 326.375214 210.761963 164.031799
v 306.248566 216.678986 173.246323
v 332.116089 207.254730 159.141907
v 313.692657 215.778946 170.731857
v 336.830902 202.892075 153.708542
v 320.741028 213.972122 167.228531
v 340.351471 197.780151 147.940521
v 299.726929 217.728546 174.423553
v 327.152252 211.227692 162.870972
v 307.310547 217.550522 172.716385
v 332.699951 207.566818 157.826660
v 314.691864 216.520020 169.944092
v 337.185913 203.059982 152.289398
v 293.216034 218.216034 174.963867
v 292.175140 217.175140 175.000000
v 321.627747 214.564590 166.213211
v 340.451569 197.821594 146.472031
v 300.791443 218.693359 174.100937
v 327.879486 211.663589 161.667114
v 308.351135 218.404510 172.119675
v 333.226196 207.848099 156.480499
v 315.658813 217.237167 169.096222
v 337.477570 203.197922 150.852707
v 294.254395 219.254395 174.855545
v 322.471954 215.128677 165.146774
v 301.842957 219.646393 173.708206
v 328.555176 212.068573 160.423080
v 309.367828 219.238892 171.457642
v 333.693542 208.097916 155.106689
v 316.591187 217.928665 168.190308
v 337.705139 203.305557 149.401917
v 295.287781 220.287766 174.675293
v 323.271667 215.663025 164.031799
v 302.878937 220.585342 173.246323
v 329.177704 212.441711 159.141907
v 310.358185 220.051666 170.731857
v 334.100891 208.315643 153.708542
v 317.486755 218.592850 167.228531
v 337.868073 203.382629 147.940521
v 296.313629 221.313629 174.423553
v 324.024902 216.166321 162.870972
v 303.896851 221.507935 172.716385
v 329.745544 212.782059 157.826660
v 311.319855 220.840866 169.944092
v 334.447266 208.500778 152.289398
v 289.786652 221.481064 174.963867
v 288.798096 220.390350 175.000000
v 318.343323 219.228119 166.213211
v 337.966003 203.428940 146.472031
v 297.329529 222.329529 174.100937
v 324.729858 216.637360 161.667114
v 304.894287 222.411957 172.119675
v 330.257355 213.088837 156.480499
v 312.250458 221.604584 169.096222
v 334.731781 208.652863 150.852707
v 290.772827 222.569138 174.855545
v 319.158844 219.832962 165.146774
v 298.333008 223.333008 173.708206
v 325.384857 217.075027 160.423080
v 305.868805 223.295227 171.457642
v 330.711884 213.361267 155.106689
v 313.147766 222.341003 168.190308
v 334.953796 208.771530 149.401917
v 291.754242 223.651962 174.675293
v 319.931335 220.405884 164.031799
v 299.321655 224.321655 173.246323
v 325.988342 217.478241 159.141907
v 306.818115 224.155609 170.731857
v 331.108063 213.598724 153.708542
v 314.009644 223.048340 167.228531
v 335.112762 208.856491 147.940521
v 292.728546 224.726929 174.423553
v 320.658997 220.945541 162.870972
v 300.293091 225.293091 172.716385
v 326.538788 217.846054 157.826660
v 307.739868 224.991043 169.944092
v 331.444916 213.800629 152.289398
v 286.201202 224.573883 174.963867
v 285.267365 223.435989 175.000000
v 314.834015 223.724869 166.213211
v 335.208282 208.907562 146.472031
v 293.693359 225.791443 174.100937
v 321.339996 221.450607 161.667114
v 301.244965 226.244965 172.119675
v 327.034943 218.177567 156.480499
v 308.631866 225.799515 169.096222
v 331.721649 213.966492 150.852707
v 287.132812 225.709045 174.855545
v 315.618896 224.368988 165.146774
v 294.646393 226.842957 173.708206
v 321.972748 221.919891 160.423080
v 302.174988 227.174973 171.457642
v 327.475586 218.471985 155.106689
v 309.492004 226.579071 168.190308
v 331.937561 214.095917 149.401917
v 288.059906 226.838715 174.675293
v 316.362335 224.979141 164.031799
v 295.585358 227.878922 173.246323
v 322.555695 222.352234 159.141907
v 303.080902 228.080917 170.731857
v 327.859619 218.728592 153.708542
v 310.318115 227.327850 167.228531
v 332.092163 214.188583 147.940521
v 288.980286 227.960205 174.423553
v 317.062622 225.553848 162.870972
v 296.507935 228.896851 172.716385
v 323.087433 222.746613 157.826660
v 303.960571 228.960571 169.944092
v 328.186157 218.946793 152.289398
v 282.468323 227.487061 174.963867
v 281.591431 226.304718 175.000000
v 311.108307 228.044022 166.213211
v 332.185089 214.244263 146.472031
v 289.891724 229.070786 174.100937
v 317.718048 226.091721 161.667114
v 297.411957 229.894287 172.119675
v 323.566711 223.102066 156.480499
v 304.811829 229.811829 169.096222
v 328.454407 219.126022 150.852707
v 283.343109 228.666565 174.855545
v 311.860626 228.725876 165.146774
v 290.791992 230.167786 173.708206
v 318.326996 226.591476 160.423080
v 298.295227 230.868820 171.457642
v 323.992371 223.417755 155.106689
v 305.632660 230.632660 168.190308
v 328.663727 219.265884 149.401917
v 284.213654 229.840363 174.675293
v 312.573242 229.371765 164.031799
v 291.678986 231.248581 173.246323
v 318.888031 227.051910 159.141907
v 299.155609 231.818100 170.731857
v 324.363373 223.692902 153.708542
v 306.421051 231.421066 167.228531
v 328.813599 219.366028 147.940521
v 285.077881 231.005661 174.423553
v 313.244476 229.980133 162.870972
v 292.550507 232.310547 172.716385
v 319.399780 227.471909 157.826660
v 299.991058 232.739868 169.944092
v 324.678802 223.926849 152.289398
v 278.596985 230.213562 174.963867
v 277.779175 228.989609 175.000000
v 307.175140 232.175140 166.213211
v 328.903656 219.426208 146.472031
v 285.933716 232.159622 174.100937
v 313.872711 230.549530 161.667114
v 293.404510 233.351135 172.119675
v 319.861053 227.850449 156.480499
v 300.799530 233.631882 169.096222
v 324.937927 224.119034 150.852707
v 279.412842 231.434555 174.855545
v 307.893097 232.893097 165.146774
v 286.779114 233.299484 173.708206
v 314.456421 231.078568 160.423080
v 294.238892 234.367828 171.457642
v 320.270691 228.186646 155.106689
v 301.579071 234.491989 168.190308
v 325.140137 224.268982 149.401917
v 280.224731 232.649673 174.675293
v 308.573181 233.573166 164.031799
v 287.612000 234.422485 173.246323
v 314.994171 231.565964 159.141907
v 295.051666 235.358200 170.731857
v 320.627747 228.479660 153.708542
v 302.327850 235.318130 167.228531
v 325.284912 224.376358 147.940521
v 281.030762 233.855957 174.423553
v 309.213745 234.213745 162.870972
v 288.430359 235.525940 172.716385
v 315.484711 232.010559 157.826660
v 295.840851 236.319839 169.944092
v 320.931335 228.728806 152.289398
v 274.596527 232.746826 174.963867
v 273.839752 231.484222 175.000000
v 303.044006 236.108307 166.213211
v 325.371918 224.440887 146.472031
v 281.828949 235.050537 174.100937
v 309.813293 234.813278 161.667114
v 289.232269 236.607178 172.119675
v 315.926849 232.411285 156.480499
v 296.604584 237.250443 169.096222
v 321.180725 228.933472 150.852707
v 275.351501 234.006378 174.855545
v 303.725861 236.860611 165.146774
v 282.617371 236.230499 173.708206
v 310.370331 235.370316 160.423080
v 290.015747 237.663605 171.457642
v 316.319489 232.767166 155.106689
v 297.341003 238.147766 168.190308
v 321.375305 229.093170 149.401917
v 276.102783 235.259872 174.675293
v 304.371765 237.573242 164.031799
v 283.394165 237.393021 173.246323
v 310.883514 235.883514 159.141907
v 290.778961 238.692657 170.731857
v 316.661743 233.077362 153.708542
v 298.048340 239.009659 167.228531
v 321.514648 229.207520 147.940521
v 276.848663 236.504257 174.423553
v 304.980133 238.244476 162.870972
v 284.157410 238.535309 172.716385
v 311.351654 236.351654 157.826660
v 291.520020 239.691864 169.944092
v 316.952728 233.341095 152.289398
v 270.476593 235.080734 174.963867
v 269.782684 233.782516 175.000000
v 298.724884 239.834015 166.213211
v 321.598358 229.276230 146.472031
v 277.587250 237.736557 174.100937
v 305.549530 238.872711 161.667114
v 284.905273 239.654587 172.119675
v 311.773590 236.773590 156.480499
v 292.237152 240.658813 169.096222
v 317.191772 233.557755 150.852707
v 271.168854 236.375824 174.855545
v 299.368988 240.618881 165.146774
v 278.316833 238.953781 173.708206
v 306.078552 239.456406 160.423080
v 285.635986 240.748169 171.457642
v 312.148315 237.148315 155.106689
v 292.928650 241.591202 168.190308
v 317.378296 233.726807 149.401917
v 271.857727 237.664658 174.675293
v 299.979126 241.362350 164.031799
v 279.035645 240.153015 173.246323
v 306.565979 239.994171 159.141907
v 286.347778 241.813431 170.731857
v 312.474915 237.474915 153.708542
v 293.592865 242.486755 167.228531
v 317.511841 233.847855 147.940521
v 272.541626 238.944153 174.423553
v 300.553833 242.062622 162.870972
v 279.741913 241.331375 172.716385
v 307.010559 240.484711 157.826660
v 287.038910 242.847809 169.944092
v 312.752625 237.752609 152.289398
v 266.247101 237.209686 174.963867
v 265.617737 235.878983 175.000000
v 294.228119 243.343323 166.213211
v 317.592102 233.920609 146.472031
v 273.218903 240.211197 174.100937
v 301.091736 242.718033 161.667114
v 280.433990 242.486008 172.119675
v 307.411285 240.926849 156.480499
v 287.707764 243.848785 169.096222
v 312.980743 237.980743 150.852707
v 266.874969 238.537170 174.855545
v 294.832947 244.158844 165.146774
v 273.887878 241.462769 173.708206
v 301.591492 243.326996 160.423080
v 281.110138 243.614136 171.457642
v 307.767181 241.319504 155.106689
v 288.352661 244.813980 168.190308
v 313.158752 238.158752 149.401917
v 267.499786 239.858261 174.675293
v 295.405884 244.931351 164.031799
v 274.546967 242.695831 173.246323
v 302.051910 243.888031 159.141907
v 281.768799 244.713043 170.731857
v 308.077362 241.661743 153.708542
v 288.972107 245.741043 167.228531
v 313.286194 238.286194 147.940521
v 268.120087 241.169769 174.423553
v 295.945526 245.658981 162.870972
v 275.194550 243.907425 172.716385
v 302.471893 244.399796 157.826660
v 282.408356 245.780075 169.944092
v 308.341095 241.952728 152.289398
v 261.918243 239.128540 174.963867
v 261.354919 237.768555 175.000000
v 289.564606 246.627747 166.213211
v 313.362793 238.362793 146.472031
v 268.734344 242.468521 174.100937
v 296.450623 246.339996 161.667114
v 275.829132 245.094620 172.119675
v 302.850464 244.861053 156.480499
v 283.027283 246.812668 169.096222
v 308.557770 242.191772 150.852707
v 262.480225 240.485229 174.855545
v 290.128693 247.471970 165.146774
v 269.341125 243.751404 173.708206
v 296.919891 246.972733 160.423080
v 276.449127 246.254562 171.457642
v 303.186646 245.270691 155.106689
v 283.624054 247.808334 168.190308
v 308.726807 242.378296 149.401917
v 263.039459 241.835388 174.675293
v 290.663025 248.271652 164.031799
v 269.938904 245.015335 173.246323
v 297.352234 247.555695 159.141907
v 277.053070 247.384460 170.731857
v 303.479645 245.627747 153.708542
v 284.197266 248.764679 167.228531
v 308.847870 242.511856 147.940521
v 263.594666 243.175751 174.423553
v 291.166321 249.024887 162.870972
v 270.526276 246.257233 172.716385
v 297.746613 248.087448 157.826660
v 277.639496 248.481598 169.944092
v 303.728790 245.931320 152.289398
v 257.500458 240.832672 174.963867
v 257.004547 239.446686 175.000000
v 284.745514 249.679382 166.213211
v 308.920593 242.592117 146.472031
v 264.144470 244.503082 174.100937
v 291.637360 249.729858 161.667114
v 271.101837 247.474136 172.119675
v 298.102051 248.566727 156.480499
v 278.207001 249.543320 169.096222
v 303.933472 246.180710 150.852707
v 257.995178 242.215317 174.855545
v 285.267517 250.550262 165.146774
v 264.687531 245.814194 173.708206
v 292.075012 250.384872 160.423080
v 271.664185 248.663116 171.457642
v 298.417755 248.992371 155.106689
v 278.754211 250.567062 168.190308
v 304.093170 246.375305 149.401917
v 258.487488 243.591278 174.675293
v 285.761963 251.375214 164.031799
v 265.222595 247.105927 173.246323
v 292.478241 250.988342 159.141907
v 272.211945 249.821289 170.731857
v 298.692902 249.363373 153.708542
v 279.279816 251.550385 167.228531
v 304.207520 246.514633 147.940521
v 258.976257 244.957275 174.423553
v 286.227692 252.152237 162.870972
v 265.748322 248.375153 172.716385
v 292.846069 251.538803 157.826660
v 272.743835 250.945862 169.944092
v 298.926849 249.678802 152.289398
v 253.004349 242.317978 174.963867
v 252.577042 240.909332 175.000000
v 279.782532 252.490891 166.213211
v 304.276245 246.598373 146.472031
v 259.460266 246.309982 174.100937
v 286.663574 252.879471 161.667114
v 266.263489 249.618835 172.119675
v 293.177582 252.034943 156.480499
v 273.258575 252.034149 169.096222
v 299.119019 249.937943 150.852707
v 253.430634 243.723236 174.855545
v 280.261139 253.386337 165.146774
v 259.938354 247.646164 173.708206
v 287.068573 253.555176 160.423080
v 266.766785 250.833969 171.457642
v 293.471985 252.475571 155.106689
v 273.754883 253.083527 168.190308
v 299.268982 250.140137 149.401917
v 253.854858 245.121704 174.675293
v 280.714539 254.234558 164.031799
v 260.409393 248.962585 173.246323
v 287.441711 254.177689 159.141907
v 267.257080 252.017624 170.731857
v 293.728607 252.859619 153.708542
v 274.231598 254.091446 167.228531
v 299.376373 250.284912 147.940521
v 254.276001 246.510025 174.423553
v 281.141571 255.033493 162.870972
v 260.872192 250.256088 172.716385
v 287.782074 254.745544 157.826660
v 267.733154 253.166962 169.944092
v 293.946777 253.186157 152.289398
v 248.440796 243.580887 174.963867
v 248.083115 242.152969 175.000000
v 274.687561 255.055496 166.213211
v 299.440887 250.371918 146.472031
v 254.693054 247.884857 174.100937
v 281.541260 255.781235 161.667114
v 261.325714 251.523544 172.119675
v 288.088837 255.257355 156.480499
v 268.193848 254.279190 169.096222
v 294.126038 253.454407 150.852707
v 248.797607 245.005356 174.855545
v 275.121643 255.973343 165.146774
v 255.104996 249.242889 173.708206
v 281.912598 256.475983 160.423080
v 261.768799 252.761917 171.457642
v 288.361267 255.711899 155.106689
v 268.638092 255.351639 168.190308
v 294.265869 253.663727 149.401917
v 249.152695 246.422958 174.675293
v 275.532867 256.842773 164.031799
v 255.510864 250.580841 173.246323
v 282.254730 257.116058 159.141907
v 262.200409 253.968201 170.731857
v 288.598724 256.108063 153.708542
v 269.064758 256.381744 167.228531
v 294.366028 253.813583 147.940521
v 249.505203 247.830276 174.423553
v 275.920197 257.661713 162.870972
v 255.909653 251.895493 172.716385
v 282.566803 257.699951 157.826660
v 262.619507 255.139496 169.944092
v 288.800629 256.444916 152.289398
v 243.820755 244.618347 174.963867
v 243.533585 243.174606 175.000000
v 269.472870 257.367004 166.213211
v 294.426208 253.903656 146.472031
v 249.854294 249.223923 174.100937
v 276.282715 258.428162 161.667114
v 256.300415 253.183670 172.119675
v 282.848114 258.226196 156.480499
v 263.025085 256.273010 169.096222
v 288.966492 256.721649 150.852707
v 244.107254 246.058609 174.855545
v 269.861420 258.305054 165.146774
v 250.199127 250.600525 173.708206
v 276.619507 259.140320 160.423080
v 256.682220 254.442291 171.457642
v 283.097900 258.693542 155.106689
v 263.416168 257.365967 168.190308
v 289.095917 256.937561 149.401917
v 244.392349 247.491928 174.675293
v 270.229462 259.193604 164.031799
v 250.538849 251.956787 173.246323
v 276.929840 259.796417 159.141907
v 257.054138 255.668304 170.731857
v 283.315643 259.100891 153.708542
v 263.791779 258.415771 167.228531
v 289.188568 257.092163 147.940521
v 244.675385 248.914856 174.423553
v 270.576141 260.030579 162.870972
v 250.872650 253.289413 172.716385
v 277.212891 260.394867 157.826660
v 257.415253 256.858765 169.944092
v 283.500763 259.447266 152.289398
v 239.155380 245.427872 174.963867
v 238.939392 243.971771 175.000000
v 264.151062 259.419861 166.213211
v 289.244263 257.185089 146.472031
v 244.955673 250.323944 174.100937
v 270.900604 260.813873 161.667114
v 251.199738 254.595230 172.119675
v 277.468018 260.934296 156.480499
v 257.764709 258.010803 169.096222
v 283.652863 259.731781 150.852707
v 239.370865 246.880463 174.855545
v 264.493103 260.375824 165.146774
v 245.232529 251.715805 173.708206
v 271.202087 261.541687 160.423080
v 251.519318 255.871063 171.457642
v 277.694580 261.413361 155.106689
v 258.101685 259.121613 168.190308
v 283.771515 259.953796 149.401917
v 239.585297 248.326035 174.675293
v 264.817108 261.281403 164.031799
v 245.505295 253.087097 173.246323
v 271.479828 262.212219 159.141907
v 251.830627 257.113831 170.731857
v 277.892090 261.830902 153.708542
v 258.425354 260.188599 167.228531
v 283.856506 260.112762 147.940521
v 239.798172 249.761139 174.423553
v 265.122314 262.134338 162.870972
v 245.773315 254.434509 172.716385
v 271.733185 262.823883 157.826660
v 252.132889 258.320587 169.944092
v 278.059998 262.185913 152.289398
v 234.455917 246.007492 174.963867
v 234.311630 244.542542 175.000000
v 258.734924 261.209106 166.213211
v 283.907562 260.208282 146.472031
v 240.008972 251.182281 174.100937
v 265.407959 262.932648 161.667114
v 246.035934 255.754791 172.119675
v 271.961517 263.375153 156.480499
v 252.425415 259.488373 169.096222
v 278.197937 262.477570 150.852707
v 234.599854 247.468903 174.855545
v 259.029633 262.180725 165.146774
v 240.217209 252.586060 173.708206
v 265.673340 263.674377 160.423080
v 246.292526 257.044769 171.457642
v 272.164337 263.864746 155.106689
v 252.707474 260.614410 168.190308
v 278.305573 262.705139 149.401917
v 234.743088 248.923264 174.675293
v 259.308838 263.101074 164.031799
v 240.422348 253.969070 173.246323
v 265.917847 264.357727 159.141907
v 246.542480 258.301331 170.731857
v 272.341095 264.291473 153.708542
v 252.978378 261.695953 167.228531
v 278.382629 262.868073 147.940521
v 234.885300 250.367081 174.423553
v 259.571808 263.967987 162.870972
v 240.623932 255.328018 172.716385
v 266.140869 264.981049 157.826660
v 246.785172 259.521454 169.944092
v 272.491364 264.654327 152.289398
v 229.733658 246.355820 174.963867
v 229.661423 244.885574 175.000000
v 253.237503 262.730438 166.213211
v 278.428925 262.966003 146.472031
v 235.026108 251.796860 174.100937
v 259.817932 264.779327 161.667114
v 240.821457 256.659607 172.119675
v 266.341919 265.542877 156.480499
v 247.020035 260.702209 169.096222
v 272.614838 264.952393 150.852707
v 229.805710 247.822540 174.855545
v 253.484207 263.715332 165.146774
v 235.165222 253.209152 173.708206
v 260.046600 265.533173 160.423080
v 241.014450 257.960602 171.457642
v 266.520447 266.041840 155.106689
v 247.246506 261.840698 168.190308
v 272.711182 265.184967 149.401917
v 229.877426 249.282181 174.675293
v 253.717911 264.648285 164.031799
v 235.302261 254.600571 173.246323
v 260.257294 266.227722 159.141907
v 241.202438 259.227905 170.731857
v 266.676056 266.476746 153.708542
v 247.464020 262.934265 167.228531
v 272.780151 265.351471 147.940521
v 229.948608 250.731232 174.423553
v 253.938019 265.527069 162.870972
v 235.436920 255.967773 172.716385
v 260.449463 266.861237 157.826660
v 241.384964 260.458466 169.944092
v 266.808350 266.846497 152.289398
v 247.672073 263.980194 166.213211
v 272.821594 265.451569 146.472031
v 230.019104 252.166199 174.100937
v 254.144043 266.349518 161.667114
v 235.568863 257.307434 172.119675
v 260.622681 267.432251 156.480499
v 241.561615 261.649323 169.096222
v 266.917023 267.150269 150.852707
v 247.870148 264.976013 165.146774
v 230.088730 253.583618 173.708206
v 254.335449 267.113678 160.423080
v 235.697784 258.616364 171.457642
v 260.776520 267.939362 155.106689
v 241.731934 262.797577 168.190308
v 267.001831 267.387299 149.401917
v 248.057785 265.919312 164.031799
v 230.157349 254.980087 173.246323
v 254.511795 267.817719 159.141907
v 235.823349 259.891357 170.731857
v 260.910583 268.381378 153.708542
v 241.895538 263.900482 167.228531
v 267.062561 267.557007 147.940521
v 248.234528 266.807831 162.870972
v 230.224747 256.352234 172.716385
v 254.672668 268.459900 157.826660
v 235.945297 261.129395 169.944092
v 261.024597 268.757202 152.289398
v 242.052017 264.955383 166.213211
v 267.099060 267.658997 146.472031
v 248.399933 267.639404 161.667114
v 230.290802 257.696777 172.119675
v 254.817642 269.038727 156.480499
v 236.063293 262.327484 169.096222
v 261.118256 269.065918 150.852707
v 242.201004 265.959717 165.146774
v 248.553619 268.412018 160.423080
v 230.355347 259.010437 171.457642
v 254.946411 269.552795 155.106689
v 236.177078 263.482697 168.190308
v 261.191315 269.306824 149.401917
v 242.342117 266.911072 164.031799
v 248.695206 269.123871 159.141907
v 230.418198 260.290070 170.731857
v 255.058640 270.000824 153.708542
v 236.286362 264.592316 167.228531
v 261.243652 269.479309 147.940521
v 242.475052 267.807190 162.870972
v 248.824371 269.773193 157.826660
v 230.479248 261.532593 169.944092
v 255.154068 270.381775 152.289398
v 236.390884 265.653595 166.213211
v 261.275085 269.582947 146.472031
v 242.599457 268.645874 161.667114
v 248.940781 270.358429 156.480499
v 230.538315 262.735016 169.096222
v 255.232452 270.694733 150.852707
v 236.490402 266.664032 165.146774
v 242.715042 269.425110 160.423080
v 249.044159 270.878174 155.106689
v 230.595276 263.894440 168.190308
v 255.293625 270.938934 149.401917
v 236.584671 267.621185 164.031799
v 242.821533 270.143036 159.141907
v 249.134277 271.331177 153.708542
v 230.649979 265.008057 167.228531
v 255.337418 271.113770 147.940521
v 236.673477 268.522736 162.870972
v 242.918686 270.797913 157.826660
v 249.210892 271.716370 152.289398
v 230.702316 266.073212 166.213211
v 255.363739 271.218842 146.472031
v 236.756577 269.366516 161.667114
v 243.006241 271.388153 156.480499
v 249.273834 272.032806 150.852707
v 230.752136 267.087341 165.146774
v 236.833786 270.150513 160.423080
v 243.083984 271.912354 155.106689
v 249.322937 272.279694 149.401917
v 230.799316 268.047943 164.031799
v 236.904938 270.872772 159.141907
v 243.151764 272.369263 153.708542
v 249.358109 272.456482 147.940521
v 230.843781 268.952759 162.870972
v 236.969818 271.531647 157.826660
v 243.209396 272.757721 152.289398
v 249.379242 272.562714 146.472031
v 230.885376 269.799622 161.667114
v 237.028305 272.125488 156.480499
v 243.256729 273.076874 150.852707
v 230.924026 270.586426 160.423080
v 237.080246 272.652863 155.106689
v 243.293671 273.325867 149.401917
v 230.959641 271.311340 159.141907
v 237.125519 273.112518 153.708542
v 243.320114 273.504181 147.940521
v 230.992126 271.972595 157.826660
v 237.164017 273.503357 152.289398
v 243.336014 273.611328 146.472031
v 231.021408 272.568573 156.480499
v 237.195648 273.824432 150.852707
v 231.047409 273.097870 155.106689
v 237.220322 274.074951 149.401917
v 231.070068 273.559204 153.708542
v 237.237976 274.254333 147.940521
v 231.089340 273.951447 152.289398
v 237.248596 274.362122 146.472031
v 231.105179 274.273682 150.852707
v 231.117523 274.525116 149.401917
v 231.126373 274.705139 147.940521
v 231.131683 274.813354 146.472031
v 321.626312 -229.299164 -0.000000
v 317.618896 -233.944870 -0.000000
v 313.388336 -238.388351 -0.000000
v 308.944855 -242.618896 -0.000000
v 299.462402 -250.400940 -0.000000
v 304.299164 -246.626312 -0.000000
v 328.933716 -219.446274 -0.000000
v 325.400940 -224.462418 -0.000000
v 289.262848 -257.216064 -0.000000
v 294.446289 -253.933701 -0.000000
v 332.216064 -214.262848 -0.000000
v 340.484955 -197.835434 -0.000000
v 337.998657 -203.444382 -0.000000
v 335.240143 -208.924591 -0.000000
v 267.111237 -267.692993 -0.000000
v 283.924591 -260.240143 -0.000000
v 278.444397 -262.998657 -0.000000
v 272.835419 -265.484955 -0.000000
v 342.692993 -192.111237 -0.000000
v 255.372528 -271.253906 -0.000000
v 261.285583 -269.617554 -0.000000
v 243.341309 -273.647064 -0.000000
v 249.386292 -272.598175 -0.000000
v 348.647064 -168.341309 -0.000000
v 347.598175 -174.386292 -0.000000
v 346.253906 -180.372528 -0.000000
v 344.617554 -186.285583 -0.000000
v 237.252136 -274.398102 -0.000000
v 349.398102 -162.252136 -0.000000
v 225.000000 -275.000000 -0.000000
v 231.133453 -274.849426 -0.000000
v 350.000000 -150.000000 -0.000000
v 349.849426 -156.133453 -0.000000
v 68.738632 -225.000000 -0.000000
v 68.738632 -275.000000 0.000000
v -225.000000 -275.000000 -0.000000
v -68.738632 -225.000000 -0.000000
v -68.738632 -275.000000 -0.000000
v -249.386292 -272.598175 -0.000000
v -231.133453 -274.849426 -0.000000
v -237.252136 -274.398102 -0.000000
v -243.341309 -273.647064 -0.000000
v -255.372528 -271.253906 -0.000000
v -261.285583 -269.617554 -0.000000
v -272.835419 -265.484955 -0.000000
v -267.111237 -267.692993 -0.000000
v -283.924591 -260.240143 -0.000000
v -278.444397 -262.998657 -0.000000
v -289.262848 -257.216064 -0.000000
v -299.462402 -250.400940 -0.000000
v -294.446289 -253.933701 -0.000000
v -304.299164 -246.626312 -0.000000
v -308.944855 -242.618896 -0.000000
v -321.626312 -229.299164 -0.000000
v -313.388336 -238.388351 -0.000000
v -317.618896 -233.944870 -0.000000
v -325.400940 -224.462418 -0.000000
v -332.216064 -214.262848 -0.000000
v -328.933716 -219.446274 -0.000000
v -335.240143 -208.924591 -0.000000
v -342.692993 -192.111237 -0.000000
v -337.998657 -203.444382 -0.000000
v -340.484955 -197.835434 -0.000000
v -344.617554 -186.285583 -0.000000
v -346.253906 -180.372528 -0.000000
v -347.598175 -174.386292 -0.000000
v -349.398102 -162.252136 -0.000000
v -348.647064 -168.341309 -0.000000
v -350.000000 -150.000000 -0.000000
v -349.849426 -156.133453 -0.000000
v -225.000000 -275.000000 145.000000
v -231.133453 -274.849426 145.000000
v -237.252136 -274.398102 145.000000
v -243.341309 -273.647064 145.000000
v -249.386292 -272.598175 145.000000
v -255.372528 -271.253906 145.000000
v -261.285583 -269.617554 145.000000
v -267.111237 -267.692993 145.000000
v -272.835419 -265.484955 145.000000
v -278.444397 -262.998657 145.000000
v -283.924591 -260.240143 145.000000
v -289.262848 -257.216064 145.000000
v -294.446289 -253.933701 145.000000
v -299.462402 -250.400940 145.000000
v -304.299164 -246.626312 145.000000
v -308.944855 -242.618896 145.000000
v -313.388336 -238.388351 145.000000
v -317.618896 -233.944870 145.000000
v -321.626312 -229.299164 145.000000
v -325.400940 -224.462418 145.000000
v -328.933716 -219.446274 145.000000
v -332.216064 -214.262848 145.000000
v -335.240143 -208.924591 145.000000
v -337.998657 -203.444382 145.000000
v -340.484955 -197.835434 145.000000
v -342.692993 -192.111237 145.000000
v -344.617554 -186.285583 145.000000
v -346.253906 -180.372528 145.000000
v -347.598175 -174.386292 145.000000
v -348.647064 -168.341309 145.000000
v -349.398102 -162.252136 145.000000
v -349.849426 -156.133453 145.000000
v -350.000000 -150.000000 145.000000
v 61.596729 -275.000000 108.573395
v 225.000000 -275.000000 145.000000
v 58.616222 -275.000000 111.555977
v 55.491478 -275.000000 114.387077
v 64.425659 -275.000000 105.446686
v 52.230175 -275.000000 117.059738
v 67.096046 -275.000000 102.183525
v 48.840347 -275.000000 119.567383
v 69.601334 -275.000000 98.791954
v 45.330334 -275.000000 121.903831
v 71.935341 -275.000000 95.280312
v 41.708775 -275.000000 124.063339
v 74.092331 -275.000000 91.657249
v 37.984573 -275.000000 126.040596
v 76.066994 -275.000000 87.931679
v 34.166904 -275.000000 127.830734
v 77.854477 -275.000000 84.112762
v 30.265158 -275.000000 129.429337
v 79.450371 -275.000000 80.209908
v 26.288933 -275.000000 130.832489
v 80.850761 -275.000000 76.232712
v 22.248018 -275.000000 132.036728
v 82.052185 -275.000000 72.190956
v 18.152355 -275.000000 133.039093
v 83.051704 -275.000000 68.094597
v 14.012023 -275.000000 133.837128
v 83.846848 -275.000000 63.953712
v 9.837210 -275.000000 134.428848
v 84.435661 -275.000000 59.778488
v 5.638190 -275.000000 134.812805
v 84.816696 -275.000000 55.579201
v 1.425296 -275.000000 134.988052
v 84.989021 -275.000000 51.366188
v 84.952202 -275.000000 47.149811
v 84.706329 -275.000000 42.940445
v 84.252022 -275.000000 38.748455
v 83.590378 -275.000000 34.584152
v 82.723045 -275.000000 30.457783
v 81.652138 -275.000000 26.379503
v 80.380310 -275.000000 22.359348
v 78.910683 -275.000000 18.407213
v 77.246872 -275.000000 14.532819
v 75.392975 -275.000000 10.745703
v 73.353546 -275.000000 7.055183
v 71.133614 -275.000000 3.470342
v -84.060295 -275.000000 62.604256
v -83.331810 -275.000000 66.757385
v -82.398262 -275.000000 70.869286
v -81.261948 -275.000000 74.929825
v -79.925667 -275.000000 78.929016
v -78.392708 -275.000000 82.857018
v -76.666840 -275.000000 86.704170
v -74.752304 -275.000000 90.460999
v -72.653831 -275.000000 94.118263
v -70.376564 -275.000000 97.666962
v -67.926117 -275.000000 101.098366
v -65.308517 -275.000000 104.404022
v -62.530209 -275.000000 107.575798
v -59.598026 -275.000000 110.605896
v -56.519188 -275.000000 113.486862
v -53.301266 -275.000000 116.211594
v -49.952179 -275.000000 118.773392
v -46.480175 -275.000000 121.165955
v -42.893787 -275.000000 123.383400
v -39.201851 -275.000000 125.420258
v -35.413448 -275.000000 127.271523
v -31.537897 -275.000000 128.932632
v -27.584740 -275.000000 130.399521
v -23.563702 -275.000000 131.668549
v -19.484680 -275.000000 132.736618
v -15.357709 -275.000000 133.601074
v -11.192945 -275.000000 134.259827
v -7.000639 -275.000000 134.711227
v -2.791106 -275.000000 134.954163
v -71.076027 -275.000000 3.382427
v -73.247124 -275.000000 6.873923
v -75.246849 -275.000000 10.466321
v -77.070518 -275.000000 14.151216
v -78.713867 -275.000000 17.919985
v -80.173050 -275.000000 21.763811
v -81.444649 -275.000000 25.673702
v -82.525696 -275.000000 29.640509
v -83.413666 -275.000000 33.654949
v -84.106468 -275.000000 37.707630
v -84.602486 -275.000000 41.789074
v -84.900566 -275.000000 45.889729
v -85.000000 -275.000000 50.000000
v -84.895416 -275.000000 54.215240
v -84.581924 -275.000000 58.420109
v 350.000000 -150.000000 145.000000
v 349.849426 -156.133453 145.000000
v 349.398102 -162.252136 145.000000
v 348.647064 -168.341309 145.000000
v 347.598175 -174.386292 145.000000
v 346.253906 -180.372528 145.000000
v 344.617554 -186.285583 145.000000
v 342.692993 -192.111237 145.000000
v 340.484955 -197.835434 145.000000
v 337.998657 -203.444382 145.000000
v 335.240143 -208.924591 145.000000
v 332.216064 -214.262848 145.000000
v 328.933716 -219.446274 145.000000
v 325.400940 -224.462418 145.000000
v 321.626312 -229.299164 145.000000
v 317.618896 -233.944870 145.000000
v 313.388336 -238.388351 145.000000
v 308.944855 -242.618896 145.000000
v 304.299164 -246.626312 145.000000
v 299.462402 -250.400940 145.000000
v 294.446289 -253.933701 145.000000
v 289.262848 -257.216064 145.000000
v 283.924591 -260.240143 145.000000
v 278.444397 -262.998657 145.000000
v 272.835419 -265.484955 145.000000
v 267.111237 -267.692993 145.000000
v 261.285583 -269.617554 145.000000
v 255.372528 -271.253906 145.000000
v 249.386292 -272.598175 145.000000
v 243.341309 -273.647064 145.000000
v 237.252136 -274.398102 145.000000
v 231.133453 -274.849426 145.000000
v -71.076027 -225.000000 3.382427
v -73.247124 -225.000000 6.873923
v -75.246849 -225.000000 10.466321
v -77.070518 -225.000000 14.151216
v -78.713867 -225.000000 17.919985
v -80.173050 -225.000000 21.763811
v -81.444649 -225.000000 25.673702
v -82.525696 -225.000000 29.640509
v -83.413666 -225.000000 33.654949
v -84.106468 -225.000000 37.707630
v -84.602486 -225.000000 41.789074
v -84.900566 -225.000000 45.889729
v -85.000000 -225.000000 50.000000
v -84.895416 -225.000000 54.215240
v -84.581924 -225.000000 58.420109
v -84.060295 -225.000000 62.604256
v -83.331810 -225.000000 66.757385
v -82.398262 -225.000000 70.869286
v -81.261948 -225.000000 74.929825
v -79.925667 -225.000000 78.929016
v -78.392708 -225.000000 82.857018
v -76.666840 -225.000000 86.704170
v -74.752304 -225.000000 90.460999
v -72.653831 -225.000000 94.118263
v -70.376564 -225.000000 97.666962
v -67.926117 -225.000000 101.098366
v -65.308517 -225.000000 104.404022
v -62.530209 -225.000000 107.575798
v -59.598026 -225.000000 110.605896
v -56.519188 -225.000000 113.486862
v -53.301266 -225.000000 116.211594
v -49.952179 -225.000000 118.773392
v -46.480175 -225.000000 121.165955
v -42.893787 -225.000000 123.383400
v -39.201851 -225.000000 125.420258
v -35.413448 -225.000000 127.271523
v -31.537897 -225.000000 128.932632
v -27.584740 -225.000000 130.399521
v -23.563702 -225.000000 131.668549
v -19.484680 -225.000000 132.736618
v -15.357709 -225.000000 133.601074
v -11.192945 -225.000000 134.259827
v -7.000639 -225.000000 134.711227
v -2.791106 -225.000000 134.954163
v 1.425296 -225.000000 134.988052
v 5.638190 -225.000000 134.812805
v 9.837210 -225.000000 134.428848
v 14.012023 -225.000000 133.837128
v 18.152355 -225.000000 133.039093
v 22.248018 -225.000000 132.036728
v 26.288933 -225.000000 130.832489
v 30.265158 -225.000000 129.429337
v 34.166904 -225.000000 127.830734
v 37.984573 -225.000000 126.040596
v 41.708775 -225.000000 124.063339
v 45.330334 -225.000000 121.903831
v 48.840347 -225.000000 119.567383
v 52.230175 -225.000000 117.059738
v 55.491478 -225.000000 114.387077
v 58.616222 -225.000000 111.555977
v 61.596729 -225.000000 108.573395
v 64.425659 -225.000000 105.446686
v 67.096046 -225.000000 102.183525
v 69.601334 -225.000000 98.791954
v 71.935341 -225.000000 95.280312
v 74.092331 -225.000000 91.657249
v 76.066994 -225.000000 87.931679
v 77.854477 -225.000000 84.112762
v 79.450371 -225.000000 80.209908
v 80.850761 -225.000000 76.232712
v 82.052185 -225.000000 72.190956
v 83.051704 -225.000000 68.094597
v 83.846848 -225.000000 63.953712
v 84.435661 -225.000000 59.778488
v 84.816696 -225.000000 55.579201
v 84.989021 -225.000000 51.366188
v 84.952202 -225.000000 47.149811
v 84.706329 -225.000000 42.940445
v 84.252022 -225.000000 38.748455
v 83.590378 -225.000000 34.584152
v 82.723045 -225.000000 30.457783
v 81.652138 -225.000000 26.379503
v 80.380310 -225.000000 22.359348
v 78.910683 -225.000000 18.407213
v 77.246872 -225.000000 14.532819
v 75.392975 -225.000000 10.745703
v 73.353546 -225.000000 7.055183
v 71.133614 -225.000000 3.470342
v -349.963867 -150.000000 146.472031
v -229.733658 -246.355820 174.963867
v -225.000000 -246.472031 174.963867
v -225.000000 -245.000000 175.000000
v -229.661423 -244.885574 175.000000
v -229.805710 -247.822540 174.855545
v -225.000000 -247.940521 174.855545
v -229.877426 -249.282181 174.675293
v -225.000000 -249.401917 174.675293
v -229.948608 -250.731232 174.423553
v -225.000000 -250.852707 174.423553
v -234.455917 -246.007492 174.963867
v -234.311630 -244.542542 175.000000
v -238.939392 -243.971771 175.000000
v -230.019104 -252.166199 174.100937
v -225.000000 -252.289398 174.100937
v -234.599854 -247.468903 174.855545
v -230.088730 -253.583618 173.708206
v -225.000000 -253.708542 173.708206
v -234.743088 -248.923264 174.675293
v -230.157349 -254.980087 173.246323
v -225.000000 -255.106689 173.246323
v -234.885300 -250.367081 174.423553
v -230.224747 -256.352234 172.716385
v -225.000000 -256.480499 172.716385
v -239.155380 -245.427872 174.963867
v -243.533585 -243.174606 175.000000
v -235.026108 -251.796860 174.100937
v -230.290802 -257.696777 172.119675
v -225.000000 -257.826660 172.119675
v -239.370865 -246.880463 174.855545
v -235.165222 -253.209152 173.708206
v -230.355347 -259.010437 171.457642
v -225.000000 -259.141907 171.457642
v -239.585297 -248.326035 174.675293
v -235.302261 -254.600571 173.246323
v -230.418198 -260.290070 170.731857
v -225.000000 -260.423096 170.731857
v -239.798172 -249.761139 174.423553
v -235.436920 -255.967773 172.716385
v -230.479248 -261.532593 169.944092
v -225.000000 -261.667114 169.944092
v -243.820755 -244.618347 174.963867
v -248.083115 -242.152969 175.000000
v -240.008972 -251.182281 174.100937
v -235.568863 -257.307434 172.119675
v -230.538315 -262.735016 169.096222
v -225.000000 -262.870972 169.096222
v -244.107254 -246.058609 174.855545
v -240.217209 -252.586060 173.708206
v -235.697784 -258.616364 171.457642
v -230.595276 -263.894440 168.190308
v -225.000000 -264.031799 168.190308
v -244.392349 -247.491928 174.675293
v -240.422348 -253.969070 173.246323
v -235.823349 -259.891357 170.731857
v -230.649979 -265.008057 167.228531
v -225.000000 -265.146759 167.228531
v -244.675385 -248.914856 174.423553
v -240.623932 -255.328018 172.716385
v -235.945297 -261.129395 169.944092
v -248.440796 -243.580887 174.963867
v -230.702316 -266.073212 166.213211
v -225.000000 -266.213196 166.213211
v -244.955673 -250.323944 174.100937
v -240.821457 -256.659607 172.119675
v -236.063293 -262.327484 169.096222
v -248.797607 -245.005356 174.855545
v -230.752136 -267.087341 165.146774
v -225.000000 -267.228546 165.146774
v -245.232529 -251.715805 173.708206
v -241.014450 -257.960602 171.457642
v -236.177078 -263.482697 168.190308
v -249.152695 -246.422958 174.675293
v -230.799316 -268.047943 164.031799
v -225.000000 -268.190308 164.031799
v -245.505295 -253.087097 173.246323
v -241.202438 -259.227905 170.731857
v -236.286362 -264.592316 167.228531
v -249.505203 -247.830276 174.423553
v -230.843781 -268.952759 162.870972
v -225.000000 -269.096222 162.870972
v -245.773315 -254.434509 172.716385
v -241.384964 -260.458466 169.944092
v -253.004349 -242.317978 174.963867
v -252.577042 -240.909332 175.000000
v -236.390884 -265.653595 166.213211
v -249.854294 -249.223923 174.100937
v -230.885376 -269.799622 161.667114
v -225.000000 -269.944092 161.667114
v -246.035934 -255.754791 172.119675
v -241.561615 -261.649323 169.096222
v -253.430634 -243.723236 174.855545
v -236.490402 -266.664032 165.146774
v -250.199127 -250.600525 173.708206
v -230.924026 -270.586426 160.423080
v -225.000000 -270.731873 160.423080
v -246.292526 -257.044769 171.457642
v -241.731934 -262.797577 168.190308
v -253.854858 -245.121704 174.675293
v -236.584671 -267.621185 164.031799
v -250.538849 -251.956787 173.246323
v -230.959641 -271.311340 159.141907
v -225.000000 -271.457642 159.141907
v -246.542480 -258.301331 170.731857
v -241.895538 -263.900482 167.228531
v -254.276001 -246.510025 174.423553
v -236.673477 -268.522736 162.870972
v -250.872650 -253.289413 172.716385
v -230.992126 -271.972595 157.826660
v -225.000000 -272.119690 157.826660
v -246.785172 -259.521454 169.944092
v -257.500458 -240.832672 174.963867
v -257.004547 -239.446686 175.000000
v -242.052017 -264.955383 166.213211
v -254.693054 -247.884857 174.100937
v -236.756577 -269.366516 161.667114
v -251.199738 -254.595230 172.119675
v -231.021408 -272.568573 156.480499
v -225.000000 -272.716400 156.480499
v -247.020035 -260.702209 169.096222
v -257.995178 -242.215317 174.855545
v -242.201004 -265.959717 165.146774
v -255.104996 -249.242889 173.708206
v -236.833786 -270.150513 160.423080
v -251.519318 -255.871063 171.457642
v -231.047409 -273.097870 155.106689
v -225.000000 -273.246307 155.106689
v -247.246506 -261.840698 168.190308
v -258.487488 -243.591278 174.675293
v -242.342117 -266.911072 164.031799
v -255.510864 -250.580841 173.246323
v -236.904938 -270.872772 159.141907
v -251.830627 -257.113831 170.731857
v -231.070068 -273.559204 153.708542
v -225.000000 -273.708221 153.708542
v -247.464020 -262.934265 167.228531
v -258.976257 -244.957275 174.423553
v -242.475052 -267.807190 162.870972
v -255.909653 -251.895493 172.716385
v -236.969818 -271.531647 157.826660
v -252.132889 -258.320587 169.944092
v -231.089340 -273.951447 152.289398
v -225.000000 -274.100952 152.289398
v -261.918243 -239.128540 174.963867
v -261.354919 -237.768555 175.000000
v -247.672073 -263.980194 166.213211
v -259.460266 -246.309982 174.100937
v -242.599457 -268.645874 161.667114
v -256.300415 -253.183670 172.119675
v -237.028305 -272.125488 156.480499
v -252.425415 -259.488373 169.096222
v -231.105179 -274.273682 150.852707
v -225.000000 -274.423553 150.852707
v -262.480225 -240.485229 174.855545
v -247.870148 -264.976013 165.146774
v -259.938354 -247.646164 173.708206
v -242.715042 -269.425110 160.423080
v -256.682220 -254.442291 171.457642
v -237.080246 -272.652863 155.106689
v -252.707474 -260.614410 168.190308
v -231.117523 -274.525116 149.401917
v -225.000000 -274.675293 149.401917
v -263.039459 -241.835388 174.675293
v -248.057785 -265.919312 164.031799
v -260.409393 -248.962585 173.246323
v -242.821533 -270.143036 159.141907
v -257.054138 -255.668304 170.731857
v -237.125519 -273.112518 153.708542
v -252.978378 -261.695953 167.228531
v -231.126373 -274.705139 147.940521
v -225.000000 -274.855530 147.940521
v -263.594666 -243.175751 174.423553
v -248.234528 -266.807831 162.870972
v -260.872192 -250.256088 172.716385
v -242.918686 -270.797913 157.826660
v -257.415253 -256.858765 169.944092
v -237.164017 -273.503357 152.289398
v -266.247101 -237.209686 174.963867
v -265.617737 -235.878983 175.000000
v -253.237503 -262.730438 166.213211
v -231.131683 -274.813354 146.472031
v -225.000000 -274.963867 146.472031
v -264.144470 -244.503082 174.100937
v -248.399933 -267.639404 161.667114
v -261.325714 -251.523544 172.119675
v -243.006241 -271.388153 156.480499
v -257.764709 -258.010803 169.096222
v -237.195648 -273.824432 150.852707
v -266.874969 -238.537170 174.855545
v -253.484207 -263.715332 165.146774
v -264.687531 -245.814194 173.708206
v -248.553619 -268.412018 160.423080
v -261.768799 -252.761917 171.457642
v -243.083984 -271.912354 155.106689
v -258.101685 -259.121613 168.190308
v -237.220322 -274.074951 149.401917
v -267.499786 -239.858261 174.675293
v -253.717911 -264.648285 164.031799
v -265.222595 -247.105927 173.246323
v -248.695206 -269.123871 159.141907
v -262.200409 -253.968201 170.731857
v -243.151764 -272.369263 153.708542
v -258.425354 -260.188599 167.228531
v -237.237976 -274.254333 147.940521
v -268.120087 -241.169769 174.423553
v -253.938019 -265.527069 162.870972
v -265.748322 -248.375153 172.716385
v -248.824371 -269.773193 157.826660
v -262.619507 -255.139496 169.944092
v -243.209396 -272.757721 152.289398
v -270.476593 -235.080734 174.963867
v -269.782684 -233.782516 175.000000
v -258.734924 -261.209106 166.213211
v -237.248596 -274.362122 146.472031
v -268.734344 -242.468521 174.100937
v -254.144043 -266.349518 161.667114
v -266.263489 -249.618835 172.119675
v -248.940781 -270.358429 156.480499
v -263.025085 -256.273010 169.096222
v -243.256729 -273.076874 150.852707
v -271.168854 -236.375824 174.855545
v -259.029633 -262.180725 165.146774
v -269.341125 -243.751404 173.708206
v -254.335449 -267.113678 160.423080
v -266.766785 -250.833969 171.457642
v -249.044159 -270.878174 155.106689
v -263.416168 -257.365967 168.190308
v -243.293671 -273.325867 149.401917
v -271.857727 -237.664658 174.675293
v -259.308838 -263.101074 164.031799
v -269.938904 -245.015335 173.246323
v -254.511795 -267.817719 159.141907
v -267.257080 -252.017624 170.731857
v -249.134277 -271.331177 153.708542
v -263.791779 -258.415771 167.228531
v -243.320114 -273.504181 147.940521
v -272.541626 -238.944153 174.423553
v -259.571808 -263.967987 162.870972
v -270.526276 -246.257233 172.716385
v -254.672668 -268.459900 157.826660
v -267.733154 -253.166962 169.944092
v -249.210892 -271.716370 152.289398
v -274.596527 -232.746826 174.963867
v -273.839752 -231.484222 175.000000
v -277.779175 -228.989609 175.000000
v -264.151062 -259.419861 166.213211
v -243.336014 -273.611328 146.472031
v -273.218903 -240.211197 174.100937
v -259.817932 -264.779327 161.667114
v -271.101837 -247.474136 172.119675
v -254.817642 -269.038727 156.480499
v -268.193848 -254.279190 169.096222
v -249.273834 -272.032806 150.852707
v -275.351501 -234.006378 174.855545
v -264.493103 -260.375824 165.146774
v -273.887878 -241.462769 173.708206
v -260.046600 -265.533173 160.423080
v -271.664185 -248.663116 171.457642
v -254.946411 -269.552795 155.106689
v -268.638092 -255.351639 168.190308
v -249.322937 -272.279694 149.401917
v -276.102783 -235.259872 174.675293
v -264.817108 -261.281403 164.031799
v -274.546967 -242.695831 173.246323
v -260.257294 -266.227722 159.141907
v -272.211945 -249.821289 170.731857
v -255.058640 -270.000824 153.708542
v -269.064758 -256.381744 167.228531
v -249.358109 -272.456482 147.940521
v -276.848663 -236.504257 174.423553
v -265.122314 -262.134338 162.870972
v -275.194550 -243.907425 172.716385
v -260.449463 -266.861237 157.826660
v -272.743835 -250.945862 169.944092
v -255.154068 -270.381775 152.289398
v -278.596985 -230.213562 174.963867
v -269.472870 -257.367004 166.213211
v -249.379242 -272.562714 146.472031
v -277.587250 -237.736557 174.100937
v -265.407959 -262.932648 161.667114
v -275.829132 -245.094620 172.119675
v -260.622681 -267.432251 156.480499
v -273.258575 -252.034149 169.096222
v -255.232452 -270.694733 150.852707
v -279.412842 -231.434555 174.855545
v -269.861420 -258.305054 165.146774
v -278.316833 -238.953781 173.708206
v -265.673340 -263.674377 160.423080
v -276.449127 -246.254562 171.457642
v -260.776520 -267.939362 155.106689
v -273.754883 -253.083527 168.190308
v -255.293625 -270.938934 149.401917
v -280.224731 -232.649673 174.675293
v -270.229462 -259.193604 164.031799
v -279.035645 -240.153015 173.246323
v -265.917847 -264.357727 159.141907
v -277.053070 -247.384460 170.731857
v -260.910583 -268.381378 153.708542
v -274.231598 -254.091446 167.228531
v -255.337418 -271.113770 147.940521
v -281.030762 -233.855957 174.423553
v -270.576141 -260.030579 162.870972
v -279.741913 -241.331375 172.716385
v -266.140869 -264.981049 157.826660
v -277.639496 -248.481598 169.944092
v -261.024597 -268.757202 152.289398
v -282.468323 -227.487061 174.963867
v -281.591431 -226.304718 175.000000
v -274.687561 -255.055496 166.213211
v -255.363739 -271.218842 146.472031
v -281.828949 -235.050537 174.100937
v -270.900604 -260.813873 161.667114
v -280.433990 -242.486008 172.119675
v -266.341919 -265.542877 156.480499
v -278.207001 -249.543320 169.096222
v -261.118256 -269.065918 150.852707
v -283.343109 -228.666565 174.855545
v -275.121643 -255.973343 165.146774
v -282.617371 -236.230499 173.708206
v -271.202087 -261.541687 160.423080
v -281.110138 -243.614136 171.457642
v -266.520447 -266.041840 155.106689
v -278.754211 -250.567062 168.190308
v -261.191315 -269.306824 149.401917
v -284.213654 -229.840363 174.675293
v -275.532867 -256.842773 164.031799
v -283.394165 -237.393021 173.246323
v -271.479828 -262.212219 159.141907
v -281.768799 -244.713043 170.731857
v -266.676056 -266.476746 153.708542
v -279.279816 -251.550385 167.228531
v -261.243652 -269.479309 147.940521
v -285.077881 -231.005661 174.423553
v -275.920197 -257.661713 162.870972
v -284.157410 -238.535309 172.716385
v -271.733185 -262.823883 157.826660
v -282.408356 -245.780075 169.944092
v -266.808350 -266.846497 152.289398
v -286.201202 -224.573883 174.963867
v -285.267365 -223.435989 175.000000
v -279.782532 -252.490891 166.213211
v -261.275085 -269.582947 146.472031
v -285.933716 -232.159622 174.100937
v -276.282715 -258.428162 161.667114
v -284.905273 -239.654587 172.119675
v -271.961517 -263.375153 156.480499
v -283.027283 -246.812668 169.096222
v -266.917023 -267.150269 150.852707
v -287.132812 -225.709045 174.855545
v -280.261139 -253.386337 165.146774
v -286.779114 -233.299484 173.708206
v -276.619507 -259.140320 160.423080
v -285.635986 -240.748169 171.457642
v -272.164337 -263.864746 155.106689
v -283.624054 -247.808334 168.190308
v -267.001831 -267.387299 149.401917
v -288.059906 -226.838715 174.675293
v -280.714539 -254.234558 164.031799
v -287.612000 -234.422485 173.246323
v -276.929840 -259.796417 159.141907
v -286.347778 -241.813431 170.731857
v -272.341095 -264.291473 153.708542
v -284.197266 -248.764679 167.228531
v -267.062561 -267.557007 147.940521
v -288.980286 -227.960205 174.423553
v -281.141571 -255.033493 162.870972
v -288.430359 -235.525940 172.716385
v -277.212891 -260.394867 157.826660
v -287.038910 -242.847809 169.944092
v -272.491364 -264.654327 152.289398
v -289.786652 -221.481064 174.963867
v -288.798096 -220.390350 175.000000
v -284.745514 -249.679382 166.213211
v -267.099060 -267.658997 146.472031
v -289.891724 -229.070786 174.100937
v -281.541260 -255.781235 161.667114
v -289.232269 -236.607178 172.119675
v -277.468018 -260.934296 156.480499
v -287.707764 -243.848785 169.096222
v -272.614838 -264.952393 150.852707
v -290.772827 -222.569138 174.855545
v -285.267517 -250.550262 165.146774
v -290.791992 -230.167786 173.708206
v -281.912598 -256.475983 160.423080
v -290.015747 -237.663605 171.457642
v -277.694580 -261.413361 155.106689
v -288.352661 -244.813980 168.190308
v -272.711182 -265.184967 149.401917
v -291.754242 -223.651962 174.675293
v -285.761963 -251.375214 164.031799
v -291.678986 -231.248581 173.246323
v -282.254730 -257.116058 159.141907
v -290.778961 -238.692657 170.731857
v -277.892090 -261.830902 153.708542
v -288.972107 -245.741043 167.228531
v -272.780151 -265.351471 147.940521
v -292.728546 -224.726929 174.423553
v -286.227692 -252.152237 162.870972
v -292.550507 -232.310547 172.716385
v -282.566803 -257.699951 157.826660
v -291.520020 -239.691864 169.944092
v -278.059998 -262.185913 152.289398
v -293.216034 -218.216034 174.963867
v -292.175140 -217.175140 175.000000
v -289.564606 -246.627747 166.213211
v -272.821594 -265.451569 146.472031
v -293.693359 -225.791443 174.100937
v -286.663574 -252.879471 161.667114
v -293.404510 -233.351135 172.119675
v -282.848114 -258.226196 156.480499
v -292.237152 -240.658813 169.096222
v -278.197937 -262.477570 150.852707
v -294.254395 -219.254395 174.855545
v -290.128693 -247.471970 165.146774
v -294.646393 -226.842957 173.708206
v -287.068573 -253.555176 160.423080
v -294.238892 -234.367828 171.457642
v -283.097900 -258.693542 155.106689
v -292.928650 -241.591202 168.190308
v -278.305573 -262.705139 149.401917
v -295.287781 -220.287766 174.675293
v -290.663025 -248.271652 164.031799
v -295.585358 -227.878922 173.246323
v -287.441711 -254.177689 159.141907
v -295.051666 -235.358200 170.731857
v -283.315643 -259.100891 153.708542
v -293.592865 -242.486755 167.228531
v -278.382629 -262.868073 147.940521
v -296.313629 -221.313629 174.423553
v -291.166321 -249.024887 162.870972
v -296.507935 -228.896851 172.716385
v -287.782074 -254.745544 157.826660
v -295.840851 -236.319839 169.944092
v -283.500763 -259.447266 152.289398
v -296.481049 -214.786652 174.963867
v -295.390350 -213.798096 175.000000
v -294.228119 -243.343323 166.213211
v -278.428925 -262.966003 146.472031
v -297.329529 -222.329529 174.100937
v -291.637360 -249.729858 161.667114
v -297.411957 -229.894287 172.119675
v -288.088837 -255.257355 156.480499
v -296.604584 -237.250443 169.096222
v -283.652863 -259.731781 150.852707
v -297.569122 -215.772827 174.855545
v -294.832947 -244.158844 165.146774
v -298.333008 -223.333008 173.708206
v -292.075012 -250.384872 160.423080
v -298.295227 -230.868820 171.457642
v -288.361267 -255.711899 155.106689
v -297.341003 -238.147766 168.190308
v -283.771515 -259.953796 149.401917
v -298.651947 -216.754242 174.675293
v -295.405884 -244.931351 164.031799
v -299.321655 -224.321655 173.246323
v -292.478241 -250.988342 159.141907
v -299.155609 -231.818100 170.731857
v -288.598724 -256.108063 153.708542
v -298.048340 -239.009659 167.228531
v -283.856506 -260.112762 147.940521
v -299.726929 -217.728546 174.423553
v -295.945526 -245.658981 162.870972
v -300.293091 -225.293091 172.716385
v -292.846069 -251.538803 157.826660
v -299.991058 -232.739868 169.944092
v -288.800629 -256.444916 152.289398
v -299.573883 -211.201202 174.963867
v -298.436005 -210.267365 175.000000
v -298.724884 -239.834015 166.213211
v -283.907562 -260.208282 146.472031
v -300.791443 -218.693359 174.100937
v -296.450623 -246.339996 161.667114
v -301.244965 -226.244965 172.119675
v -293.177582 -252.034943 156.480499
v -300.799530 -233.631882 169.096222
v -288.966492 -256.721649 150.852707
v -300.709045 -212.132797 174.855545
v -299.368988 -240.618881 165.146774
v -301.842957 -219.646393 173.708206
v -296.919891 -246.972733 160.423080
v -302.174988 -227.174973 171.457642
v -293.471985 -252.475571 155.106689
v -301.579071 -234.491989 168.190308
v -289.095917 -256.937561 149.401917
v -301.838715 -213.059906 174.675293
v -299.979126 -241.362350 164.031799
v -302.878937 -220.585342 173.246323
v -297.352234 -247.555695 159.141907
v -303.080902 -228.080917 170.731857
v -293.728607 -252.859619 153.708542
v -302.327850 -235.318130 167.228531
v -289.188568 -257.092163 147.940521
v -302.960205 -213.980286 174.423553
v -300.553833 -242.062622 162.870972
v -303.896851 -221.507935 172.716385
v -297.746613 -248.087448 157.826660
v -303.960571 -228.960571 169.944092
v -293.946777 -253.186157 152.289398
v -302.487061 -207.468323 174.963867
v -301.304718 -206.591431 175.000000
v -303.044006 -236.108307 166.213211
v -289.244263 -257.185089 146.472031
v -304.070770 -214.891708 174.100937
v -301.091736 -242.718033 161.667114
v -304.894287 -222.411957 172.119675
v -298.102051 -248.566727 156.480499
v -304.811829 -229.811829 169.096222
v -294.126038 -253.454407 150.852707
v -303.666565 -208.343094 174.855545
v -303.725861 -236.860611 165.146774
v -305.167786 -215.792007 173.708206
v -301.591492 -243.326996 160.423080
v -305.868805 -223.295227 171.457642
v -298.417755 -248.992371 155.106689
v -305.632660 -230.632660 168.190308
v -294.265869 -253.663727 149.401917
v -304.840363 -209.213654 174.675293
v -304.371765 -237.573242 164.031799
v -306.248566 -216.678986 173.246323
v -302.051910 -243.888031 159.141907
v -306.818115 -224.155609 170.731857
v -298.692902 -249.363373 153.708542
v -306.421051 -231.421066 167.228531
v -294.366028 -253.813583 147.940521
v -306.005646 -210.077896 174.423553
v -304.980133 -238.244476 162.870972
v -307.310547 -217.550522 172.716385
v -302.471893 -244.399796 157.826660
v -307.739868 -224.991043 169.944092
v -298.926849 -249.678802 152.289398
v -305.213562 -203.596985 174.963867
v -303.989624 -202.779175 175.000000
v -307.175140 -232.175140 166.213211
v -294.426208 -253.903656 146.472031
v -307.159607 -210.933731 174.100937
v -305.549530 -238.872711 161.667114
v -308.351135 -218.404510 172.119675
v -302.850464 -244.861053 156.480499
v -308.631866 -225.799515 169.096222
v -299.119019 -249.937943 150.852707
v -306.434570 -204.412842 174.855545
v -307.893097 -232.893097 165.146774
v -308.299469 -211.779099 173.708206
v -306.078552 -239.456406 160.423080
v -309.367828 -219.238892 171.457642
v -303.186646 -245.270691 155.106689
v -309.492004 -226.579071 168.190308
v -299.268982 -250.140137 149.401917
v -307.649658 -205.224747 174.675293
v -308.573181 -233.573166 164.031799
v -309.422485 -212.611984 173.246323
v -306.565979 -239.994171 159.141907
v -310.358185 -220.051666 170.731857
v -303.479645 -245.627747 153.708542
v -310.318115 -227.327850 167.228531
v -299.376373 -250.284912 147.940521
v -308.855957 -206.030762 174.423553
v -309.213745 -234.213745 162.870972
v -310.525940 -213.430359 172.716385
v -307.010559 -240.484711 157.826660
v -311.319855 -220.840866 169.944092
v -303.728790 -245.931320 152.289398
v -307.746826 -199.596542 174.963867
v -306.484222 -198.839767 175.000000
v -311.108307 -228.044022 166.213211
v -299.440887 -250.371918 146.472031
v -310.050537 -206.828949 174.100937
v -309.813293 -234.813278 161.667114
v -311.607178 -214.232269 172.119675
v -307.411285 -240.926849 156.480499
v -312.250458 -221.604584 169.096222
v -303.933472 -246.180710 150.852707
v -309.006378 -200.351486 174.855545
v -311.860626 -228.725876 165.146774
v -311.230499 -207.617371 173.708206
v -310.370331 -235.370316 160.423080
v -312.663605 -215.015762 171.457642
v -307.767181 -241.319504 155.106689
v -313.147766 -222.341003 168.190308
v -304.093170 -246.375305 149.401917
v -310.259857 -201.102798 174.675293
v -312.573242 -229.371765 164.031799
v -312.393036 -208.394150 173.246323
v -310.883514 -235.883514 159.141907
v -313.692657 -215.778946 170.731857
v -308.077362 -241.661743 153.708542
v -314.009644 -223.048340 167.228531
v -304.207520 -246.514633 147.940521
v -311.504242 -201.848648 174.423553
v -313.244476 -229.980133 162.870972
v -313.535309 -209.157394 172.716385
v -311.351654 -236.351654 157.826660
v -314.691864 -216.520020 169.944092
v -308.341095 -241.952728 152.289398
v -310.080750 -195.476593 174.963867
v -308.782532 -194.782684 175.000000
v -314.834015 -223.724869 166.213211
v -304.276245 -246.598373 146.472031
v -312.736542 -202.587265 174.100937
v -313.872711 -230.549530 161.667114
v -314.654572 -209.905273 172.119675
v -311.773590 -236.773590 156.480499
v -315.658813 -217.237167 169.096222
v -308.557770 -242.191772 150.852707
v -311.375824 -196.168839 174.855545
v -315.618896 -224.368988 165.146774
v -313.953796 -203.316849 173.708206
v -314.456421 -231.078568 160.423080
v -315.748169 -210.635986 171.457642
v -312.148315 -237.148315 155.106689
v -316.591187 -217.928665 168.190308
v -308.726807 -242.378296 149.401917
v -312.664673 -196.857742 174.675293
v -316.362335 -224.979141 164.031799
v -315.153015 -204.035645 173.246323
v -314.994171 -231.565964 159.141907
v -316.813446 -211.347778 170.731857
v -312.474915 -237.474915 153.708542
v -317.486755 -218.592850 167.228531
v -308.847870 -242.511856 147.940521
v -313.944153 -197.541641 174.423553
v -317.062622 -225.553848 162.870972
v -316.331360 -204.741913 172.716385
v -315.484711 -232.010559 157.826660
v -317.847809 -212.038925 169.944092
v -312.752625 -237.752609 152.289398
v -312.209686 -191.247101 174.963867
v -310.878998 -190.617737 175.000000
v -318.343323 -219.228119 166.213211
v -308.920593 -242.592117 146.472031
v -315.211212 -198.218887 174.100937
v -317.718048 -226.091721 161.667114
v -317.485992 -205.433975 172.119675
v -315.926849 -232.411285 156.480499
v -318.848785 -212.707764 169.096222
v -312.980743 -237.980743 150.852707
v -313.537170 -191.874969 174.855545
v -319.158844 -219.832962 165.146774
v -316.462769 -198.887863 173.708206
v -318.326996 -226.591476 160.423080
v -318.614136 -206.110153 171.457642
v -316.319489 -232.767166 155.106689
v -319.813965 -213.352676 168.190308
v -313.158752 -238.158752 149.401917
v -314.858276 -192.499802 174.675293
v -319.931335 -220.405884 164.031799
v -317.695831 -199.546951 173.246323
v -318.888031 -227.051910 159.141907
v -319.713043 -206.768814 170.731857
v -316.661743 -233.077362 153.708542
v -320.741028 -213.972122 167.228531
v -313.286194 -238.286194 147.940521
v -316.169769 -193.120087 174.423553
v -320.658997 -220.945541 162.870972
v -318.907410 -200.194565 172.716385
v -319.399780 -227.471909 157.826660
v -320.780060 -207.408371 169.944092
v -316.952728 -233.341095 152.289398
v -314.128540 -186.918243 174.963867
v -312.768555 -186.354919 175.000000
v -321.627747 -214.564590 166.213211
v -313.362793 -238.362793 146.472031
v -317.468536 -193.734360 174.100937
v -321.339996 -221.450607 161.667114
v -320.094604 -200.829132 172.119675
v -319.861053 -227.850449 156.480499
v -321.812683 -208.027283 169.096222
v -317.191772 -233.557755 150.852707
v -315.485229 -187.480209 174.855545
v -322.471954 -215.128677 165.146774
v -318.751404 -194.341110 173.708206
v -321.972748 -221.919891 160.423080
v -321.254578 -201.449142 171.457642
v -320.270691 -228.186646 155.106689
v -322.808350 -208.624054 168.190308
v -317.378296 -233.726807 149.401917
v -316.835388 -188.039459 174.675293
v -323.271667 -215.663025 164.031799
v -320.015320 -194.938904 173.246323
v -322.555695 -222.352234 159.141907
v -322.384460 -202.053085 170.731857
v -320.627747 -228.479660 153.708542
v -323.764679 -209.197266 167.228531
v -317.511841 -233.847855 147.940521
v -318.175751 -188.594666 174.423553
v -324.024902 -216.166321 162.870972
v -321.257233 -195.526276 172.716385
v -323.087433 -222.746613 157.826660
v -323.481598 -202.639511 169.944092
v -320.931335 -228.728806 152.289398
v -315.832672 -182.500443 174.963867
v -314.446686 -182.004532 175.000000
v -324.679382 -209.745529 166.213211
v -317.592102 -233.920609 146.472031
v -319.503082 -189.144455 174.100937
v -324.729858 -216.637360 161.667114
v -322.474152 -196.101837 172.119675
v -323.566711 -223.102066 156.480499
v -324.543304 -203.207016 169.096222
v -321.180725 -228.933472 150.852707
v -317.215302 -182.995163 174.855545
v -325.550262 -210.267517 165.146774
v -320.814209 -189.687546 173.708206
v -325.384857 -217.075027 160.423080
v -323.663116 -196.664169 171.457642
v -323.992371 -223.417755 155.106689
v -325.567078 -203.754211 168.190308
v -321.375305 -229.093170 149.401917
v -318.591278 -183.487503 174.675293
v -326.375214 -210.761963 164.031799
v -322.105927 -190.222595 173.246323
v -325.988342 -217.478241 159.141907
v -324.821289 -197.211945 170.731857
v -324.363373 -223.692902 153.708542
v -326.550385 -204.279816 167.228531
v -321.514648 -229.207520 147.940521
v -319.957275 -183.976257 174.423553
v -327.152252 -211.227692 162.870972
v -323.375153 -190.748322 172.716385
v -326.538788 -217.846054 157.826660
v -325.945862 -197.743835 169.944092
v -324.678802 -223.926849 152.289398
v -317.317963 -178.004349 174.963867
v -315.909332 -177.577042 175.000000
v -327.490906 -204.782532 166.213211
v -321.598358 -229.276230 146.472031
v -321.309998 -184.460266 174.100937
v -327.879486 -211.663589 161.667114
v -324.618835 -191.263474 172.119675
v -327.034943 -218.177567 156.480499
v -327.034149 -198.258560 169.096222
v -324.937927 -224.119034 150.852707
v -318.723236 -178.430634 174.855545
v -328.386322 -205.261154 165.146774
v -322.646149 -184.938354 173.708206
v -328.555176 -212.068573 160.423080
v -325.833984 -191.766800 171.457642
v -327.475586 -218.471985 155.106689
v -328.083527 -198.754883 168.190308
v -325.140137 -224.268982 149.401917
v -320.121704 -178.854858 174.675293
v -329.234558 -205.714523 164.031799
v -323.962585 -185.409378 173.246323
v -329.177704 -212.441711 159.141907
v -327.017639 -192.257080 170.731857
v -327.859619 -218.728592 153.708542
v -329.091461 -199.231583 167.228531
v -325.284912 -224.376358 147.940521
v -321.510040 -179.276001 174.423553
v -330.033508 -206.141571 162.870972
v -325.256073 -185.872208 172.716385
v -329.745544 -212.782059 157.826660
v -328.166962 -192.733154 169.944092
v -328.186157 -218.946793 152.289398
v -318.580872 -173.440796 174.963867
v -317.152954 -173.083115 175.000000
v -330.055481 -199.687546 166.213211
v -325.371918 -224.440887 146.472031
v -322.884857 -179.693054 174.100937
v -330.781250 -206.541245 161.667114
v -326.523560 -186.325699 172.119675
v -330.257355 -213.088837 156.480499
v -329.279175 -193.193848 169.096222
v -328.454407 -219.126022 150.852707
v -320.005371 -173.797607 174.855545
v -330.973328 -200.121658 165.146774
v -324.242889 -180.104996 173.708206
v -331.475983 -206.912598 160.423080
v -327.761902 -186.768799 171.457642
v -330.711884 -213.361267 155.106689
v -330.351654 -193.638077 168.190308
v -328.663727 -219.265884 149.401917
v -321.422974 -174.152695 174.675293
v -331.842773 -200.532867 164.031799
v -325.580841 -180.510864 173.246323
v -332.116089 -207.254730 159.141907
v -328.968201 -187.200409 170.731857
v -331.108063 -213.598724 153.708542
v -331.381744 -194.064758 167.228531
v -328.813599 -219.366028 147.940521
v -322.830292 -174.505203 174.423553
v -332.661713 -200.920197 162.870972
v -326.895477 -180.909653 172.716385
v -332.699951 -207.566818 157.826660
v -330.139496 -187.619522 169.944092
v -331.444916 -213.800629 152.289398
v -319.618347 -168.820755 174.963867
v -318.174591 -168.533585 175.000000
v -318.971771 -163.939392 175.000000
v -332.367004 -194.472870 166.213211
v -328.903656 -219.426208 146.472031
v -324.223907 -174.854294 174.100937
v -333.428162 -201.282700 161.667114
v -328.183685 -181.300430 172.119675
v -333.226196 -207.848099 156.480499
v -331.273010 -188.025085 169.096222
v -331.721649 -213.966492 150.852707
v -321.058624 -169.107254 174.855545
v -333.305054 -194.861420 165.146774
v -325.600525 -175.199127 173.708206
v -334.140320 -201.619522 160.423080
v -329.442291 -181.682220 171.457642
v -333.693542 -208.097916 155.106689
v -332.365967 -188.416153 168.190308
v -331.937561 -214.095917 149.401917
v -322.491943 -169.392349 174.675293
v -334.193604 -195.229477 164.031799
v -326.956787 -175.538849 173.246323
v -334.796417 -201.929825 159.141907
v -330.668304 -182.054123 170.731857
v -334.100891 -208.315643 153.708542
v -333.415771 -188.791779 167.228531
v -332.092163 -214.188583 147.940521
v -323.914856 -169.675385 174.423553
v -335.030579 -195.576157 162.870972
v -328.289429 -175.872650 172.716385
v -335.394867 -202.212891 157.826660
v -331.858765 -182.415253 169.944092
v -334.447266 -208.500778 152.289398
v -320.427856 -164.155380 174.963867
v -334.419861 -189.151047 166.213211
v -332.185089 -214.244263 146.472031
v -325.323944 -169.955673 174.100937
v -335.813873 -195.900620 161.667114
v -329.595215 -176.199738 172.119675
v -335.934296 -202.468018 156.480499
v -333.010803 -182.764709 169.096222
v -334.731781 -208.652863 150.852707
v -321.880463 -164.370865 174.855545
v -335.375824 -189.493103 165.146774
v -326.715820 -170.232529 173.708206
v -336.541687 -196.202087 160.423080
v -330.871063 -176.519318 171.457642
v -336.413361 -202.694595 155.106689
v -334.121613 -183.101685 168.190308
v -334.953796 -208.771530 149.401917
v -323.326050 -164.585297 174.675293
v -336.281403 -189.817123 164.031799
v -328.087097 -170.505295 173.246323
v -337.212219 -196.479828 159.141907
v -332.113831 -176.830627 170.731857
v -336.830902 -202.892075 153.708542
v -335.188599 -183.425339 167.228531
v -335.112762 -208.856491 147.940521
v -324.761139 -164.798172 174.423553
v -337.134338 -190.122314 162.870972
v -329.434509 -170.773315 172.716385
v -337.823883 -196.733185 157.826660
v -333.320587 -177.132889 169.944092
v -337.185913 -203.059982 152.289398
v -321.007477 -159.455917 174.963867
v -319.542542 -159.311630 175.000000
v -336.209106 -183.734909 166.213211
v -335.208282 -208.907562 146.472031
v -326.182281 -165.008972 174.100937
v -337.932648 -190.407944 161.667114
v -330.754791 -171.035934 172.119675
v -338.375153 -196.961533 156.480499
v -334.488373 -177.425415 169.096222
v -337.477570 -203.197922 150.852707
v -322.468903 -159.599854 174.855545
v -337.180725 -184.029648 165.146774
v -327.586060 -165.217209 173.708206
v -338.674377 -190.673340 160.423080
v -332.044769 -171.292526 171.457642
v -338.864746 -197.164322 155.106689
v -335.614410 -177.707474 168.190308
v -337.705139 -203.305557 149.401917
v -323.923279 -159.743088 174.675293
v -338.101074 -184.308838 164.031799
v -328.969086 -165.422348 173.246323
v -339.357727 -190.917847 159.141907
v -333.301331 -171.542480 170.731857
v -339.291473 -197.341080 153.708542
v -336.695953 -177.978378 167.228531
v -337.868073 -203.382629 147.940521
v -325.367065 -159.885300 174.423553
v -338.967987 -184.571808 162.870972
v -330.328003 -165.623932 172.716385
v -339.981049 -191.140884 157.826660
v -334.521454 -171.785172 169.944092
v -339.654327 -197.491379 152.289398
v -321.355835 -154.733658 174.963867
v -319.885559 -154.661423 175.000000
v -320.000000 -150.000000 175.000000
v -321.472015 -150.000000 174.963867
v -337.730438 -178.237503 166.213211
v -337.966003 -203.428940 146.472031
v -326.796844 -160.026108 174.100937
v -339.779327 -184.817932 161.667114
v -331.659607 -165.821457 172.119675
v -340.542877 -191.341904 156.480499
v -335.702209 -172.020035 169.096222
v -339.952393 -197.614838 150.852707
v -322.822540 -154.805710 174.855545
v -322.940521 -150.000000 174.855545
v -338.715332 -178.484207 165.146774
v -328.209167 -160.165222 173.708206
v -340.533173 -185.046616 160.423080
v -332.960602 -166.014450 171.457642
v -341.041840 -191.520432 155.106689
v -336.840698 -172.246506 168.190308
v -340.184967 -197.711166 149.401917
v -324.282166 -154.877426 174.675293
v -324.401917 -150.000000 174.675293
v -339.648285 -178.717911 164.031799
v -329.600586 -160.302261 173.246323
v -341.227722 -185.257294 159.141907
v -334.227905 -166.202438 170.731857
v -341.476746 -191.676041 153.708542
v -337.934265 -172.464020 167.228531
v -340.351471 -197.780151 147.940521
v -325.731232 -154.948608 174.423553
v -325.852722 -150.000000 174.423553
v -340.527069 -178.938019 162.870972
v -330.967773 -160.436920 172.716385
v -341.861237 -185.449478 157.826660
v -335.458466 -166.384964 169.944092
v -341.846497 -191.808350 152.289398
v -338.980194 -172.672073 166.213211
v -340.451569 -197.821594 146.472031
v -327.166199 -155.019104 174.100937
v -327.289398 -150.000000 174.100937
v -341.349518 -179.144043 161.667114
v -332.307434 -160.568863 172.119675
v -342.432251 -185.622681 156.480499
v -336.649323 -166.561615 169.096222
v -342.150269 -191.917038 150.852707
v -339.976013 -172.870148 165.146774
v -328.583618 -155.088730 173.708206
v -328.708527 -150.000000 173.708206
v -342.113678 -179.335449 160.423080
v -333.616364 -160.697784 171.457642
v -342.939362 -185.776520 155.106689
v -337.797577 -166.731934 168.190308
v -342.387299 -192.001846 149.401917
v -340.919312 -173.057785 164.031799
v -329.980103 -155.157349 173.246323
v -330.106689 -150.000000 173.246323
v -342.817719 -179.511795 159.141907
v -334.891357 -160.823349 170.731857
v -343.381378 -185.910599 153.708542
v -338.900482 -166.895538 167.228531
v -342.557007 -192.062561 147.940521
v -341.807831 -173.234528 162.870972
v -331.352234 -155.224747 172.716385
v -331.480499 -150.000000 172.716385
v -343.459900 -179.672668 157.826660
v -336.129395 -160.945297 169.944092
v -343.757202 -186.024597 152.289398
v -339.955383 -167.052017 166.213211
v -342.658997 -192.099060 146.472031
v -342.639404 -173.399933 161.667114
v -332.696777 -155.290802 172.119675
v -332.826660 -150.000000 172.119675
v -334.141907 -150.000000 171.457642
v -344.038727 -179.817642 156.480499
v -337.327484 -161.063293 169.096222
v -344.065918 -186.118256 150.852707
v -340.959717 -167.201004 165.146774
v -343.412018 -173.553619 160.423080
v -334.010437 -155.355347 171.457642
v -344.552795 -179.946411 155.106689
v -338.482697 -161.177078 168.190308
v -344.306824 -186.191330 149.401917
v -341.911072 -167.342117 164.031799
v -344.123871 -173.695206 159.141907
v -335.290070 -155.418198 170.731857
v -335.423096 -150.000000 170.731857
v -345.000824 -180.058640 153.708542
v -339.592316 -161.286362 167.228531
v -344.479309 -186.243652 147.940521
v -342.807190 -167.475052 162.870972
v -344.773193 -173.824371 157.826660
v -336.532593 -155.479248 169.944092
v -336.667114 -150.000000 169.944092
v -337.870972 -150.000000 169.096222
v -345.381775 -180.154068 152.289398
v -340.653595 -161.390884 166.213211
v -344.582947 -186.275101 146.472031
v -343.645874 -167.599457 161.667114
v -345.358429 -173.940781 156.480499
v -337.735016 -155.538315 169.096222
v -345.694733 -180.232452 150.852707
v -341.664032 -161.490402 165.146774
v -344.425110 -167.715042 160.423080
v -345.878174 -174.044159 155.106689
v -338.894440 -155.595276 168.190308
v -339.031799 -150.000000 168.190308
v -340.146759 -150.000000 167.228531
v -345.938934 -180.293625 149.401917
v -342.621185 -161.584671 164.031799
v -345.143036 -167.821533 159.141907
v -346.331177 -174.134277 153.708542
v -340.008057 -155.649979 167.228531
v -346.113770 -180.337418 147.940521
v -343.522736 -161.673477 162.870972
v -345.797913 -167.918686 157.826660
v -346.716370 -174.210892 152.289398
v -341.073212 -155.702316 166.213211
v -341.213196 -150.000000 166.213211
v -342.228546 -150.000000 165.146774
v -346.218842 -180.363739 146.472031
v -344.366516 -161.756577 161.667114
v -346.388153 -168.006241 156.480499
v -347.032806 -174.273834 150.852707
v -342.087341 -155.752136 165.146774
v -345.150513 -161.833786 160.423080
v -346.912354 -168.083984 155.106689
v -347.279694 -174.322937 149.401917
v -343.047943 -155.799316 164.031799
v -343.190308 -150.000000 164.031799
v -344.096222 -150.000000 162.870972
v -345.872772 -161.904938 159.141907
v -347.369263 -168.151764 153.708542
v -347.456482 -174.358109 147.940521
v -343.952759 -155.843781 162.870972
v -344.944092 -150.000000 161.667114
v -346.531647 -161.969818 157.826660
v -347.757721 -168.209396 152.289398
v -347.562714 -174.379242 146.472031
v -344.799622 -155.885376 161.667114
v -347.125488 -162.028305 156.480499
v -348.076874 -168.256729 150.852707
v -345.586426 -155.924026 160.423080
v -345.731873 -150.000000 160.423080
v -346.457642 -150.000000 159.141907
v -347.652863 -162.080246 155.106689
v -348.325867 -168.293671 149.401917
v -346.311340 -155.959641 159.141907
v -347.119690 -150.000000 157.826660
v -348.112518 -162.125519 153.708542
v -348.504181 -168.320114 147.940521
v -346.972595 -155.992126 157.826660
v -347.716400 -150.000000 156.480499
v -348.503357 -162.164017 152.289398
v -348.611328 -168.336014 146.472031
v -347.568573 -156.021408 156.480499
v -348.824432 -162.195648 150.852707
v -348.097870 -156.047409 155.106689
v -348.246307 -150.000000 155.106689
v -348.708221 -150.000000 153.708542
v -349.074951 -162.220322 149.401917
v -348.559204 -156.070068 153.708542
v -349.100952 -150.000000 152.289398
v -349.254333 -162.237976 147.940521
v -348.951447 -156.089340 152.289398
v -349.423553 -150.000000 150.852707
v -349.362122 -162.248596 146.472031
v -349.273682 -156.105179 150.852707
v -349.525116 -156.117523 149.401917
v -349.675293 -150.000000 149.401917
v -349.705139 -156.126373 147.940521
v -349.855530 -150.000000 147.940521
v -349.813354 -156.131683 146.472031
v 321.355835 -154.733658 174.963867
v 321.472015 -150.000000 174.963867
v 320.000000 -150.000000 175.000000
v 319.885559 -154.661423 175.000000
v 322.822540 -154.805710 174.855545
v 322.940521 -150.000000 174.855545
v 324.282166 -154.877426 174.675293
v 324.401917 -150.000000 174.675293
v 325.731232 -154.948608 174.423553
v 325.852722 -150.000000 174.423553
v 321.007477 -159.455917 174.963867
v 319.542542 -159.311630 175.000000
v 327.166199 -155.019104 174.100937
v 327.289398 -150.000000 174.100937
v 322.468903 -159.599854 174.855545
v 328.583618 -155.088730 173.708206
v 328.708527 -150.000000 173.708206
v 323.923279 -159.743088 174.675293
v 329.980103 -155.157349 173.246323
v 330.106689 -150.000000 173.246323
v 325.367065 -159.885300 174.423553
v 331.352234 -155.224747 172.716385
v 331.480499 -150.000000 172.716385
v 320.427856 -164.155380 174.963867
v 318.971771 -163.939392 175.000000
v 326.796844 -160.026108 174.100937
v 332.696777 -155.290802 172.119675
v 332.826660 -150.000000 172.119675
v 321.880463 -164.370865 174.855545
v 328.209167 -160.165222 173.708206
v 334.010437 -155.355347 171.457642
v 334.141907 -150.000000 171.457642
v 323.326050 -164.585297 174.675293
v 329.600586 -160.302261 173.246323
v 335.290070 -155.418198 170.731857
v 335.423096 -150.000000 170.731857
v 324.761139 -164.798172 174.423553
v 330.967773 -160.436920 172.716385
v 336.532593 -155.479248 169.944092
v 336.667114 -150.000000 169.944092
v 319.618347 -168.820755 174.963867
v 318.174591 -168.533585 175.000000
v 326.182281 -165.008972 174.100937
v 332.307434 -160.568863 172.119675
v 337.735016 -155.538315 169.096222
v 337.870972 -150.000000 169.096222
v 321.058624 -169.107254 174.855545
v 327.586060 -165.217209 173.708206
v 333.616364 -160.697784 171.457642
v 338.894440 -155.595276 168.190308
v 339.031799 -150.000000 168.190308
v 322.491943 -169.392349 174.675293
v 328.969086 -165.422348 173.246323
v 334.891357 -160.823349 170.731857
v 340.008057 -155.649979 167.228531
v 340.146759 -150.000000 167.228531
v 323.914856 -169.675385 174.423553
v 330.328003 -165.623932 172.716385
v 336.129395 -160.945297 169.944092
v 318.580872 -173.440796 174.963867
v 317.152954 -173.083115 175.000000
v 341.073212 -155.702316 166.213211
v 341.213196 -150.000000 166.213211
v 325.323944 -169.955673 174.100937
v 331.659607 -165.821457 172.119675
v 337.327484 -161.063293 169.096222
v 320.005371 -173.797607 174.855545
v 342.087341 -155.752136 165.146774
v 342.228546 -150.000000 165.146774
v 326.715820 -170.232529 173.708206
v 332.960602 -166.014450 171.457642
v 338.482697 -161.177078 168.190308
v 321.422974 -174.152695 174.675293
v 343.047943 -155.799316 164.031799
v 343.190308 -150.000000 164.031799
v 328.087097 -170.505295 173.246323
v 334.227905 -166.202438 170.731857
v 339.592316 -161.286362 167.228531
v 322.830292 -174.505203 174.423553
v 343.952759 -155.843781 162.870972
v 344.096222 -150.000000 162.870972
v 329.434509 -170.773315 172.716385
v 335.458466 -166.384964 169.944092
v 317.317963 -178.004349 174.963867
v 315.909332 -177.577042 175.000000
v 340.653595 -161.390884 166.213211
v 324.223907 -174.854294 174.100937
v 344.799622 -155.885376 161.667114
v 344.944092 -150.000000 161.667114
v 330.754791 -171.035934 172.119675
v 336.649323 -166.561615 169.096222
v 318.723236 -178.430634 174.855545
v 341.664032 -161.490402 165.146774
v 325.600525 -175.199127 173.708206
v 345.586426 -155.924026 160.423080
v 345.731873 -150.000000 160.423080
v 332.044769 -171.292526 171.457642
v 337.797577 -166.731934 168.190308
v 320.121704 -178.854858 174.675293
v 342.621185 -161.584671 164.031799
v 326.956787 -175.538849 173.246323
v 346.311340 -155.959641 159.141907
v 346.457642 -150.000000 159.141907
v 333.301331 -171.542480 170.731857
v 338.900482 -166.895538 167.228531
v 321.510040 -179.276001 174.423553
v 343.522736 -161.673477 162.870972
v 328.289429 -175.872650 172.716385
v 346.972595 -155.992126 157.826660
v 347.119690 -150.000000 157.826660
v 334.521454 -171.785172 169.944092
v 315.832672 -182.500443 174.963867
v 314.446686 -182.004532 175.000000
v 339.955383 -167.052017 166.213211
v 322.884857 -179.693054 174.100937
v 344.366516 -161.756577 161.667114
v 329.595215 -176.199738 172.119675
v 347.568573 -156.021408 156.480499
v 347.716400 -150.000000 156.480499
v 335.702209 -172.020035 169.096222
v 317.215302 -182.995163 174.855545
v 340.959717 -167.201004 165.146774
v 324.242889 -180.104996 173.708206
v 345.150513 -161.833786 160.423080
v 330.871063 -176.519318 171.457642
v 348.097870 -156.047409 155.106689
v 348.246307 -150.000000 155.106689
v 336.840698 -172.246506 168.190308
v 318.591278 -183.487503 174.675293
v 341.911072 -167.342117 164.031799
v 325.580841 -180.510864 173.246323
v 345.872772 -161.904938 159.141907
v 332.113831 -176.830627 170.731857
v 348.559204 -156.070068 153.708542
v 348.708221 -150.000000 153.708542
v 337.934265 -172.464020 167.228531
v 319.957275 -183.976257 174.423553
v 342.807190 -167.475052 162.870972
v 326.895477 -180.909653 172.716385
v 346.531647 -161.969818 157.826660
v 333.320587 -177.132889 169.944092
v 348.951447 -156.089340 152.289398
v 349.100952 -150.000000 152.289398
v 314.128540 -186.918243 174.963867
v 312.768555 -186.354919 175.000000
v 338.980194 -172.672073 166.213211
v 321.309998 -184.460266 174.100937
v 343.645874 -167.599457 161.667114
v 328.183685 -181.300430 172.119675
v 347.125488 -162.028305 156.480499
v 334.488373 -177.425415 169.096222
v 349.273682 -156.105179 150.852707
v 349.423553 -150.000000 150.852707
v 315.485229 -187.480209 174.855545
v 339.976013 -172.870148 165.146774
v 322.646149 -184.938354 173.708206
v 344.425110 -167.715042 160.423080
v 329.442291 -181.682220 171.457642
v 347.652863 -162.080246 155.106689
v 335.614410 -177.707474 168.190308
v 349.525116 -156.117523 149.401917
v 349.675293 -150.000000 149.401917
v 316.835388 -188.039459 174.675293
v 340.919312 -173.057785 164.031799
v 323.962585 -185.409378 173.246323
v 345.143036 -167.821533 159.141907
v 330.668304 -182.054123 170.731857
v 348.112518 -162.125519 153.708542
v 336.695953 -177.978378 167.228531
v 349.705139 -156.126373 147.940521
v 349.855530 -150.000000 147.940521
v 318.175751 -188.594666 174.423553
v 341.807831 -173.234528 162.870972
v 325.256073 -185.872208 172.716385
v 345.797913 -167.918686 157.826660
v 331.858765 -182.415253 169.944092
v 348.503357 -162.164017 152.289398
v 312.209686 -191.247101 174.963867
v 310.878998 -190.617737 175.000000
v 337.730438 -178.237503 166.213211
v 349.813354 -156.131683 146.472031
v 349.963867 -150.000000 146.472031
v 319.503082 -189.144455 174.100937
v 342.639404 -173.399933 161.667114
v 326.523560 -186.325699 172.119675
v 346.388153 -168.006241 156.480499
v 333.010803 -182.764709 169.096222
v 348.824432 -162.195648 150.852707
v 313.537170 -191.874969 174.855545
v 338.715332 -178.484207 165.146774
v 320.814209 -189.687546 173.708206
v 343.412018 -173.553619 160.423080
v 327.761902 -186.768799 171.457642
v 346.912354 -168.083984 155.106689
v 334.121613 -183.101685 168.190308
v 349.074951 -162.220322 149.401917
v 314.858276 -192.499802 174.675293
v 339.648285 -178.717911 164.031799
v 322.105927 -190.222595 173.246323
v 344.123871 -173.695206 159.141907
v 328.968201 -187.200409 170.731857
v 347.369263 -168.151764 153.708542
v 335.188599 -183.425339 167.228531
v 349.254333 -162.237976 147.940521
v 316.169769 -193.120087 174.423553
v 340.527069 -178.938019 162.870972
v 323.375153 -190.748322 172.716385
v 344.773193 -173.824371 157.826660
v 330.139496 -187.619522 169.944092
v 347.757721 -168.209396 152.289398
v 310.080750 -195.476593 174.963867
v 308.782532 -194.782684 175.000000
v 336.209106 -183.734909 166.213211
v 349.362122 -162.248596 146.472031
v 317.468536 -193.734360 174.100937
v 341.349518 -179.144043 161.667114
v 324.618835 -191.263474 172.119675
v 345.358429 -173.940781 156.480499
v 331.273010 -188.025085 169.096222
v 348.076874 -168.256729 150.852707
v 311.375824 -196.168839 174.855545
v 337.180725 -184.029648 165.146774
v 318.751404 -194.341110 173.708206
v 342.113678 -179.335449 160.423080
v 325.833984 -191.766800 171.457642
v 345.878174 -174.044159 155.106689
v 332.365967 -188.416153 168.190308
v 348.325867 -168.293671 149.401917
v 312.664673 -196.857742 174.675293
v 338.101074 -184.308838 164.031799
v 320.015320 -194.938904 173.246323
v 342.817719 -179.511795 159.141907
v 327.017639 -192.257080 170.731857
v 346.331177 -174.134277 153.708542
v 333.415771 -188.791779 167.228531
v 348.504181 -168.320114 147.940521
v 313.944153 -197.541641 174.423553
v 338.967987 -184.571808 162.870972
v 321.257233 -195.526276 172.716385
v 343.459900 -179.672668 157.826660
v 328.166962 -192.733154 169.944092
v 346.716370 -174.210892 152.289398
v 307.746826 -199.596542 174.963867
v 306.484222 -198.839767 175.000000
v 334.419861 -189.151047 166.213211
v 348.611328 -168.336014 146.472031
v 315.211212 -198.218887 174.100937
v 339.779327 -184.817932 161.667114
v 322.474152 -196.101837 172.119675
v 344.038727 -179.817642 156.480499
v 329.279175 -193.193848 169.096222
v 347.032806 -174.273834 150.852707
v 309.006378 -200.351486 174.855545
v 335.375824 -189.493103 165.146774
v 316.462769 -198.887863 173.708206
v 340.533173 -185.046616 160.423080
v 323.663116 -196.664169 171.457642
v 344.552795 -179.946411 155.106689
v 330.351654 -193.638077 168.190308
v 347.279694 -174.322937 149.401917
v 310.259857 -201.102798 174.675293
v 336.281403 -189.817123 164.031799
v 317.695831 -199.546951 173.246323
v 341.227722 -185.257294 159.141907
v 324.821289 -197.211945 170.731857
v 345.000824 -180.058640 153.708542
v 331.381744 -194.064758 167.228531
v 347.456482 -174.358109 147.940521
v 311.504242 -201.848648 174.423553
v 337.134338 -190.122314 162.870972
v 318.907410 -200.194565 172.716385
v 341.861237 -185.449478 157.826660
v 325.945862 -197.743835 169.944092
v 345.381775 -180.154068 152.289398
v 305.213562 -203.596985 174.963867
v 303.989624 -202.779175 175.000000
v 332.367004 -194.472870 166.213211
v 347.562714 -174.379242 146.472031
v 312.736542 -202.587265 174.100937
v 337.932648 -190.407944 161.667114
v 320.094604 -200.829132 172.119675
v 342.432251 -185.622681 156.480499
v 327.034149 -198.258560 169.096222
v 345.694733 -180.232452 150.852707
v 306.434570 -204.412842 174.855545
v 333.305054 -194.861420 165.146774
v 313.953796 -203.316849 173.708206
v 338.674377 -190.673340 160.423080
v 321.254578 -201.449142 171.457642
v 342.939362 -185.776520 155.106689
v 328.083527 -198.754883 168.190308
v 345.938934 -180.293625 149.401917
v 307.649658 -205.224747 174.675293
v 334.193604 -195.229477 164.031799
v 315.153015 -204.035645 173.246323
v 339.357727 -190.917847 159.141907
v 322.384460 -202.053085 170.731857
v 343.381378 -185.910599 153.708542
v 329.091461 -199.231583 167.228531
v 346.113770 -180.337418 147.940521
v 308.855957 -206.030762 174.423553
v 335.030579 -195.576157 162.870972
v 316.331360 -204.741913 172.716385
v 339.981049 -191.140884 157.826660
v 323.481598 -202.639511 169.944092
v 343.757202 -186.024597 152.289398
v 302.487061 -207.468323 174.963867
v 301.304718 -206.591431 175.000000
v 330.055481 -199.687546 166.213211
v 346.218842 -180.363739 146.472031
v 310.050537 -206.828949 174.100937
v 335.813873 -195.900620 161.667114
v 317.485992 -205.433975 172.119675
v 340.542877 -191.341904 156.480499
v 324.543304 -203.207016 169.096222
v 344.065918 -186.118256 150.852707
v 303.666565 -208.343094 174.855545
v 330.973328 -200.121658 165.146774
v 311.230499 -207.617371 173.708206
v 336.541687 -196.202087 160.423080
v 318.614136 -206.110153 171.457642
v 341.041840 -191.520432 155.106689
v 325.567078 -203.754211 168.190308
v 344.306824 -186.191330 149.401917
v 304.840363 -209.213654 174.675293
v 331.842773 -200.532867 164.031799
v 312.393036 -208.394150 173.246323
v 337.212219 -196.479828 159.141907
v 319.713043 -206.768814 170.731857
v 341.476746 -191.676041 153.708542
v 326.550385 -204.279816 167.228531
v 344.479309 -186.243652 147.940521
v 306.005646 -210.077896 174.423553
v 332.661713 -200.920197 162.870972
v 313.535309 -209.157394 172.716385
v 337.823883 -196.733185 157.826660
v 320.780060 -207.408371 169.944092
v 341.846497 -191.808350 152.289398
v 299.573883 -211.201202 174.963867
v 298.436005 -210.267365 175.000000
v 327.490906 -204.782532 166.213211
v 344.582947 -186.275101 146.472031
v 307.159607 -210.933731 174.100937
v 333.428162 -201.282700 161.667114
v 314.654572 -209.905273 172.119675
v 338.375153 -196.961533 156.480499
v 321.812683 -208.027283 169.096222
v 342.150269 -191.917038 150.852707
v 300.709045 -212.132797 174.855545
v 328.386322 -205.261154 165.146774
v 308.299469 -211.779099 173.708206
v 334.140320 -201.619522 160.423080
v 315.748169 -210.635986 171.457642
v 338.864746 -197.164322 155.106689
v 322.808350 -208.624054 168.190308
v 342.387299 -192.001846 149.401917
v 301.838715 -213.059906 174.675293
v 329.234558 -205.714523 164.031799
v 309.422485 -212.611984 173.246323
v 334.796417 -201.929825 159.141907
v 316.813446 -211.347778 170.731857
v 339.291473 -197.341080 153.708542
v 323.764679 -209.197266 167.228531
v 342.557007 -192.062561 147.940521
v 302.960205 -213.980286 174.423553
v 330.033508 -206.141571 162.870972
v 310.525940 -213.430359 172.716385
v 335.394867 -202.212891 157.826660
v 317.847809 -212.038925 169.944092
v 339.654327 -197.491379 152.289398
v 296.481049 -214.786652 174.963867
v 295.390350 -213.798096 175.000000
v 324.679382 -209.745529 166.213211
v 342.658997 -192.099060 146.472031
v 304.070770 -214.891708 174.100937
v 330.781250 -206.541245 161.667114
v 311.607178 -214.232269 172.119675
v 335.934296 -202.468018 156.480499
v 318.848785 -212.707764 169.096222
v 339.952393 -197.614838 150.852707
v 297.569122 -215.772827 174.855545
v 325.550262 -210.267517 165.146774
v 305.167786 -215.792007 173.708206
v 331.475983 -206.912598 160.423080
v 312.663605 -215.015762 171.457642
v 336.413361 -202.694595 155.106689
v 319.813965 -213.352676 168.190308
v 340.184967 -197.711166 149.401917
v 298.651947 -216.754242 174.675293
v 326.375214 -210.761963 164.031799
v 306.248566 -216.678986 173.246323
v 332.116089 -207.254730 159.141907
v 313.692657 -215.778946 170.731857
v 336.830902 -202.892075 153.708542
v 320.741028 -213.972122 167.228531
v 340.351471 -197.780151 147.940521
v 299.726929 -217.728546 174.423553
v 327.152252 -211.227692 162.870972
v 307.310547 -217.550522 172.716385
v 332.699951 -207.566818 157.826660
v 314.691864 -216.520020 169.944092
v 337.185913 -203.059982 152.289398
v 293.216034 -218.216034 174.963867
v 292.175140 -217.175140 175.000000
v 321.627747 -214.564590 166.213211
v 340.451569 -197.821594 146.472031
v 300.791443 -218.693359 174.100937
v 327.879486 -211.663589 161.667114
v 308.351135 -218.404510 172.119675
v 333.226196 -207.848099 156.480499
v 315.658813 -217.237167 169.096222
v 337.477570 -203.197922 150.852707
v 294.254395 -219.254395 174.855545
v 322.471954 -215.128677 165.146774
v 301.842957 -219.646393 173.708206
v 328.555176 -212.068573 160.423080
v 309.367828 -219.238892 171.457642
v 333.693542 -208.097916 155.106689
v 316.591187 -217.928665 168.190308
v 337.705139 -203.305557 149.401917
v 295.287781 -220.287766 174.675293
v 323.271667 -215.663025 164.031799
v 302.878937 -220.585342 173.246323
v 329.177704 -212.441711 159.141907
v 310.358185 -220.051666 170.731857
v 334.100891 -208.315643 153.708542
v 317.486755 -218.592850 167.228531
v 337.868073 -203.382629 147.940521
v 296.313629 -221.313629 174.423553
v 324.024902 -216.166321 162.870972
v 303.896851 -221.507935 172.716385
v 329.745544 -212.782059 157.826660
v 311.319855 -220.840866 169.944092
v 334.447266 -208.500778 152.289398
v 289.786652 -221.481064 174.963867
v 288.798096 -220.390350 175.000000
v 318.343323 -219.228119 166.213211
v 337.966003 -203.428940 146.472031
v 297.329529 -222.329529 174.100937
v 324.729858 -216.637360 161.667114
v 304.894287 -222.411957 172.119675
v 330.257355 -213.088837 156.480499
v 312.250458 -221.604584 169.096222
v 334.731781 -208.652863 150.852707
v 290.772827 -222.569138 174.855545
v 319.158844 -219.832962 165.146774
v 298.333008 -223.333008 173.708206
v 325.384857 -217.075027 160.423080
v 305.868805 -223.295227 171.457642
v 330.711884 -213.361267 155.106689
v 313.147766 -222.341003 168.190308
v 334.953796 -208.771530 149.401917
v 291.754242 -223.651962 174.675293
v 319.931335 -220.405884 164.031799
v 299.321655 -224.321655 173.246323
v 325.988342 -217.478241 159.141907
v 306.818115 -224.155609 170.731857
v 331.108063 -213.598724 153.708542
v 314.009644 -223.048340 167.228531
v 335.112762 -208.856491 147.940521
v 292.728546 -224.726929 174.423553
v 320.658997 -220.945541 162.870972
v 300.293091 -225.293091 172.716385
v 326.538788 -217.846054 157.826660
v 307.739868 -224.991043 169.944092
v 331.444916 -213.800629 152.289398
v 286.201202 -224.573883 174.963867
v 285.267365 -223.435989 175.000000
v 314.834015 -223.724869 166.213211
v 335.208282 -208.907562 146.472031
v 293.693359 -225.791443 174.100937
v 321.339996 -221.450607 161.667114
v 301.244965 -226.244965 172.119675
v 327.034943 -218.177567 156.480499
v 308.631866 -225.799515 169.096222
v 331.721649 -213.966492 150.852707
v 287.132812 -225.709045 174.855545
v 315.618896 -224.368988 165.146774
v 294.646393 -226.842957 173.708206
v 321.972748 -221.919891 160.423080
v 302.174988 -227.174973 171.457642
v 327.475586 -218.471985 155.106689
v 309.492004 -226.579071 168.190308
v 331.937561 -214.095917 149.401917
v 288.059906 -226.838715 174.675293
v 316.362335 -224.979141 164.031799
v 295.585358 -227.878922 173.246323
v 322.555695 -222.352234 159.141907
v 303.080902 -228.080917 170.731857
v 327.859619 -218.728592 153.708542
v 310.318115 -227.327850 167.228531
v 332.092163 -214.188583 147.940521
v 288.980286 -227.960205 174.423553
v 317.062622 -225.553848 162.870972
v 296.507935 -228.896851 172.716385
v 323.087433 -222.746613 157.826660
v 303.960571 -228.960571 169.944092
v 328.186157 -218.946793 152.289398
v 282.468323 -227.487061 174.963867
v 281.591431 -226.304718 175.000000
v 311.108307 -228.044022 166.213211
v 332.185089 -214.244263 146.472031
v 289.891724 -229.070786 174.100937
v 317.718048 -226.091721 161.667114
v 297.411957 -229.894287 172.119675
v 323.566711 -223.102066 156.480499
v 304.811829 -229.811829 169.096222
v 328.454407 -219.126022 150.852707
v 283.343109 -228.666565 174.855545
v 311.860626 -228.725876 165.146774
v 290.791992 -230.167786 173.708206
v 318.326996 -226.591476 160.423080
v 298.295227 -230.868820 171.457642
v 323.992371 -223.417755 155.106689
v 305.632660 -230.632660 168.190308
v 328.663727 -219.265884 149.401917
v 284.213654 -229.840363 174.675293
v 312.573242 -229.371765 164.031799
v 291.678986 -231.248581 173.246323
v 318.888031 -227.051910 159.141907
v 299.155609 -231.818100 170.731857
v 324.363373 -223.692902 153.708542
v 306.421051 -231.421066 167.228531
v 328.813599 -219.366028 147.940521
v 285.077881 -231.005661 174.423553
v 313.244476 -229.980133 162.870972
v 292.550507 -232.310547 172.716385
v 319.399780 -227.471909 157.826660
v 299.991058 -232.739868 169.944092
v 324.678802 -223.926849 152.289398
v 278.596985 -230.213562 174.963867
v 277.779175 -228.989609 175.000000
v 307.175140 -232.175140 166.213211
v 328.903656 -219.426208 146.472031
v 285.933716 -232.159622 174.100937
v 313.872711 -230.549530 161.667114
v 293.404510 -233.351135 172.119675
v 319.861053 -227.850449 156.480499
v 300.799530 -233.631882 169.096222
v 324.937927 -224.119034 150.852707
v 279.412842 -231.434555 174.855545
v 307.893097 -232.893097 165.146774
v 286.779114 -233.299484 173.708206
v 314.456421 -231.078568 160.423080
v 294.238892 -234.367828 171.457642
v 320.270691 -228.186646 155.106689
v 301.579071 -234.491989 168.190308
v 325.140137 -224.268982 149.401917
v 280.224731 -232.649673 174.675293
v 308.573181 -233.573166 164.031799
v 287.612000 -234.422485 173.246323
v 314.994171 -231.565964 159.141907
v 295.051666 -235.358200 170.731857
v 320.627747 -228.479660 153.708542
v 302.327850 -235.318130 167.228531
v 325.284912 -224.376358 147.940521
v 281.030762 -233.855957 174.423553
v 309.213745 -234.213745 162.870972
v 288.430359 -235.525940 172.716385
v 315.484711 -232.010559 157.826660
v 295.840851 -236.319839 169.944092
v 320.931335 -228.728806 152.289398
v 274.596527 -232.746826 174.963867
v 273.839752 -231.484222 175.000000
v 303.044006 -236.108307 166.213211
v 325.371918 -224.440887 146.472031
v 281.828949 -235.050537 174.100937
v 309.813293 -234.813278 161.667114
v 289.232269 -236.607178 172.119675
v 315.926849 -232.411285 156.480499
v 296.604584 -237.250443 169.096222
v 321.180725 -228.933472 150.852707
v 275.351501 -234.006378 174.855545
v 303.725861 -236.860611 165.146774
v 282.617371 -236.230499 173.708206
v 310.370331 -235.370316 160.423080
v 290.015747 -237.663605 171.457642
v 316.319489 -232.767166 155.106689
v 297.341003 -238.147766 168.190308
v 321.375305 -229.093170 149.401917
v 276.102783 -235.259872 174.675293
v 304.371765 -237.573242 164.031799
v 283.394165 -237.393021 173.246323
v 310.883514 -235.883514 159.141907
v 290.778961 -238.692657 170.731857
v 316.661743 -233.077362 153.708542
v 298.048340 -239.009659 167.228531
v 321.514648 -229.207520 147.940521
v 276.848663 -236.504257 174.423553
v 304.980133 -238.244476 162.870972
v 284.157410 -238.535309 172.716385
v 311.351654 -236.351654 157.826660
v 291.520020 -239.691864 169.944092
v 316.952728 -233.341095 152.289398
v 270.476593 -235.080734 174.963867
v 269.782684 -233.782516 175.000000
v 298.724884 -239.834015 166.213211
v 321.598358 -229.276230 146.472031
v 277.587250 -237.736557 174.100937
v 305.549530 -238.872711 161.667114
v 284.905273 -239.654587 172.119675
v 311.773590 -236.773590 156.480499
v 292.237152 -240.658813 169.096222
v 317.191772 -233.557755 150.852707
v 271.168854 -236.375824 174.855545
v 299.368988 -240.618881 165.146774
v 278.316833 -238.953781 173.708206
v 306.078552 -239.456406 160.423080
v 285.635986 -240.748169 171.457642
v 312.148315 -237.148315 155.106689
v 292.928650 -241.591202 168.190308
v 317.378296 -233.726807 149.401917
v 271.857727 -237.664658 174.675293
v 299.979126 -241.362350 164.031799
v 279.035645 -240.153015 173.246323
v 306.565979 -239.994171 159.141907
v 286.347778 -241.813431 170.731857
v 312.474915 -237.474915 153.708542
v 293.592865 -242.486755 167.228531
v 317.511841 -233.847855 147.940521
v 272.541626 -238.944153 174.423553
v 300.553833 -242.062622 162.870972
v 279.741913 -241.331375 172.716385
v 307.010559 -240.484711 157.826660
v 287.038910 -242.847809 169.944092
v 312.752625 -237.752609 152.289398
v 266.247101 -237.209686 174.963867
v 265.617737 -235.878983 175.000000
v 294.228119 -243.343323 166.213211
v 317.592102 -233.920609 146.472031
v 273.218903 -240.211197 174.100937
v 301.091736 -242.718033 161.667114
v 280.433990 -242.486008 172.119675
v 307.411285 -240.926849 156.480499
v 287.707764 -243.848785 169.096222
v 312.980743 -237.980743 150.852707
v 266.874969 -238.537170 174.855545
v 294.832947 -244.158844 165.146774
v 273.887878 -241.462769 173.708206
v 301.591492 -243.326996 160.423080
v 281.110138 -243.614136 171.457642
v 307.767181 -241.319504 155.106689
v 288.352661 -244.813980 168.190308
v 313.158752 -238.158752 149.401917
v 267.499786 -239.858261 174.675293
v 295.405884 -244.931351 164.031799
v 274.546967 -242.695831 173.246323
v 302.051910 -243.888031 159.141907
v 281.768799 -244.713043 170.731857
v 308.077362 -241.661743 153.708542
v 288.972107 -245.741043 167.228531
v 313.286194 -238.286194 147.940521
v 268.120087 -241.169769 174.423553
v 295.945526 -245.658981 162.870972
v 275.194550 -243.907425 172.716385
v 302.471893 -244.399796 157.826660
v 282.408356 -245.780075 169.944092
v 308.341095 -241.952728 152.289398
v 261.918243 -239.128540 174.963867
v 261.354919 -237.768555 175.000000
v 289.564606 -246.627747 166.213211
v 313.362793 -238.362793 146.472031
v 268.734344 -242.468521 174.100937
v 296.450623 -246.339996 161.667114
v 275.829132 -245.094620 172.119675
v 302.850464 -244.861053 156.480499
v 283.027283 -246.812668 169.096222
v 308.557770 -242.191772 150.852707
v 262.480225 -240.485229 174.855545
v 290.128693 -247.471970 165.146774
v 269.341125 -243.751404 173.708206
v 296.919891 -246.972733 160.423080
v 276.449127 -246.254562 171.457642
v 303.186646 -245.270691 155.106689
v 283.624054 -247.808334 168.190308
v 308.726807 -242.378296 149.401917
v 263.039459 -241.835388 174.675293
v 290.663025 -248.271652 164.031799
v 269.938904 -245.015335 173.246323
v 297.352234 -247.555695 159.141907
v 277.053070 -247.384460 170.731857
v 303.479645 -245.627747 153.708542
v 284.197266 -248.764679 167.228531
v 308.847870 -242.511856 147.940521
v 263.594666 -243.175751 174.423553
v 291.166321 -249.024887 162.870972
v 270.526276 -246.257233 172.716385
v 297.746613 -248.087448 157.826660
v 277.639496 -248.481598 169.944092
v 303.728790 -245.931320 152.289398
v 257.500458 -240.832672 174.963867
v 257.004547 -239.446686 175.000000
v 284.745514 -249.679382 166.213211
v 308.920593 -242.592117 146.472031
v 264.144470 -244.503082 174.100937
v 291.637360 -249.729858 161.667114
v 271.101837 -247.474136 172.119675
v 298.102051 -248.566727 156.480499
v 278.207001 -249.543320 169.096222
v 303.933472 -246.180710 150.852707
v 257.995178 -242.215317 174.855545
v 285.267517 -250.550262 165.146774
v 264.687531 -245.814194 173.708206
v 292.075012 -250.384872 160.423080
v 271.664185 -248.663116 171.457642
v 298.417755 -248.992371 155.106689
v 278.754211 -250.567062 168.190308
v 304.093170 -246.375305 149.401917
v 258.487488 -243.591278 174.675293
v 285.761963 -251.375214 164.031799
v 265.222595 -247.105927 173.246323
v 292.478241 -250.988342 159.141907
v 272.211945 -249.821289 170.731857
v 298.692902 -249.363373 153.708542
v 279.279816 -251.550385 167.228531
v 304.207520 -246.514633 147.940521
v 258.976257 -244.957275 174.423553
v 286.227692 -252.152237 162.870972
v 265.748322 -248.375153 172.716385
v 292.846069 -251.538803 157.826660
v 272.743835 -250.945862 169.944092
v 298.926849 -249.678802 152.289398
v 253.004349 -242.317978 174.963867
v 252.577042 -240.909332 175.000000
v 279.782532 -252.490891 166.213211
v 304.276245 -246.598373 146.472031
v 259.460266 -246.309982 174.100937
v 286.663574 -252.879471 161.667114
v 266.263489 -249.618835 172.119675
v 293.177582 -252.034943 156.480499
v 273.258575 -252.034149 169.096222
v 299.119019 -249.937943 150.852707
v 253.430634 -243.723236 174.855545
v 280.261139 -253.386337 165.146774
v 259.938354 -247.646164 173.708206
v 287.068573 -253.555176 160.423080
v 266.766785 -250.833969 171.457642
v 293.471985 -252.475571 155.106689
v 273.754883 -253.083527 168.190308
v 299.268982 -250.140137 149.401917
v 253.854858 -245.121704 174.675293
v 280.714539 -254.234558 164.031799
v 260.409393 -248.962585 173.246323
v 287.441711 -254.177689 159.141907
v 267.257080 -252.017624 170.731857
v 293.728607 -252.859619 153.708542
v 274.231598 -254.091446 167.228531
v 299.376373 -250.284912 147.940521
v 254.276001 -246.510025 174.423553
v 281.141571 -255.033493 162.870972
v 260.872192 -250.256088 172.716385
v 287.782074 -254.745544 157.826660
v 267.733154 -253.166962 169.944092
v 293.946777 -253.186157 152.289398
v 248.440796 -243.580887 174.963867
v 248.083115 -242.152969 175.000000
v 274.687561 -255.055496 166.213211
v 299.440887 -250.371918 146.472031
v 254.693054 -247.884857 174.100937
v 281.541260 -255.781235 161.667114
v 261.325714 -251.523544 172.119675
v 288.088837 -255.257355 156.480499
v 268.193848 -254.279190 169.096222
v 294.126038 -253.454407 150.852707
v 248.797607 -245.005356 174.855545
v 275.121643 -255.973343 165.146774
v 255.104996 -249.242889 173.708206
v 281.912598 -256.475983 160.423080
v 261.768799 -252.761917 171.457642
v 288.361267 -255.711899 155.106689
v 268.638092 -255.351639 168.190308
v 294.265869 -253.663727 149.401917
v 249.152695 -246.422958 174.675293
v 275.532867 -256.842773 164.031799
v 255.510864 -250.580841 173.246323
v 282.254730 -257.116058 159.141907
v 262.200409 -253.968201 170.731857
v 288.598724 -256.108063 153.708542
v 269.064758 -256.381744 167.228531
v 294.366028 -253.813583 147.940521
v 249.505203 -247.830276 174.423553
v 275.920197 -257.661713 162.870972
v 255.909653 -251.895493 172.716385
v 282.566803 -257.699951 157.826660
v 262.619507 -255.139496 169.944092
v 288.800629 -256.444916 152.289398
v 243.820755 -244.618347 174.963867
v 243.533585 -243.174606 175.000000
v 269.472870 -257.367004 166.213211
v 294.426208 -253.903656 146.472031
v 249.854294 -249.223923 174.100937
v 276.282715 -258.428162 161.667114
v 256.300415 -253.183670 172.119675
v 282.848114 -258.226196 156.480499
v 263.025085 -256.273010 169.096222
v 288.966492 -256.721649 150.852707
v 244.107254 -246.058609 174.855545
v 269.861420 -258.305054 165.146774
v 250.199127 -250.600525 173.708206
v 276.619507 -259.140320 160.423080
v 256.682220 -254.442291 171.457642
v 283.097900 -258.693542 155.106689
v 263.416168 -257.365967 168.190308
v 289.095917 -256.937561 149.401917
v 244.392349 -247.491928 174.675293
v 270.229462 -259.193604 164.031799
v 250.538849 -251.956787 173.246323
v 276.929840 -259.796417 159.141907
v 257.054138 -255.668304 170.731857
v 283.315643 -259.100891 153.708542
v 263.791779 -258.415771 167.228531
v 289.188568 -257.092163 147.940521
v 244.675385 -248.914856 174.423553
v 270.576141 -260.030579 162.870972
v 250.872650 -253.289413 172.716385
v 277.212891 -260.394867 157.826660
v 257.415253 -256.858765 169.944092
v 283.500763 -259.447266 152.289398
v 239.155380 -245.427872 174.963867
v 238.939392 -243.971771 175.000000
v 264.151062 -259.419861 166.213211
v 289.244263 -257.185089 146.472031
v 244.955673 -250.323944 174.100937
v 270.900604 -260.813873 161.667114
v 251.199738 -254.595230 172.119675
v 277.468018 -260.934296 156.480499
v 257.764709 -258.010803 169.096222
v 283.652863 -259.731781 150.852707
v 239.370865 -246.880463 174.855545
v 264.493103 -260.375824 165.146774
v 245.232529 -251.715805 173.708206
v 271.202087 -261.541687 160.423080
v 251.519318 -255.871063 171.457642
v 277.694580 -261.413361 155.106689
v 258.101685 -259.121613 168.190308
v 283.771515 -259.953796 149.401917
v 239.585297 -248.326035 174.675293
v 264.817108 -261.281403 164.031799
v 245.505295 -253.087097 173.246323
v 271.479828 -262.212219 159.141907
v 251.830627 -257.113831 170.731857
v 277.892090 -261.830902 153.708542
v 258.425354 -260.188599 167.228531
v 283.856506 -260.112762 147.940521
v 239.798172 -249.761139 174.423553
v 265.122314 -262.134338 162.870972
v 245.773315 -254.434509 172.716385
v 271.733185 -262.823883 157.826660
v 252.132889 -258.320587 169.944092
v 278.059998 -262.185913 152.289398
v 234.455917 -246.007492 174.963867
v 234.311630 -244.542542 175.000000
v 258.734924 -261.209106 166.213211
v 283.907562 -260.208282 146.472031
v 240.008972 -251.182281 174.100937
v 265.407959 -262.932648 161.667114
v 246.035934 -255.754791 172.119675
v 271.961517 -263.375153 156.480499
v 252.425415 -259.488373 169.096222
v 278.197937 -262.477570 150.852707
v 234.599854 -247.468903 174.855545
v 259.029633 -262.180725 165.146774
v 240.217209 -252.586060 173.708206
v 265.673340 -263.674377 160.423080
v 246.292526 -257.044769 171.457642
v 272.164337 -263.864746 155.106689
v 252.707474 -260.614410 168.190308
v 278.305573 -262.705139 149.401917
v 234.743088 -248.923264 174.675293
v 259.308838 -263.101074 164.031799
v 240.422348 -253.969070 173.246323
v 265.917847 -264.357727 159.141907
v 246.542480 -258.301331 170.731857
v 272.341095 -264.291473 153.708542
v 252.978378 -261.695953 167.228531
v 278.382629 -262.868073 147.940521
v 234.885300 -250.367081 174.423553
v 259.571808 -263.967987 162.870972
v 240.623932 -255.328018 172.716385
v 266.140869 -264.981049 157.826660
v 246.785172 -259.521454 169.944092
v 272.491364 -264.654327 152.289398
v 229.733658 -246.355820 174.963867
v 229.661423 -244.885574 175.000000
v 225.000000 -245.000000 175.000000
v 225.000000 -246.472031 174.963867
v 253.237503 -262.730438 166.213211
v 278.428925 -262.966003 146.472031
v 235.026108 -251.796860 174.100937
v 259.817932 -264.779327 161.667114
v 240.821457 -256.659607 172.119675
v 266.341919 -265.542877 156.480499
v 247.020035 -260.702209 169.096222
v 272.614838 -264.952393 150.852707
v 229.805710 -247.822540 174.855545
v 225.000000 -247.940521 174.855545
v 253.484207 -263.715332 165.146774
v 235.165222 -253.209152 173.708206
v 260.046600 -265.533173 160.423080
v 241.014450 -257.960602 171.457642
v 266.520447 -266.041840 155.106689
v 247.246506 -261.840698 168.190308
v 272.711182 -265.184967 149.401917
v 229.877426 -249.282181 174.675293
v 225.000000 -249.401917 174.675293
v 225.000000 -250.852707 174.423553
v 253.717911 -264.648285 164.031799
v 235.302261 -254.600571 173.246323
v 260.257294 -266.227722 159.141907
v 241.202438 -259.227905 170.731857
v 266.676056 -266.476746 153.708542
v 247.464020 -262.934265 167.228531
v 272.780151 -265.351471 147.940521
v 229.948608 -250.731232 174.423553
v 253.938019 -265.527069 162.870972
v 235.436920 -255.967773 172.716385
v 260.449463 -266.861237 157.826660
v 241.384964 -260.458466 169.944092
v 266.808350 -266.846497 152.289398
v 247.672073 -263.980194 166.213211
v 272.821594 -265.451569 146.472031
v 230.019104 -252.166199 174.100937
v 225.000000 -252.289398 174.100937
v 254.144043 -266.349518 161.667114
v 235.568863 -257.307434 172.119675
v 260.622681 -267.432251 156.480499
v 241.561615 -261.649323 169.096222
v 266.917023 -267.150269 150.852707
v 247.870148 -264.976013 165.146774
v 230.088730 -253.583618 173.708206
v 225.000000 -253.708542 173.708206
v 254.335449 -267.113678 160.423080
v 235.697784 -258.616364 171.457642
v 260.776520 -267.939362 155.106689
v 241.731934 -262.797577 168.190308
v 267.001831 -267.387299 149.401917
v 248.057785 -265.919312 164.031799
v 230.157349 -254.980087 173.246323
v 225.000000 -255.106689 173.246323
v 254.511795 -267.817719 159.141907
v 235.823349 -259.891357 170.731857
v 260.910583 -268.381378 153.708542
v 241.895538 -263.900482 167.228531
v 267.062561 -267.557007 147.940521
v 248.234528 -266.807831 162.870972
v 230.224747 -256.352234 172.716385
v 225.000000 -256.480499 172.716385
v 254.672668 -268.459900 157.826660
v 235.945297 -261.129395 169.944092
v 261.024597 -268.757202 152.289398
v 242.052017 -264.955383 166.213211
v 267.099060 -267.658997 146.472031
v 248.399933 -267.639404 161.667114
v 230.290802 -257.696777 172.119675
v 225.000000 -257.826660 172.119675
v 254.817642 -269.038727 156.480499
v 236.063293 -262.327484 169.096222
v 261.118256 -269.065918 150.852707
v 242.201004 -265.959717 165.146774
v 248.553619 -268.412018 160.423080
v 230.355347 -259.010437 171.457642
v 225.000000 -259.141907 171.457642
v 254.946411 -269.552795 155.106689
v 236.177078 -263.482697 168.190308
v 261.191315 -269.306824 149.401917
v 242.342117 -266.911072 164.031799
v 248.695206 -269.123871 159.141907
v 230.418198 -260.290070 170.731857
v 225.000000 -260.423096 170.731857
v 225.000000 -261.667114 169.944092
v 255.058640 -270.000824 153.708542
v 236.286362 -264.592316 167.228531
v 261.243652 -269.479309 147.940521
v 242.475052 -267.807190 162.870972
v 248.824371 -269.773193 157.826660
v 230.479248 -261.532593 169.944092
v 255.154068 -270.381775 152.289398
v 236.390884 -265.653595 166.213211
v 261.275085 -269.582947 146.472031
v 242.599457 -268.645874 161.667114
v 248.940781 -270.358429 156.480499
v 230.538315 -262.735016 169.096222
v 225.000000 -262.870972 169.096222
v 255.232452 -270.694733 150.852707
v 236.490402 -266.664032 165.146774
v 242.715042 -269.425110 160.423080
v 249.044159 -270.878174 155.106689
v 230.595276 -263.894440 168.190308
v 225.000000 -264.031799 168.190308
v 255.293625 -270.938934 149.401917
v 236.584671 -267.621185 164.031799
v 242.821533 -270.143036 159.141907
v 249.134277 -271.331177 153.708542
v 230.649979 -265.008057 167.228531
v 225.000000 -265.146759 167.228531
v 225.000000 -266.213196 166.213211
v 255.337418 -271.113770 147.940521
v 236.673477 -268.522736 162.870972
v 242.918686 -270.797913 157.826660
v 249.210892 -271.716370 152.289398
v 230.702316 -266.073212 166.213211
v 255.363739 -271.218842 146.472031
v 236.756577 -269.366516 161.667114
v 243.006241 -271.388153 156.480499
v 249.273834 -272.032806 150.852707
v 230.752136 -267.087341 165.146774
v 225.000000 -267.228546 165.146774
v 225.000000 -268.190308 164.031799
v 236.833786 -270.150513 160.423080
v 243.083984 -271.912354 155.106689
v 249.322937 -272.279694 149.401917
v 230.799316 -268.047943 164.031799
v 236.904938 -270.872772 159.141907
v 243.151764 -272.369263 153.708542
v 249.358109 -272.456482 147.940521
v 230.843781 -268.952759 162.870972
v 225.000000 -269.096222 162.870972
v 236.969818 -271.531647 157.826660
v 243.209396 -272.757721 152.289398
v 249.379242 -272.562714 146.472031
v 230.885376 -269.799622 161.667114
v 225.000000 -269.944092 161.667114
v 225.000000 -270.731873 160.423080
v 237.028305 -272.125488 156.480499
v 243.256729 -273.076874 150.852707
v 230.924026 -270.586426 160.423080
v 237.080246 -272.652863 155.106689
v 243.293671 -273.325867 149.401917
v 230.959641 -271.311340 159.141907
v 225.000000 -271.457642 159.141907
v 237.125519 -273.112518 153.708542
v 243.320114 -273.504181 147.940521
v 230.992126 -271.972595 157.826660
v 225.000000 -272.119690 157.826660
v 237.164017 -273.503357 152.289398
v 243.336014 -273.611328 146.472031
v 231.021408 -272.568573 156.480499
v 225.000000 -272.716400 156.480499
v 237.195648 -273.824432 150.852707
v 231.047409 -273.097870 155.106689
v 225.000000 -273.246307 155.106689
v 237.220322 -274.074951 149.401917
v 231.070068 -273.559204 153.708542
v 225.000000 -273.708221 153.708542
v 237.237976 -274.254333 147.940521
v 231.089340 -273.951447 152.289398
v 225.000000 -274.100952 152.289398
v 237.248596 -274.362122 146.472031
v 231.105179 -274.273682 150.852707
v 225.000000 -274.423553 150.852707
v 231.117523 -274.525116 149.401917
v 225.000000 -274.675293 149.401917
v 231.126373 -274.705139 147.940521
v 225.000000 -274.855530 147.940521
v 231.131683 -274.813354 146.472031
v 225.000000 -274.963867 146.472031
vn 0.000000 1.000000 0.000000
vn 0.000000 1.000000 -0.000000
vn 0.000000 1.000000 0.000000
vn 0.000000 1.000000 -0.000000
vn 0.000000 1.000000 0.000000
vn 0.000000 1.000000 -0.000000
vn 0.000000 1.000000 0.000000
vn 0.000000 1.000000 -0.000000
vn 0.000000 1.000000 0.000000
vn 0.000000 1.000000 -0.000000
vn 0.000000 1.000000 0.000000
vn 0.000000 1.000000 -0.000000
vn 0.000000 1.000000 0.000000
vn 0.000000 1.000000 -0.000000
vn 0.000000 1.000000 0.000000
vn 0.000000 1.000000 -0.000000
vn 0.000000 1.000000 0.000000
vn 0.000000 1.000000 -0.000000
vn 0.000000 1.000000 0.000000
vn 0.000000 1.000000 -0.000000
vn 0.000000 1.000000 0.000000
vn 0.000000 1.000000 -0.000000
vn 0.000000 1.000000 0.000000
vn 0.000000 1.000000 -0.000000
vn 0.000000 1.000000 0.000000
vn 0.000000 1.000000 -0.000000
vn 0.000000 1.000000 0.000000
vn 0.000000 1.000000 -0.000000
vn 0.000000 1.000000 -0.000000
vn 0.000000 1.000000 0.000000
vn 0.000000 1.000000 -0.000000
vn 0.000000 1.000000 0.000000
vn 0.000000 1.000000 0.000000
vn 0.000000 1.000000 0.000000
vn 0.000000 1.000000 0.000000
vn 0.000000 1.000000 0.000000
vn 0.000000 1.000000 0.000000
vn 0.000000 1.000000 0.000000
vn 0.000000 1.000000 0.000000
vn 0.000000 1.000000 0.000000
vn 0.000000 1.000000 0.000000
vn 0.000000 1.000000 0.000000
vn 0.000000 1.000000 0.000000
vn 0.000000 1.000000 0.000000
vn 0.000000 1.000000 0.000000
vn 0.000000 1.000000 -0.000000
vn 0.000000 1.000000 -0.000000
vn 0.000000 1.000000 -0.000000
vn 0.000000 1.000000 -0.000000
vn 0.000000 1.000000 -0.000000
vn 0.000000 1.000000 -0.000000
vn 0.000000 1.000000 -0.000000
vn 0.000000 1.000000 -0.000000
vn 0.000000 1.000000 -0.000000
vn 0.000000 1.000000 -0.000000
vn 0.000000 1.000000 -0.000000
vn 0.000000 1.000000 -0.000000
vn 0.000000 1.000000 -0.000000
vn 0.000000 1.000000 -0.000000
vn 0.000000 1.000000 -0.000000
vn 0.000000 1.000000 -0.000000
vn 0.000000 1.000000 -0.000000
vn 0.000000 1.000000 -0.000000
vn 0.000000 1.000000 -0.000000
vn 0.000000 1.000000 -0.000000
vn 0.000000 1.000000 -0.000000
vn 0.000000 1.000000 -0.000000
vn 0.000000 1.000000 -0.000000
vn 0.000000 1.000000 -0.000000
vn 0.000000 1.000000 -0.000000
vn 0.000000 1.000000 -0.000000
vn 0.000000 1.000000 -0.000000
vn 0.000000 1.000000 -0.000000
vn 0.000000 1.000000 -0.000000
vn 0.000000 1.000000 0.000000
vn 0.000000 1.000000 0.000000
vn 0.000000 1.000000 0.000000
vn 0.000000 1.000000 0.000000
vn 0.000000 1.000000 0.000000
vn 0.000000 1.000000 0.000000
vn 0.000000 1.000000 0.000000
vn 0.000000 1.000000 0.000000
vn 0.000000 1.000000 0.000000
vn 0.000000 1.000000 0.000000
vn 0.000000 1.000000 0.000000
vn 0.000000 1.000000 0.000000
vn 0.000000 1.000000 0.000000
vn 0.000000 1.000000 -0.000000
vn 0.000000 1.000000 -0.000000
vn 0.000000 1.000000 -0.000000
vn 0.000000 1.000000 0.000000
vn -0.000000 1.000000 0.000000
vn -0.024542 0.999699 0.000000
vn -0.024542 0.999699 0.000000
vn -0.073562 0.997291 0.000000
vn -0.073562 0.997291 0.000000
vn -0.122412 0.992479 0.000000
vn -0.122412 0.992479 0.000000
vn -0.170960 0.985278 0.000000
vn -0.170960 0.985278 0.000000
vn -0.219103 0.975702 0.000000
vn -0.219103 0.975702 0.000000
vn -0.266711 0.963776 0.000000
vn -0.266711 0.963776 0.000000
vn -0.313685 0.949527 0.000000
vn -0.313685 0.949527 0.000000
vn -0.359892 0.932994 0.000000
vn -0.359892 0.932994 0.000000
vn -0.405242 0.914209 0.000000
vn -0.405242 0.914209 0.000000
vn -0.449613 0.893223 0.000000
vn -0.449613 0.893223 0.000000
vn -0.492897 0.870087 0.000000
vn -0.492897 0.870087 0.000000
vn -0.534996 0.844855 0.000000
vn -0.534996 0.844855 0.000000
vn -0.575810 0.817584 0.000000
vn -0.575810 0.817584 0.000000
vn -0.615230 0.788348 0.000000
vn -0.615230 0.788348 0.000000
vn -0.653174 0.757208 0.000000
vn -0.653174 0.757208 0.000000
vn -0.689540 0.724247 0.000000
vn -0.689540 0.724247 0.000000
vn -0.724246 0.689542 0.000000
vn -0.724246 0.689542 0.000000
vn -0.757209 0.653173 0.000000
vn -0.757209 0.653173 0.000000
vn -0.788347 0.615231 0.000000
vn -0.788347 0.615231 0.000000
vn -0.817584 0.575809 0.000000
vn -0.817584 0.575809 0.000000
vn -0.844855 0.534995 0.000000
vn -0.844855 0.534995 0.000000
vn -0.870087 0.492897 0.000000
vn -0.893224 0.449612 0.000000
vn -0.870087 0.492897 0.000000
vn -0.893224 0.449612 0.000000
vn -0.914208 0.405244 0.000000
vn -0.914208 0.405244 0.000000
vn -0.932994 0.359891 0.000000
vn -0.932994 0.359891 0.000000
vn -0.949527 0.313685 0.000000
vn -0.963776 0.266711 0.000000
vn -0.949527 0.313685 0.000000
vn -0.963776 0.266711 0.000000
vn -0.975702 0.219103 0.000000
vn -0.975702 0.219103 0.000000
vn -0.985278 0.170960 0.000000
vn -0.985278 0.170960 0.000000
vn -0.992479 0.122412 0.000000
vn -0.992479 0.122412 0.000000
vn -0.997291 0.073562 0.000000
vn -0.997291 0.073562 0.000000
vn -0.999699 0.024542 0.000000
vn -0.999699 0.024542 0.000000
vn -0.000000 0.024539 0.999699
vn -0.000000 0.073564 0.997290
vn -0.000000 0.024539 0.999699
vn -0.000000 0.122415 0.992479
vn -0.000000 0.073564 0.997290
vn -0.000000 0.170964 0.985277
vn -0.000000 0.122415 0.992479
vn -0.000000 0.219099 0.975703
vn -0.000000 0.170964 0.985277
vn -0.000000 0.266713 0.963776
vn -0.000000 0.219099 0.975703
vn -0.000000 0.313681 0.949529
vn -0.000000 0.266713 0.963776
vn -0.000000 0.359896 0.932993
vn -0.000000 0.313681 0.949529
vn -0.000000 0.359896 0.932993
vn -0.000000 0.405240 0.914210
vn -0.000000 0.405240 0.914210
vn -0.000000 0.449608 0.893226
vn -0.000000 0.492898 0.870087
vn -0.000000 0.449608 0.893226
vn -0.000000 0.534997 0.844854
vn -0.000000 0.492898 0.870087
vn -0.000000 0.575816 0.817579
vn -0.000000 0.534997 0.844854
vn -0.000000 0.615230 0.788348
vn -0.000000 0.575816 0.817579
vn -0.000000 0.653175 0.757207
vn -0.000000 0.615230 0.788348
vn -0.000000 0.689536 0.724251
vn -0.000000 0.653175 0.757207
vn -0.000000 0.724241 0.689547
vn -0.000000 0.689536 0.724251
vn -0.000000 0.757216 0.653164
vn -0.000000 0.724241 0.689547
vn -0.000000 0.788348 0.615230
vn -0.000000 0.757216 0.653164
vn -0.000000 0.817579 0.575816
vn -0.000000 0.788348 0.615230
vn -0.000000 0.844852 0.535000
vn -0.000000 0.817579 0.575816
vn -0.000000 0.870089 0.492895
vn -0.000000 0.844852 0.535000
vn -0.000000 0.893222 0.449616
vn -0.000000 0.870089 0.492895
vn -0.000000 0.914210 0.405240
vn -0.000000 0.893222 0.449616
vn -0.000000 0.914210 0.405240
vn -0.000000 0.933000 0.359877
vn -0.000000 0.949522 0.313699
vn 0.000000 0.933000 0.359877
vn -0.000000 0.963776 0.266713
vn -0.000000 0.949522 0.313699
vn -0.000000 0.963776 0.266713
vn -0.000000 0.975705 0.219089
vn -0.000000 0.985277 0.170964
vn 0.000000 0.975705 0.219089
vn -0.000000 0.992480 0.122405
vn -0.000000 0.985277 0.170964
vn -0.000000 0.997290 0.073575
vn -0.000000 0.992480 0.122405
vn -0.000000 0.999699 0.024539
vn -0.000000 0.997290 0.073575
vn -0.000000 0.999699 0.024539
vn 0.999699 0.024542 -0.000000
vn 0.999699 0.024542 0.000000
vn 0.997291 0.073562 0.000000
vn 0.992479 0.122412 0.000000
vn 0.997291 0.073562 0.000000
vn 0.985278 0.170960 0.000000
vn 0.992479 0.122412 0.000000
vn 0.975702 0.219103 0.000000
vn 0.985278 0.170960 0.000000
vn 0.963776 0.266711 0.000000
vn 0.975702 0.219103 0.000000
vn 0.949527 0.313685 0.000000
vn 0.963776 0.266711 0.000000
vn 0.932994 0.359891 0.000000
vn 0.949527 0.313685 0.000000
vn 0.932994 0.359891 0.000000
vn 0.914208 0.405244 0.000000
vn 0.914208 0.405244 0.000000
vn 0.893224 0.449612 0.000000
vn 0.893224 0.449612 0.000000
vn 0.870087 0.492897 0.000000
vn 0.844855 0.534995 0.000000
vn 0.870087 0.492897 0.000000
vn 0.817584 0.575809 0.000000
vn 0.844855 0.534995 0.000000
vn 0.788347 0.615231 0.000000
vn 0.817584 0.575809 0.000000
vn 0.757209 0.653173 0.000000
vn 0.788347 0.615231 0.000000
vn 0.724246 0.689542 0.000000
vn 0.757209 0.653173 0.000000
vn 0.689540 0.724247 0.000000
vn 0.724246 0.689542 0.000000
vn 0.653174 0.757208 0.000000
vn 0.689540 0.724247 0.000000
vn 0.615230 0.788348 0.000000
vn 0.653174 0.757208 0.000000
vn 0.575810 0.817584 0.000000
vn 0.615230 0.788348 0.000000
vn 0.534996 0.844855 0.000000
vn 0.575810 0.817584 0.000000
vn 0.492897 0.870087 0.000000
vn 0.534996 0.844855 0.000000
vn 0.449613 0.893223 0.000000
vn 0.492897 0.870087 0.000000
vn 0.405242 0.914209 0.000000
vn 0.449613 0.893223 0.000000
vn 0.359892 0.932994 0.000000
vn 0.405242 0.914209 0.000000
vn 0.313685 0.949527 0.000000
vn 0.359892 0.932994 0.000000
vn 0.266711 0.963776 0.000000
vn 0.313685 0.949527 0.000000
vn 0.219103 0.975702 0.000000
vn 0.266711 0.963776 0.000000
vn 0.170960 0.985278 0.000000
vn 0.219103 0.975702 0.000000
vn 0.122412 0.992479 0.000000
vn 0.170960 0.985278 0.000000
vn 0.073562 0.997291 0.000000
vn 0.122412 0.992479 0.000000
vn 0.024542 0.999699 0.000000
vn 0.073562 0.997291 0.000000
vn 0.024542 0.999699 0.000000
vn 0.822680 0.000000 0.568505
vn 0.822680 0.000000 0.568505
vn 0.849208 0.000000 0.528058
vn 0.849208 0.000000 0.528058
vn 0.873749 0.000000 0.486377
vn 0.873749 0.000000 0.486377
vn 0.896247 0.000000 0.443556
vn 0.896247 0.000000 0.443556
vn 0.916647 0.000000 0.399698
vn 0.916647 0.000000 0.399698
vn 0.934902 0.000000 0.354905
vn 0.934902 0.000000 0.354905
vn 0.950971 0.000000 0.309281
vn 0.950971 0.000000 0.309281
vn 0.964814 0.000000 0.262934
vn 0.964814 0.000000 0.262934
vn 0.976399 0.000000 0.215974
vn 0.976399 0.000000 0.215974
vn 0.985701 0.000000 0.168505
vn 0.985701 0.000000 0.168505
vn 0.992696 0.000000 0.120642
vn 0.992696 0.000000 0.120642
vn 0.997368 0.000000 0.072500
vn 0.997368 0.000000 0.072500
vn 0.999707 0.000000 0.024184
vn 0.999707 0.000000 0.024184
vn 0.999692 0.000000 -0.024803
vn 0.999692 0.000000 -0.024803
vn 0.997232 0.000000 -0.074348
vn 0.997232 0.000000 -0.074348
vn 0.992318 0.000000 -0.123710
vn 0.992318 0.000000 -0.123710
vn 0.984962 0.000000 -0.172769
vn 0.984962 0.000000 -0.172769
vn 0.975183 0.000000 -0.221401
vn 0.975183 0.000000 -0.221401
vn 0.963003 0.000000 -0.269490
vn 0.963003 0.000000 -0.269490
vn 0.948454 0.000000 -0.316914
vn 0.948454 0.000000 -0.316914
vn 0.931571 0.000000 -0.363559
vn 0.931571 0.000000 -0.363559
vn 0.912396 0.000000 -0.409309
vn 0.912396 0.000000 -0.409309
vn 0.890974 0.000000 -0.454054
vn 0.890974 0.000000 -0.454054
vn 0.867362 0.000000 -0.497677
vn 0.867362 0.000000 -0.497677
vn 0.841614 0.000000 -0.540080
vn 0.841614 0.000000 -0.540080
vn 0.813796 0.000000 -0.581151
vn 0.813796 0.000000 -0.581151
vn 0.783974 0.000000 -0.620794
vn 0.783974 0.000000 -0.620794
vn 0.752223 0.000000 -0.658908
vn 0.752223 0.000000 -0.658908
vn 0.718622 0.000000 -0.695401
vn 0.718622 0.000000 -0.695401
vn 0.683254 0.000000 -0.730181
vn 0.683254 0.000000 -0.730181
vn 0.646201 0.000000 -0.763167
vn 0.646201 0.000000 -0.763167
vn 0.607560 0.000000 -0.794274
vn 0.607560 0.000000 -0.794274
vn 0.567424 0.000000 -0.823426
vn 0.567424 0.000000 -0.823426
vn 0.525892 0.000000 -0.850552
vn 0.525892 0.000000 -0.850552
vn 0.483064 0.000000 -0.875585
vn 0.483064 0.000000 -0.875585
vn 0.439049 0.000000 -0.898463
vn 0.439049 0.000000 -0.898463
vn 0.393951 0.000000 -0.919131
vn 0.393951 0.000000 -0.919131
vn 0.347889 0.000000 -0.937536
vn 0.347889 0.000000 -0.937536
vn 0.300964 0.000000 -0.953635
vn 0.300964 0.000000 -0.953635
vn 0.253305 0.000000 -0.967387
vn 0.253305 0.000000 -0.967387
vn 0.205016 0.000000 -0.978759
vn 0.205016 0.000000 -0.978759
vn 0.156231 0.000000 -0.987721
vn 0.156231 0.000000 -0.987721
vn 0.107055 0.000000 -0.994253
vn 0.107055 0.000000 -0.994253
vn 0.057615 0.000000 -0.998339
vn 0.057615 0.000000 -0.998339
vn 0.008037 0.000000 -0.999968
vn 0.008037 0.000000 -0.999968
vn -0.041562 0.000000 -0.999136
vn -0.041562 -0.000000 -0.999136
vn -0.091060 0.000000 -0.995845
vn -0.091060 -0.000000 -0.995845
vn -0.140333 0.000000 -0.990104
vn -0.140333 -0.000000 -0.990104
vn -0.189263 0.000000 -0.981926
vn -0.189263 -0.000000 -0.981926
vn -0.237722 0.000000 -0.971333
vn -0.237722 -0.000000 -0.971333
vn -0.285599 0.000000 -0.958349
vn -0.285599 -0.000000 -0.958349
vn -0.332773 0.000000 -0.943007
vn -0.332773 -0.000000 -0.943007
vn -0.379127 0.000000 -0.925345
vn -0.379127 -0.000000 -0.925345
vn -0.424552 0.000000 -0.905404
vn -0.424552 -0.000000 -0.905404
vn -0.468929 0.000000 -0.883236
vn -0.468929 -0.000000 -0.883236
vn -0.512152 -0.000000 -0.858895
vn -0.512152 0.000000 -0.858895
vn -0.554115 -0.000000 -0.832440
vn -0.554115 0.000000 -0.832440
vn -0.594716 -0.000000 -0.803936
vn -0.594716 0.000000 -0.803936
vn -0.633852 -0.000000 -0.773455
vn -0.633852 0.000000 -0.773455
vn -0.671428 -0.000000 -0.741069
vn -0.671428 0.000000 -0.741069
vn -0.707353 -0.000000 -0.706861
vn -0.707353 0.000000 -0.706861
vn -0.741535 -0.000000 -0.670914
vn -0.741535 0.000000 -0.670914
vn -0.773896 -0.000000 -0.633313
vn -0.773896 0.000000 -0.633313
vn -0.804349 -0.000000 -0.594157
vn -0.804349 0.000000 -0.594157
vn -0.832825 -0.000000 -0.553536
vn -0.832825 0.000000 -0.553536
vn -0.859251 -0.000000 -0.511555
vn -0.859251 0.000000 -0.511555
vn -0.883562 -0.000000 -0.468314
vn -0.883562 0.000000 -0.468314
vn -0.905699 -0.000000 -0.423922
vn -0.905699 0.000000 -0.423922
vn -0.925608 -0.000000 -0.378485
vn -0.925608 0.000000 -0.378485
vn -0.943238 -0.000000 -0.332119
vn -0.943238 0.000000 -0.332119
vn -0.958548 -0.000000 -0.284931
vn -0.958548 0.000000 -0.284931
vn -0.971498 -0.000000 -0.237047
vn -0.971498 0.000000 -0.237047
vn -0.982058 0.000000 -0.188577
vn -0.982058 -0.000000 -0.188577
vn -0.990202 -0.000000 -0.139644
vn -0.990202 0.000000 -0.139644
vn -0.995909 0.000000 -0.090367
vn -0.995909 -0.000000 -0.090367
vn -0.999165 0.000000 -0.040869
vn -0.999165 -0.000000 -0.040869
vn -0.999962 0.000000 0.008732
vn -0.999962 0.000000 0.008732
vn -0.998298 0.000000 0.058311
vn -0.998298 0.000000 0.058311
vn -0.994179 0.000000 0.107744
vn -0.994179 0.000000 0.107744
vn -0.987612 0.000000 0.156916
vn -0.987612 0.000000 0.156916
vn -0.978616 0.000000 0.205698
vn -0.978616 0.000000 0.205698
vn -0.967210 0.000000 0.253978
vn -0.967210 0.000000 0.253978
vn -0.953426 0.000000 0.301628
vn -0.953426 0.000000 0.301628
vn -0.937294 0.000000 0.348539
vn -0.937294 0.000000 0.348539
vn -0.918857 0.000000 0.394592
vn -0.918857 0.000000 0.394592
vn -0.898158 0.000000 0.439673
vn -0.898158 0.000000 0.439673
vn -0.875248 0.000000 0.483674
vn -0.875248 0.000000 0.483674
vn -0.850186 0.000000 0.526482
vn -0.850186 0.000000 0.526482
vn -0.823031 0.000000 0.567997
vn -0.823031 0.000000 0.567997
vn -0.000602 0.024539 0.999699
vn -0.000602 0.024539 0.999699
vn -0.001806 0.073564 0.997289
vn -0.001806 0.073564 0.997289
vn -0.003005 0.122414 0.992475
vn -0.003005 0.122414 0.992475
vn -0.004197 0.170963 0.985269
vn -0.004197 0.170962 0.985269
vn -0.001806 0.024480 0.999699
vn -0.001806 0.024480 0.999699
vn -0.005378 0.219096 0.975689
vn -0.005378 0.219095 0.975689
vn -0.005413 0.073388 0.997289
vn -0.005413 0.073387 0.997289
vn -0.006547 0.266708 0.963755
vn -0.006547 0.266710 0.963755
vn -0.009008 0.122119 0.992474
vn -0.009008 0.122119 0.992475
vn -0.007700 0.313670 0.949501
vn -0.007700 0.313671 0.949500
vn -0.012580 0.170550 0.985269
vn -0.012581 0.170549 0.985269
vn -0.008835 0.359881 0.932956
vn -0.008834 0.359883 0.932955
vn -0.003005 0.024362 0.999699
vn -0.009008 0.073033 0.997289
vn -0.003005 0.024361 0.999699
vn -0.016122 0.218567 0.975689
vn -0.016122 0.218567 0.975689
vn -0.009948 0.405220 0.914165
vn -0.009948 0.405219 0.914165
vn -0.009008 0.073033 0.997289
vn -0.014989 0.121530 0.992475
vn -0.019626 0.266068 0.963754
vn -0.019626 0.266068 0.963755
vn -0.011037 0.449580 0.893172
vn -0.011037 0.449581 0.893171
vn -0.014989 0.121531 0.992474
vn -0.023082 0.312915 0.949501
vn -0.026483 0.359017 0.932955
vn -0.023082 0.312914 0.949501
vn -0.012101 0.492862 0.870023
vn -0.012099 0.492866 0.870021
vn -0.020934 0.169727 0.985269
vn -0.020934 0.169726 0.985269
vn -0.026828 0.217513 0.975689
vn -0.026482 0.359013 0.932957
vn -0.013134 0.534951 0.844781
vn -0.013134 0.534950 0.844782
vn -0.004196 0.024185 0.999699
vn -0.004196 0.024185 0.999699
vn -0.026828 0.217514 0.975689
vn -0.029818 0.404249 0.914163
vn -0.029820 0.404243 0.914165
vn -0.033084 0.448498 0.893171
vn -0.014134 0.575759 0.817497
vn -0.014135 0.575754 0.817501
vn -0.012581 0.072504 0.997289
vn -0.012581 0.072503 0.997289
vn -0.032657 0.264784 0.963755
vn -0.032658 0.264782 0.963755
vn -0.038408 0.311406 0.949501
vn -0.033082 0.448493 0.893174
vn -0.015102 0.615160 0.788258
vn -0.015101 0.615161 0.788257
vn -0.020935 0.120649 0.992474
vn -0.020935 0.120648 0.992475
vn -0.038408 0.311407 0.949500
vn -0.036268 0.491682 0.870019
vn -0.036269 0.491679 0.870021
vn -0.016033 0.653091 0.757110
vn -0.016033 0.653091 0.757110
vn -0.029237 0.168495 0.985269
vn -0.029237 0.168495 0.985269
vn -0.044066 0.357281 0.932957
vn -0.044066 0.357281 0.932957
vn -0.039366 0.533659 0.844783
vn -0.039365 0.533661 0.844782
vn -0.042368 0.574367 0.817501
vn -0.005378 0.023950 0.999699
vn -0.005378 0.023950 0.999699
vn -0.016925 0.689436 0.724149
vn -0.016925 0.689437 0.724148
vn -0.037468 0.215935 0.975689
vn -0.037469 0.215935 0.975689
vn -0.049617 0.402299 0.914163
vn -0.049618 0.402294 0.914165
vn -0.042366 0.574363 0.817504
vn -0.016123 0.071799 0.997289
vn -0.016123 0.071799 0.997289
vn -0.017776 0.724127 0.689438
vn -0.017776 0.724126 0.689439
vn -0.045611 0.262863 0.963755
vn -0.045611 0.262861 0.963755
vn -0.055049 0.446338 0.893170
vn -0.055051 0.446329 0.893174
vn -0.045267 0.613686 0.788252
vn -0.045268 0.613679 0.788257
vn -0.026829 0.119476 0.992475
vn -0.026829 0.119476 0.992474
vn -0.018585 0.757086 0.653051
vn -0.018585 0.757086 0.653051
vn -0.053642 0.309148 0.949500
vn -0.053642 0.309144 0.949501
vn -0.060351 0.489311 0.870019
vn -0.060352 0.489308 0.870020
vn -0.048056 0.651518 0.757109
vn -0.048059 0.651508 0.757118
vn -0.037469 0.166857 0.985269
vn -0.037469 0.166858 0.985269
vn -0.019349 0.788203 0.615112
vn -0.019350 0.788200 0.615114
vn -0.061544 0.354690 0.932956
vn -0.061545 0.354688 0.932957
vn -0.065504 0.531085 0.844783
vn -0.065504 0.531087 0.844782
vn -0.006547 0.023657 0.999699
vn -0.006547 0.023657 0.999699
vn -0.019627 0.070921 0.997289
vn -0.050731 0.687784 0.724140
vn -0.050734 0.687775 0.724149
vn -0.048019 0.213836 0.975689
vn -0.048019 0.213835 0.975689
vn -0.020065 0.817415 0.575700
vn -0.020067 0.817410 0.575707
vn -0.069299 0.399375 0.914165
vn -0.069299 0.399378 0.914164
vn -0.070500 0.571591 0.817504
vn -0.070500 0.571592 0.817504
vn -0.019626 0.070921 0.997289
vn -0.053287 0.722390 0.689429
vn -0.053290 0.722381 0.689439
vn -0.058454 0.260307 0.963755
vn -0.058454 0.260308 0.963755
vn -0.020738 0.844670 0.534885
vn -0.020735 0.844679 0.534872
vn -0.076886 0.443094 0.893172
vn -0.076885 0.443099 0.893170
vn -0.075326 0.610720 0.788255
vn -0.075325 0.610725 0.788252
vn -0.032659 0.118015 0.992474
vn -0.032659 0.118015 0.992475
vn -0.055715 0.755254 0.653060
vn -0.055712 0.755262 0.653050
vn -0.068745 0.306140 0.949501
vn -0.068745 0.306139 0.949501
vn -0.021355 0.869891 0.492782
vn -0.021357 0.869885 0.492792
vn -0.084286 0.485755 0.870022
vn -0.084286 0.485758 0.870020
vn -0.079968 0.648370 0.757114
vn -0.079969 0.648366 0.757118
vn -0.058453 0.211222 0.975689
vn -0.045611 0.164819 0.985269
vn -0.045611 0.164819 0.985269
vn -0.058001 0.786304 0.615112
vn -0.058002 0.786302 0.615114
vn -0.078874 0.351243 0.932956
vn -0.078874 0.351246 0.932955
vn -0.021922 0.893007 0.449508
vn -0.021922 0.893006 0.449510
vn -0.091482 0.527232 0.844782
vn -0.091482 0.527233 0.844782
vn -0.007700 0.023307 0.999699
vn -0.007700 0.023307 0.999699
vn -0.008834 0.022901 0.999699
vn -0.084418 0.684467 0.724140
vn -0.084421 0.684456 0.724150
vn -0.058453 0.211222 0.975689
vn -0.071156 0.257125 0.963755
vn -0.060151 0.815448 0.575697
vn -0.060153 0.815441 0.575706
vn -0.062160 0.842644 0.534872
vn -0.088811 0.395497 0.914164
vn -0.098532 0.438788 0.893172
vn -0.088811 0.395494 0.914165
vn -0.022438 0.913980 0.405138
vn -0.022436 0.913984 0.405131
vn -0.098459 0.567444 0.817504
vn -0.098460 0.567444 0.817504
vn -0.105200 0.606289 0.788255
vn -0.023083 0.069872 0.997289
vn -0.023083 0.069873 0.997289
vn -0.088666 0.718906 0.689429
vn -0.088666 0.718906 0.689429
vn -0.071156 0.257125 0.963755
vn -0.062154 0.842633 0.534889
vn -0.098532 0.438788 0.893172
vn -0.022895 0.932755 0.359783
vn -0.022899 0.932748 0.359800
vn -0.105203 0.606296 0.788250
vn -0.038411 0.116272 0.992474
vn -0.038411 0.116271 0.992475
vn -0.092701 0.751618 0.653052
vn -0.092702 0.751611 0.653060
vn -0.083685 0.302398 0.949501
vn -0.083685 0.302397 0.949501
vn -0.064014 0.867789 0.492792
vn -0.064010 0.867799 0.492775
vn -0.108020 0.481038 0.870019
vn -0.108020 0.481034 0.870022
vn -0.023300 0.949269 0.313600
vn -0.023304 0.949265 0.313614
vn -0.111687 0.643660 0.757118
vn -0.111686 0.643665 0.757114
vn -0.117902 0.679490 0.724150
vn -0.053644 0.162381 0.985269
vn -0.053644 0.162383 0.985269
vn -0.096513 0.782505 0.615119
vn -0.096512 0.782509 0.615114
vn -0.096014 0.346951 0.932956
vn -0.096014 0.346953 0.932955
vn -0.065716 0.890852 0.449515
vn -0.065715 0.890855 0.449510
vn -0.117243 0.522105 0.844784
vn -0.126185 0.561929 0.817504
vn -0.117243 0.522108 0.844782
vn -0.023654 0.963509 0.266629
vn -0.023656 0.963506 0.266639
vn -0.008834 0.022901 0.999699
vn -0.117906 0.679497 0.724142
vn -0.068747 0.208100 0.975689
vn -0.068747 0.208101 0.975688
vn -0.100089 0.811515 0.575696
vn -0.100090 0.811514 0.575697
vn -0.108111 0.390664 0.914163
vn -0.108111 0.390660 0.914165
vn -0.119946 0.433424 0.893172
vn -0.067255 0.911782 0.405131
vn -0.067258 0.911777 0.405141
vn -0.126189 0.561935 0.817500
vn -0.023945 0.975425 0.219026
vn -0.023949 0.975422 0.219041
vn -0.026484 0.068656 0.997289
vn -0.026484 0.068656 0.997289
vn -0.123839 0.713689 0.689429
vn -0.123839 0.713688 0.689430
vn -0.083687 0.253324 0.963755
vn -0.083687 0.253324 0.963755
vn -0.098422 0.297927 0.949501
vn -0.103430 0.838568 0.534889
vn -0.103427 0.838576 0.534876
vn -0.106519 0.863612 0.492776
vn -0.119945 0.433422 0.893173
vn -0.068638 0.930502 0.359800
vn -0.068636 0.930504 0.359794
vn -0.134825 0.600393 0.788258
vn -0.134824 0.600404 0.788250
vn -0.024180 0.984989 0.170914
vn -0.024180 0.984989 0.170913
vn -0.044070 0.114247 0.992474
vn -0.044070 0.114246 0.992475
vn -0.061546 0.159553 0.985269
vn -0.129471 0.746164 0.653052
vn -0.129473 0.746158 0.653058
vn -0.134792 0.776827 0.615119
vn -0.098422 0.297928 0.949501
vn -0.106515 0.863605 0.492788
vn -0.131493 0.475159 0.870020
vn -0.131493 0.475153 0.870022
vn -0.069855 0.946982 0.313599
vn -0.069854 0.946985 0.313593
vn -0.143136 0.637404 0.757118
vn -0.143135 0.637416 0.757108
vn -0.024356 0.992186 0.122368
vn -0.024357 0.992186 0.122371
vn -0.061547 0.159554 0.985269
vn -0.078876 0.204476 0.975688
vn -0.134791 0.776826 0.615120
vn -0.139789 0.805626 0.575696
vn -0.112923 0.341822 0.932956
vn -0.112923 0.341822 0.932956
vn -0.109346 0.886560 0.449506
vn -0.111916 0.907378 0.405141
vn -0.109348 0.886555 0.449515
vn -0.142720 0.515724 0.844784
vn -0.142719 0.515727 0.844782
vn -0.070901 0.961188 0.266629
vn -0.070903 0.961185 0.266638
vn -0.009947 0.022440 0.999699
vn -0.009947 0.022440 0.999699
vn -0.151103 0.672893 0.724142
vn -0.151104 0.672885 0.724150
vn -0.024474 0.996991 0.073558
vn -0.024473 0.996991 0.073553
vn -0.024532 0.999398 0.024531
vn -0.024535 0.999398 0.024520
vn -0.078875 0.204476 0.975689
vn -0.139788 0.805625 0.575698
vn -0.127149 0.384886 0.914164
vn -0.127149 0.384889 0.914163
vn -0.111919 0.907382 0.405132
vn -0.153607 0.555065 0.817501
vn -0.153606 0.555067 0.817500
vn -0.071777 0.973071 0.219045
vn -0.071776 0.973072 0.219041
vn -0.029821 0.067274 0.997289
vn -0.029821 0.067274 0.997289
vn -0.158707 0.706752 0.689430
vn -0.165927 0.738907 0.653058
vn -0.158707 0.706754 0.689428
vn -0.096017 0.248913 0.963755
vn -0.096017 0.248912 0.963755
vn -0.144451 0.832491 0.534876
vn -0.144450 0.832495 0.534870
vn -0.141066 0.427016 0.893173
vn -0.141066 0.427015 0.893173
vn -0.116239 0.942416 0.313593
vn -0.114216 0.926015 0.359794
vn -0.114217 0.926013 0.359799
vn -0.164122 0.593055 0.788258
vn -0.164122 0.593065 0.788250
vn -0.072480 0.982617 0.170909
vn -0.072481 0.982617 0.170913
vn -0.049622 0.111946 0.992475
vn -0.049622 0.111946 0.992474
vn -0.165927 0.738907 0.653058
vn -0.112922 0.292739 0.949501
vn -0.112922 0.292738 0.949502
vn -0.148760 0.857339 0.492788
vn -0.148762 0.857334 0.492797
vn -0.152714 0.880127 0.449506
vn -0.154649 0.468132 0.870021
vn -0.154649 0.468129 0.870022
vn -0.116234 0.942411 0.313611
vn -0.174238 0.629626 0.757108
vn -0.174239 0.629610 0.757121
vn -0.073011 0.989795 0.122377
vn -0.073010 0.989795 0.122371
vn -0.069301 0.156342 0.985269
vn -0.069301 0.156342 0.985269
vn -0.172747 0.769275 0.615121
vn -0.172747 0.769276 0.615120
vn -0.129560 0.335870 0.932955
vn -0.129560 0.335870 0.932956
vn -0.152714 0.880127 0.449506
vn -0.156301 0.900799 0.405132
vn -0.167856 0.508102 0.844782
vn -0.167856 0.508105 0.844780
vn -0.117978 0.956552 0.266626
vn -0.117980 0.956548 0.266638
vn -0.011036 0.021925 0.999699
vn -0.011036 0.021925 0.999699
vn -0.183935 0.664667 0.724145
vn -0.183935 0.664661 0.724150
vn -0.073363 0.994591 0.073534
vn -0.073546 0.996990 0.024519
vn -0.073369 0.994588 0.073558
vn -0.073540 0.996990 0.024546
vn -0.088814 0.200359 0.975689
vn -0.088814 0.200361 0.975688
vn -0.179151 0.797796 0.575696
vn -0.179151 0.797795 0.575698
vn -0.145881 0.378182 0.914165
vn -0.145881 0.378183 0.914164
vn -0.156301 0.900798 0.405133
vn -0.180658 0.546854 0.817505
vn -0.180658 0.546859 0.817501
vn -0.119439 0.968375 0.219054
vn -0.119437 0.968377 0.219045
vn -0.033085 0.065729 0.997289
vn -0.033085 0.065730 0.997289
vn -0.193193 0.698113 0.689431
vn -0.193192 0.698116 0.689428
vn -0.201981 0.729876 0.653058
vn -0.108114 0.243903 0.963755
vn -0.108114 0.243900 0.963755
vn -0.127149 0.286844 0.949502
vn -0.185125 0.824399 0.534879
vn -0.185124 0.824404 0.534871
vn -0.161851 0.419580 0.893173
vn -0.161851 0.419583 0.893171
vn -0.159511 0.919294 0.359799
vn -0.159510 0.919296 0.359794
vn -0.162336 0.935572 0.313611
vn -0.204918 0.620304 0.757121
vn -0.193023 0.584290 0.788256
vn -0.193023 0.584297 0.788250
vn -0.121492 0.985020 0.122376
vn -0.120611 0.977877 0.170909
vn -0.120609 0.977879 0.170900
vn -0.055055 0.109376 0.992475
vn -0.055056 0.109377 0.992474
vn -0.201984 0.729879 0.653054
vn -0.145884 0.329109 0.932955
vn -0.127149 0.286845 0.949502
vn -0.190649 0.849002 0.492797
vn -0.190648 0.849004 0.492793
vn -0.177434 0.459977 0.870022
vn -0.177434 0.459979 0.870021
vn -0.162341 0.935577 0.313593
vn -0.204923 0.620310 0.757115
vn -0.122078 0.989793 0.073534
vn -0.121489 0.985019 0.122387
vn -0.076889 0.152753 0.985269
vn -0.076889 0.152753 0.985269
vn -0.210285 0.759876 0.615117
vn -0.210285 0.759873 0.615121
vn -0.145884 0.329109 0.932955
vn -0.195720 0.871572 0.449506
vn -0.195718 0.871578 0.449495
vn -0.192583 0.499251 0.844784
vn -0.192583 0.499257 0.844780
vn -0.164772 0.949611 0.266626
vn -0.164776 0.949605 0.266643
vn -0.166809 0.961348 0.219054
vn -0.012099 0.021357 0.999699
vn -0.012099 0.021357 0.999699
vn -0.216329 0.654839 0.724146
vn -0.216329 0.654840 0.724145
vn -0.122076 0.989792 0.073541
vn -0.122371 0.992181 0.024546
vn -0.122375 0.992181 0.024527
vn -0.098538 0.195762 0.975688
vn -0.098537 0.195760 0.975689
vn -0.218083 0.788044 0.575696
vn -0.218083 0.788048 0.575691
vn -0.164262 0.370570 0.914164
vn -0.164262 0.370568 0.914165
vn -0.182245 0.411136 0.893171
vn -0.200317 0.892041 0.405136
vn -0.200316 0.892043 0.405133
vn -0.207272 0.537331 0.817505
vn -0.207273 0.537339 0.817499
vn -0.166810 0.961349 0.219049
vn -0.060357 0.106544 0.992474
vn -0.036271 0.064027 0.997289
vn -0.036271 0.064026 0.997289
vn -0.227217 0.687798 0.689424
vn -0.227218 0.687792 0.689431
vn -0.119951 0.238302 0.963755
vn -0.141071 0.280261 0.949501
vn -0.119950 0.238301 0.963755
vn -0.225355 0.814323 0.534877
vn -0.225356 0.814322 0.534878
vn -0.199788 0.450717 0.870022
vn -0.182241 0.411132 0.893173
vn -0.204428 0.910355 0.359809
vn -0.204426 0.910361 0.359794
vn -0.221462 0.574115 0.788256
vn -0.221462 0.574115 0.788256
vn -0.168446 0.970783 0.170900
vn -0.168447 0.970782 0.170903
vn -0.060356 0.106543 0.992474
vn -0.237553 0.719089 0.653054
vn -0.237554 0.719079 0.653065
vn -0.161857 0.321555 0.932955
vn -0.141072 0.280262 0.949501
vn -0.232080 0.838622 0.492800
vn -0.232080 0.838626 0.492793
vn -0.199790 0.450719 0.870021
vn -0.208048 0.926485 0.313593
vn -0.208047 0.926488 0.313588
vn -0.235115 0.609507 0.757114
vn -0.235115 0.609509 0.757113
vn -0.169678 0.977871 0.122387
vn -0.169676 0.977872 0.122379
vn -0.084292 0.148796 0.985269
vn -0.108024 0.190689 0.975689
vn -0.084292 0.148796 0.985269
vn -0.247319 0.748642 0.615117
vn -0.247318 0.748650 0.615107
vn -0.161856 0.321554 0.932955
vn -0.238251 0.860926 0.449492
vn -0.238251 0.860924 0.449496
vn -0.216850 0.489206 0.844780
vn -0.233392 0.526520 0.817499
vn -0.216849 0.489200 0.844784
vn -0.211170 0.940377 0.266643
vn -0.211168 0.940380 0.266633
vn -0.213782 0.952006 0.219049
vn -0.013132 0.020738 0.999699
vn -0.013132 0.020738 0.999699
vn -0.248201 0.643435 0.724146
vn -0.248201 0.643433 0.724148
vn -0.170500 0.982610 0.073536
vn -0.170501 0.982609 0.073541
vn -0.170913 0.984981 0.024527
vn -0.170908 0.984981 0.024547
vn -0.108025 0.190690 0.975688
vn -0.256485 0.776398 0.575692
vn -0.256486 0.776390 0.575702
vn -0.182247 0.362064 0.914164
vn -0.202195 0.401694 0.893173
vn -0.182247 0.362064 0.914164
vn -0.243845 0.881137 0.405138
vn -0.243845 0.881138 0.405136
vn -0.249364 0.562557 0.788256
vn -0.233389 0.526516 0.817502
vn -0.213784 0.952007 0.219042
vn -0.039369 0.062170 0.997289
vn -0.039369 0.062170 0.997289
vn -0.065511 0.103453 0.992474
vn -0.260691 0.675812 0.689433
vn -0.260691 0.675821 0.689424
vn -0.131500 0.232129 0.963755
vn -0.131501 0.232131 0.963755
vn -0.272944 0.826226 0.492800
vn -0.265036 0.802282 0.534883
vn -0.265035 0.802286 0.534877
vn -0.202199 0.401698 0.893171
vn -0.221666 0.440373 0.870021
vn -0.248854 0.899227 0.359809
vn -0.248852 0.899232 0.359798
vn -0.249363 0.562555 0.788257
vn -0.215880 0.961344 0.170919
vn -0.215877 0.961348 0.170903
vn -0.065511 0.103453 0.992475
vn -0.272552 0.706556 0.653065
vn -0.272552 0.706571 0.653049
vn -0.154654 0.273001 0.949501
vn -0.154654 0.273002 0.949501
vn -0.272951 0.826233 0.492786
vn -0.221665 0.440371 0.870022
vn -0.253262 0.915156 0.313606
vn -0.253259 0.915163 0.313588
vn -0.264737 0.597239 0.757113
vn -0.264737 0.597239 0.757113
vn -0.279472 0.630480 0.724148
vn -0.217456 0.968368 0.122379
vn -0.217454 0.968370 0.122368
vn -0.091492 0.144480 0.985269
vn -0.091492 0.144481 0.985269
vn -0.283755 0.735612 0.615108
vn -0.283755 0.735600 0.615122
vn -0.177440 0.313225 0.932955
vn -0.177439 0.313223 0.932956
vn -0.280207 0.848198 0.449492
vn -0.286785 0.868111 0.405138
vn -0.280207 0.848199 0.449492
vn -0.240592 0.477972 0.844783
vn -0.240593 0.477977 0.844780
vn -0.258942 0.514430 0.817503
vn -0.257056 0.928883 0.266643
vn -0.257054 0.928886 0.266633
vn -0.014134 0.020069 0.999699
vn -0.014134 0.020069 0.999699
vn -0.042372 0.060163 0.997289
vn -0.279472 0.630479 0.724149
vn -0.293536 0.662208 0.689433
vn -0.219037 0.975408 0.024543
vn -0.218510 0.973060 0.073540
vn -0.219037 0.975408 0.024547
vn -0.218509 0.973060 0.073537
vn -0.117251 0.185160 0.975688
vn -0.117250 0.185158 0.975689
vn -0.294275 0.762869 0.575702
vn -0.294274 0.762882 0.575685
vn -0.199793 0.352685 0.914164
vn -0.199793 0.352683 0.914165
vn -0.286784 0.868110 0.405142
vn -0.276667 0.549642 0.788257
vn -0.258943 0.514432 0.817501
vn -0.260233 0.940374 0.219032
vn -0.260235 0.940372 0.219041
vn -0.042371 0.060163 0.997289
vn -0.070508 0.100114 0.992475
vn -0.293540 0.662212 0.689427
vn -0.142732 0.225399 0.963754
vn -0.142732 0.225399 0.963755
vn -0.304087 0.788306 0.534887
vn -0.304087 0.788310 0.534882
vn -0.221665 0.391294 0.893170
vn -0.221665 0.391293 0.893171
vn -0.297855 0.901628 0.313605
vn -0.292673 0.885937 0.359802
vn -0.292672 0.885939 0.359798
vn -0.276669 0.549644 0.788254
vn -0.262787 0.949595 0.170915
vn -0.262788 0.949594 0.170919
vn -0.070509 0.100115 0.992474
vn -0.306895 0.692345 0.653049
vn -0.319504 0.720792 0.615122
vn -0.306894 0.692338 0.653057
vn -0.167862 0.265084 0.949501
vn -0.192594 0.304139 0.932956
vn -0.167862 0.265083 0.949502
vn -0.313165 0.811843 0.492787
vn -0.313165 0.811844 0.492786
vn -0.243005 0.428965 0.870022
vn -0.243004 0.428963 0.870023
vn -0.302322 0.915152 0.266643
vn -0.297854 0.901628 0.313609
vn -0.293724 0.583529 0.757113
vn -0.293724 0.583526 0.757116
vn -0.264706 0.956534 0.122368
vn -0.264708 0.956532 0.122378
vn -0.098471 0.139818 0.985269
vn -0.098471 0.139818 0.985269
vn -0.319508 0.720796 0.615116
vn -0.192592 0.304138 0.932957
vn -0.321487 0.833417 0.449514
vn -0.321485 0.833429 0.449492
vn -0.263754 0.465592 0.844783
vn -0.263755 0.465594 0.844781
vn -0.302328 0.915156 0.266623
vn -0.015102 0.019351 0.999699
vn -0.015102 0.019351 0.999699
vn -0.325680 0.647012 0.689426
vn -0.310073 0.616006 0.724149
vn -0.310073 0.616009 0.724146
vn -0.266631 0.963486 0.024553
vn -0.265989 0.961168 0.073527
vn -0.266633 0.963486 0.024543
vn -0.265991 0.961166 0.073540
vn -0.126194 0.179182 0.975689
vn -0.126195 0.179184 0.975688
vn -0.331353 0.747516 0.575695
vn -0.331353 0.747524 0.575685
vn -0.216860 0.342461 0.914162
vn -0.240599 0.379946 0.893170
vn -0.216858 0.342454 0.914165
vn -0.329036 0.852991 0.405143
vn -0.329034 0.853001 0.405124
vn -0.283873 0.501106 0.817501
vn -0.283873 0.501106 0.817502
vn -0.306066 0.926469 0.219042
vn -0.306064 0.926472 0.219032
vn -0.045273 0.058011 0.997289
vn -0.045273 0.058011 0.997289
vn -0.340495 0.676446 0.653057
vn -0.325677 0.647009 0.689430
vn -0.153619 0.218121 0.963755
vn -0.180666 0.256528 0.949502
vn -0.153620 0.218125 0.963754
vn -0.342397 0.772439 0.534885
vn -0.352620 0.795500 0.492787
vn -0.342397 0.772438 0.534887
vn -0.240598 0.379945 0.893171
vn -0.335793 0.870509 0.359802
vn -0.335793 0.870508 0.359803
vn -0.303304 0.535408 0.788254
vn -0.303304 0.535408 0.788254
vn -0.309065 0.935556 0.170918
vn -0.309065 0.935557 0.170914
vn -0.105213 0.134818 0.985269
vn -0.075336 0.096534 0.992474
vn -0.075336 0.096534 0.992474
vn -0.340490 0.676442 0.653064
vn -0.180668 0.256529 0.949501
vn -0.352617 0.795498 0.492793
vn -0.286284 0.452091 0.844782
vn -0.263761 0.416523 0.870022
vn -0.263761 0.416523 0.870022
vn -0.341741 0.885929 0.313597
vn -0.341743 0.885924 0.313609
vn -0.322002 0.568413 0.757114
vn -0.322001 0.568411 0.757116
vn -0.311323 0.942391 0.122378
vn -0.311323 0.942392 0.122375
vn -0.134835 0.172776 0.975689
vn -0.105212 0.134817 0.985269
vn -0.354491 0.704257 0.615108
vn -0.354490 0.704251 0.615116
vn -0.233404 0.331406 0.914162
vn -0.207285 0.294321 0.932957
vn -0.207287 0.294324 0.932955
vn -0.370500 0.835825 0.405124
vn -0.361994 0.816652 0.449488
vn -0.361995 0.816638 0.449514
vn -0.286283 0.452090 0.844782
vn -0.346866 0.899220 0.266623
vn -0.346869 0.899212 0.266644
vn -0.016033 0.018587 0.999699
vn -0.016033 0.018586 0.999699
vn -0.339927 0.600052 0.724146
vn -0.339927 0.600055 0.724143
vn -0.313591 0.949242 0.024517
vn -0.312831 0.946957 0.073544
vn -0.312828 0.946959 0.073527
vn -0.313583 0.949243 0.024553
vn -0.134834 0.172775 0.975689
vn -0.367631 0.730358 0.575695
vn -0.367631 0.730357 0.575696
vn -0.379888 0.754708 0.534885
vn -0.233400 0.331403 0.914164
vn -0.370492 0.835820 0.405143
vn -0.378101 0.852984 0.359804
vn -0.308119 0.486573 0.817502
vn -0.308119 0.486573 0.817502
vn -0.351153 0.910336 0.219042
vn -0.351153 0.910336 0.219043
vn -0.048064 0.055720 0.997289
vn -0.048065 0.055721 0.997289
vn -0.357031 0.630245 0.689435
vn -0.357032 0.630250 0.689430
vn -0.164138 0.210326 0.963754
vn -0.164136 0.210320 0.963756
vn -0.379893 0.754712 0.534875
vn -0.258950 0.367681 0.893172
vn -0.258950 0.367682 0.893171
vn -0.283880 0.403080 0.870023
vn -0.378102 0.852984 0.359801
vn -0.329210 0.519881 0.788254
vn -0.329210 0.519879 0.788255
vn -0.354598 0.919264 0.170918
vn -0.354598 0.919265 0.170914
vn -0.079982 0.092721 0.992475
vn -0.079982 0.092722 0.992474
vn -0.373275 0.658924 0.653059
vn -0.373274 0.658918 0.653064
vn -0.193038 0.247355 0.949501
vn -0.193037 0.247352 0.949502
vn -0.391232 0.777234 0.492793
vn -0.391232 0.777238 0.492786
vn -0.401636 0.797903 0.449488
vn -0.283878 0.403079 0.870023
vn -0.390568 0.881112 0.266643
vn -0.384798 0.868091 0.313605
vn -0.384797 0.868094 0.313597
vn -0.349505 0.551930 0.757113
vn -0.349505 0.551929 0.757114
vn -0.368961 0.582653 0.724143
vn -0.357190 0.925983 0.122359
vn -0.357193 0.925979 0.122375
vn -0.111701 0.129493 0.985269
vn -0.111701 0.129492 0.985269
vn -0.388622 0.686014 0.615108
vn -0.388622 0.686011 0.615112
vn -0.221479 0.283799 0.932955
vn -0.221479 0.283799 0.932955
vn -0.401624 0.797895 0.449513
vn -0.331622 0.470869 0.817502
vn -0.308120 0.437498 0.844782
vn -0.308121 0.437501 0.844781
vn -0.390572 0.881114 0.266629
vn -0.016925 0.017777 0.999699
vn -0.016925 0.017777 0.999699
vn -0.368956 0.582649 0.724149
vn -0.359784 0.932713 0.024533
vn -0.358921 0.930466 0.073544
vn -0.358923 0.930465 0.073553
vn -0.359787 0.932712 0.024517
vn -0.143152 0.165952 0.975688
vn -0.143151 0.165950 0.975689
vn -0.403026 0.711438 0.575697
vn -0.403026 0.711439 0.575695
vn -0.249380 0.319551 0.914164
vn -0.249379 0.319550 0.914165
vn -0.411057 0.816634 0.405143
vn -0.411057 0.816635 0.405141
vn -0.331628 0.470873 0.817497
vn -0.395401 0.892007 0.219046
vn -0.395401 0.892008 0.219044
vn -0.050742 0.053296 0.997289
vn -0.050741 0.053295 0.997289
vn -0.387523 0.611968 0.689435
vn -0.387524 0.611971 0.689433
vn -0.174262 0.202018 0.963754
vn -0.174260 0.202014 0.963755
vn -0.204940 0.237583 0.949502
vn -0.416463 0.735165 0.534875
vn -0.416463 0.735157 0.534886
vn -0.276680 0.354534 0.893171
vn -0.276679 0.354532 0.893172
vn -0.419502 0.833403 0.359801
vn -0.419501 0.833410 0.359785
vn -0.426932 0.848163 0.313605
vn -0.354322 0.503096 0.788258
vn -0.376167 0.534115 0.757113
vn -0.354323 0.503100 0.788255
vn -0.399279 0.900758 0.170915
vn -0.399279 0.900758 0.170915
vn -0.402197 0.907340 0.122359
vn -0.084434 0.088683 0.992475
vn -0.084435 0.088685 0.992475
vn -0.117920 0.123856 0.985269
vn -0.405158 0.639814 0.653058
vn -0.405158 0.639817 0.653055
vn -0.421813 0.666116 0.615112
vn -0.204940 0.237583 0.949502
vn -0.428894 0.757107 0.492787
vn -0.428894 0.757108 0.492786
vn -0.303316 0.388663 0.870023
vn -0.303316 0.388664 0.870023
vn -0.426934 0.848164 0.313601
vn -0.376162 0.534112 0.757118
vn -0.402195 0.907340 0.122368
vn -0.117922 0.123857 0.985268
vn -0.421813 0.666116 0.615112
vn -0.235137 0.272589 0.932955
vn -0.235137 0.272590 0.932955
vn -0.440292 0.777226 0.449513
vn -0.440292 0.777229 0.449508
vn -0.329219 0.421853 0.844781
vn -0.329220 0.421856 0.844779
vn -0.433335 0.860889 0.266629
vn -0.438692 0.871532 0.219046
vn -0.433336 0.860884 0.266645
vn -0.017777 0.016925 0.999699
vn -0.017778 0.016926 0.999699
vn -0.397103 0.563841 0.724149
vn -0.397105 0.563848 0.724143
vn -0.405121 0.913934 0.024532
vn -0.404145 0.911733 0.073553
vn -0.405120 0.913934 0.024533
vn -0.404143 0.911735 0.073543
vn -0.151122 0.158729 0.975688
vn -0.183961 0.193221 0.963755
vn -0.151121 0.158726 0.975689
vn -0.437448 0.690807 0.575695
vn -0.437448 0.690807 0.575695
vn -0.264759 0.306929 0.914165
vn -0.264759 0.306930 0.914164
vn -0.450635 0.795480 0.405142
vn -0.450635 0.795484 0.405134
vn -0.354331 0.454035 0.817497
vn -0.354330 0.454029 0.817501
vn -0.438694 0.871533 0.219038
vn -0.053295 0.050741 0.997289
vn -0.053296 0.050742 0.997289
vn -0.417088 0.592219 0.689430
vn -0.417088 0.592216 0.689433
vn -0.436067 0.619165 0.653055
vn -0.216351 0.227241 0.949502
vn -0.183962 0.193222 0.963755
vn -0.452034 0.713840 0.534880
vn -0.452034 0.713837 0.534886
vn -0.465529 0.735148 0.492787
vn -0.293742 0.340528 0.893172
vn -0.293743 0.340531 0.893171
vn -0.459889 0.811823 0.359785
vn -0.459890 0.811817 0.359798
vn -0.378581 0.485107 0.788256
vn -0.378580 0.485105 0.788258
vn -0.442997 0.880081 0.170910
vn -0.442998 0.880080 0.170915
vn -0.446235 0.886510 0.122368
vn -0.088685 0.084435 0.992475
vn -0.088684 0.084433 0.992475
vn -0.123858 0.117922 0.985268
vn -0.436064 0.619163 0.653059
vn -0.453990 0.644616 0.615112
vn -0.216353 0.227242 0.949501
vn -0.465526 0.735147 0.492792
vn -0.477901 0.754688 0.449508
vn -0.322025 0.373317 0.870020
vn -0.322022 0.373312 0.870023
vn -0.468034 0.826195 0.313601
vn -0.468033 0.826199 0.313592
vn -0.401919 0.515011 0.757116
vn -0.401918 0.515009 0.757118
vn -0.446230 0.886510 0.122384
vn -0.123854 0.117920 0.985269
vn -0.453992 0.644617 0.615110
vn -0.248229 0.260724 0.932955
vn -0.248227 0.260720 0.932957
vn -0.279500 0.293569 0.914164
vn -0.477901 0.754688 0.449507
vn -0.349518 0.405186 0.844785
vn -0.349521 0.405195 0.844779
vn -0.475054 0.838587 0.266637
vn -0.475054 0.838585 0.266644
vn -0.480930 0.848957 0.219038
vn -0.018587 0.016033 0.999699
vn -0.018587 0.016033 0.999699
vn -0.424295 0.543683 0.724143
vn -0.424293 0.543680 0.724146
vn -0.449478 0.892955 0.024527
vn -0.448395 0.890805 0.073542
vn -0.449477 0.892955 0.024533
vn -0.448393 0.890807 0.073533
vn -0.158727 0.151120 0.975689
vn -0.158728 0.151122 0.975688
vn -0.470815 0.668503 0.575706
vn -0.470816 0.668512 0.575695
vn -0.279501 0.293570 0.914164
vn -0.499169 0.788274 0.359798
vn -0.489126 0.772414 0.405133
vn -0.489126 0.772413 0.405134
vn -0.376179 0.436098 0.817501
vn -0.376178 0.436098 0.817501
vn -0.480928 0.848956 0.219047
vn -0.055720 0.048065 0.997289
vn -0.055720 0.048065 0.997289
vn -0.445644 0.571040 0.689430
vn -0.445645 0.571041 0.689429
vn -0.193221 0.183961 0.963755
vn -0.193222 0.183962 0.963755
vn -0.486516 0.690804 0.534876
vn -0.501037 0.711420 0.492792
vn -0.486516 0.690801 0.534880
vn -0.310097 0.325705 0.893172
vn -0.310098 0.325707 0.893171
vn -0.499169 0.788274 0.359797
vn -0.401930 0.465952 0.788252
vn -0.401928 0.465947 0.788256
vn -0.485646 0.857285 0.170909
vn -0.485646 0.857285 0.170909
vn -0.092721 0.079982 0.992475
vn -0.092721 0.079982 0.992475
vn -0.465920 0.597020 0.653059
vn -0.465920 0.597021 0.653057
vn -0.227241 0.216351 0.949502
vn -0.260720 0.248227 0.932957
vn -0.227242 0.216353 0.949501
vn -0.501038 0.711420 0.492791
vn -0.339953 0.357063 0.870022
vn -0.368977 0.387549 0.844785
vn -0.339955 0.357066 0.870020
vn -0.508009 0.802239 0.313592
vn -0.508009 0.802234 0.313603
vn -0.515627 0.814269 0.266637
vn -0.426705 0.494671 0.757115
vn -0.426705 0.494670 0.757116
vn -0.489194 0.863548 0.122370
vn -0.489196 0.863545 0.122384
vn -0.129492 0.111701 0.985269
vn -0.129492 0.111700 0.985269
vn -0.485074 0.621563 0.615112
vn -0.485074 0.621565 0.615110
vn -0.260724 0.248229 0.932955
vn -0.514357 0.730332 0.449503
vn -0.514356 0.730329 0.449507
vn -0.368980 0.387551 0.844783
vn -0.515630 0.814269 0.266629
vn -0.019351 0.015102 0.999699
vn -0.019351 0.015102 0.999699
vn -0.058012 0.045273 0.997289
vn -0.450460 0.522209 0.724143
vn -0.450459 0.522206 0.724146
vn -0.492749 0.869826 0.024525
vn -0.491566 0.867728 0.073553
vn -0.492749 0.869826 0.024527
vn -0.491563 0.867732 0.073533
vn -0.165952 0.143152 0.975688
vn -0.165953 0.143152 0.975688
vn -0.503049 0.644597 0.575706
vn -0.503049 0.644597 0.575705
vn -0.293570 0.279501 0.914164
vn -0.293569 0.279500 0.914164
vn -0.526438 0.747482 0.405134
vn -0.526438 0.747484 0.405129
vn -0.537248 0.762831 0.359797
vn -0.397128 0.417116 0.817498
vn -0.397126 0.417112 0.817501
vn -0.522004 0.824336 0.219047
vn -0.522004 0.824336 0.219047
vn -0.058012 0.045273 0.997289
vn -0.473128 0.548486 0.689429
vn -0.494654 0.573440 0.653057
vn -0.473128 0.548486 0.689429
vn -0.202014 0.174258 0.963755
vn -0.202014 0.174260 0.963755
vn -0.519826 0.666094 0.534883
vn -0.519827 0.666099 0.534876
vn -0.325707 0.310098 0.893171
vn -0.325707 0.310099 0.893171
vn -0.537244 0.762829 0.359805
vn -0.450463 0.473137 0.757115
vn -0.424310 0.445668 0.788252
vn -0.424306 0.445659 0.788259
vn -0.527126 0.832423 0.170908
vn -0.530977 0.838504 0.122369
vn -0.527126 0.832423 0.170909
vn -0.096534 0.075336 0.992474
vn -0.096534 0.075336 0.992475
vn -0.494650 0.573439 0.653061
vn -0.237586 0.204944 0.949500
vn -0.237583 0.204940 0.949502
vn -0.535342 0.685978 0.492791
vn -0.535343 0.685982 0.492784
vn -0.357062 0.339950 0.870023
vn -0.357063 0.339953 0.870021
vn -0.546761 0.776341 0.313603
vn -0.546761 0.776341 0.313603
vn -0.450468 0.473140 0.757111
vn -0.475542 0.499476 0.724143
vn -0.530975 0.838504 0.122374
vn -0.134817 0.105212 0.985269
vn -0.172777 0.134836 0.975688
vn -0.134818 0.105213 0.985269
vn -0.514987 0.597014 0.615111
vn -0.514987 0.597014 0.615112
vn -0.272586 0.235134 0.932957
vn -0.272589 0.235138 0.932955
vn -0.549574 0.704214 0.449500
vn -0.549574 0.704212 0.449503
vn -0.387553 0.368982 0.844781
vn -0.387552 0.368979 0.844783
vn -0.561823 0.797730 0.219047
vn -0.554963 0.787988 0.266631
vn -0.554963 0.787988 0.266629
vn -0.020069 0.014134 0.999699
vn -0.020069 0.014134 0.999699
vn -0.475539 0.499475 0.724146
vn -0.534835 0.844600 0.024534
vn -0.533548 0.842566 0.073546
vn -0.534837 0.844599 0.024525
vn -0.533549 0.842565 0.073553
vn -0.210321 0.164136 0.963755
vn -0.172776 0.134835 0.975689
vn -0.534072 0.619139 0.575703
vn -0.534071 0.619137 0.575706
vn -0.306930 0.264759 0.914164
vn -0.306930 0.264761 0.914164
vn -0.562479 0.720755 0.405129
vn -0.562478 0.720748 0.405143
vn -0.417117 0.397128 0.817498
vn -0.417116 0.397127 0.817499
vn -0.561827 0.797730 0.219038
vn -0.060163 0.042372 0.997289
vn -0.060163 0.042371 0.997289
vn -0.499469 0.524612 0.689429
vn -0.522191 0.548477 0.653062
vn -0.499466 0.524606 0.689436
vn -0.210324 0.164137 0.963755
vn -0.551885 0.639784 0.534883
vn -0.551887 0.639790 0.534874
vn -0.340531 0.293744 0.893170
vn -0.340530 0.293743 0.893171
vn -0.574028 0.735554 0.359794
vn -0.574028 0.735549 0.359806
vn -0.445661 0.424305 0.788259
vn -0.445660 0.424303 0.788261
vn -0.567336 0.805556 0.170907
vn -0.567337 0.805554 0.170913
vn -0.100115 0.070509 0.992474
vn -0.100114 0.070508 0.992475
vn -0.522196 0.548480 0.653056
vn -0.543661 0.571026 0.615111
vn -0.247354 0.193036 0.949502
vn -0.283795 0.221476 0.932957
vn -0.247356 0.193039 0.949500
vn -0.568359 0.658887 0.492784
vn -0.568358 0.658880 0.492795
vn -0.373315 0.322024 0.870021
vn -0.373312 0.322020 0.870024
vn -0.592961 0.759806 0.266631
vn -0.584197 0.748579 0.313596
vn -0.584197 0.748577 0.313603
vn -0.473142 0.450469 0.757109
vn -0.473141 0.450467 0.757111
vn -0.571479 0.811441 0.122375
vn -0.571480 0.811439 0.122382
vn -0.139818 0.098471 0.985269
vn -0.139818 0.098471 0.985269
vn -0.179184 0.126195 0.975688
vn -0.543662 0.571026 0.615111
vn -0.283798 0.221477 0.932956
vn -0.319553 0.249380 0.914164
vn -0.583467 0.676401 0.449497
vn -0.583467 0.676399 0.449500
vn -0.405187 0.349515 0.844786
vn -0.405191 0.349522 0.844781
vn -0.592960 0.759806 0.266633
vn -0.020738 0.013132 0.999699
vn -0.020738 0.013132 0.999699
vn -0.524605 0.499467 0.689436
vn -0.499472 0.475536 0.724150
vn -0.499474 0.475540 0.724146
vn -0.575637 0.817338 0.024528
vn -0.615045 0.788111 0.024528
vn -0.574248 0.815372 0.073537
vn -0.575635 0.817338 0.024535
vn -0.574249 0.815370 0.073546
vn -0.218123 0.153621 0.963755
vn -0.179181 0.126195 0.975689
vn -0.563808 0.592187 0.575704
vn -0.563809 0.592188 0.575703
vn -0.319551 0.249380 0.914164
vn -0.354534 0.276680 0.893171
vn -0.597167 0.692281 0.405141
vn -0.597166 0.692279 0.405144
vn -0.436099 0.376183 0.817499
vn -0.436099 0.376183 0.817499
vn -0.600291 0.769203 0.219037
vn -0.600292 0.769201 0.219044
vn -0.062170 0.039368 0.997289
vn -0.062170 0.039369 0.997289
vn -0.548479 0.522196 0.653056
vn -0.524608 0.499469 0.689433
vn -0.218124 0.153621 0.963754
vn -0.582612 0.611937 0.534880
vn -0.582613 0.611941 0.534874
vn -0.354529 0.276679 0.893173
vn -0.609430 0.706501 0.359794
vn -0.609430 0.706496 0.359804
vn -0.465943 0.401923 0.788261
vn -0.465948 0.401932 0.788253
vn -0.606179 0.776747 0.170913
vn -0.606179 0.776747 0.170912
vn -0.103453 0.065511 0.992475
vn -0.103454 0.065512 0.992474
vn -0.548481 0.522197 0.653053
vn -0.256527 0.180668 0.949502
vn -0.256526 0.180667 0.949502
vn -0.600002 0.630199 0.492795
vn -0.600005 0.630209 0.492779
vn -0.388666 0.303319 0.870021
vn -0.421847 0.329214 0.844786
vn -0.388667 0.303320 0.870020
vn -0.620223 0.719013 0.313598
vn -0.620223 0.719014 0.313596
vn -0.494676 0.426710 0.757109
vn -0.494674 0.426706 0.757113
vn -0.610608 0.782419 0.122382
vn -0.610607 0.782421 0.122373
vn -0.144481 0.091491 0.985269
vn -0.144482 0.091492 0.985269
vn -0.571026 0.543661 0.615111
vn -0.571026 0.543662 0.615111
vn -0.592187 0.563808 0.575704
vn -0.294323 0.207287 0.932955
vn -0.331403 0.233401 0.914164
vn -0.294322 0.207286 0.932956
vn -0.615953 0.646958 0.449497
vn -0.615952 0.646951 0.449509
vn -0.630415 0.662147 0.405141
vn -0.421852 0.329216 0.844783
vn -0.454033 0.354330 0.817499
vn -0.629526 0.729798 0.266631
vn -0.629526 0.729797 0.266633
vn -0.021357 0.012099 0.999699
vn -0.021357 0.012099 0.999699
vn -0.522204 0.450454 0.724150
vn -0.522207 0.450458 0.724146
vn -0.613565 0.786212 0.073537
vn -0.613567 0.786210 0.073548
vn -0.615046 0.788110 0.024534
vn -0.185158 0.117250 0.975689
vn -0.185158 0.117250 0.975689
vn -0.592188 0.563809 0.575703
vn -0.331408 0.233402 0.914162
vn -0.643360 0.675743 0.359804
vn -0.630417 0.662147 0.405137
vn -0.454033 0.354329 0.817499
vn -0.637310 0.738821 0.219045
vn -0.637310 0.738821 0.219045
vn -0.064027 0.036271 0.997289
vn -0.064027 0.036271 0.997289
vn -0.548484 0.473125 0.689433
vn -0.548482 0.473122 0.689437
vn -0.225395 0.142729 0.963756
vn -0.225399 0.142733 0.963754
vn -0.611936 0.582613 0.534880
vn -0.611935 0.582609 0.534885
vn -0.367680 0.258948 0.893173
vn -0.367680 0.258947 0.893173
vn -0.654758 0.687713 0.313598
vn -0.643361 0.675743 0.359804
vn -0.485110 0.378583 0.788253
vn -0.485109 0.378582 0.788254
vn -0.643563 0.746067 0.170912
vn -0.643562 0.746069 0.170904
vn -0.106543 0.060356 0.992475
vn -0.106542 0.060355 0.992475
vn -0.573445 0.494656 0.653052
vn -0.573444 0.494655 0.653053
vn -0.265083 0.167861 0.949502
vn -0.265087 0.167866 0.949500
vn -0.630207 0.600008 0.492779
vn -0.630207 0.600007 0.492779
vn -0.403082 0.283883 0.870020
vn -0.403077 0.283877 0.870025
vn -0.654759 0.687713 0.313594
vn -0.664579 0.698028 0.266631
vn -0.515014 0.401922 0.757112
vn -0.515012 0.401919 0.757116
vn -0.648263 0.751516 0.122385
vn -0.648262 0.751519 0.122373
vn -0.651402 0.755159 0.073548
vn -0.148797 0.084293 0.985269
vn -0.148797 0.084293 0.985269
vn -0.597012 0.514984 0.615117
vn -0.597014 0.514988 0.615111
vn -0.304141 0.192594 0.932955
vn -0.304142 0.192595 0.932955
vn -0.646954 0.615953 0.449502
vn -0.646953 0.615949 0.449509
vn -0.437499 0.308122 0.844782
vn -0.470871 0.331625 0.817499
vn -0.437498 0.308121 0.844783
vn -0.664576 0.698027 0.266638
vn -0.021925 0.011036 0.999699
vn -0.021925 0.011036 0.999699
vn -0.543680 0.424294 0.724145
vn -0.543680 0.424293 0.724146
vn -0.652978 0.756980 0.024533
vn -0.652978 0.756980 0.024534
vn -0.651406 0.755158 0.073533
vn -0.190689 0.108025 0.975689
vn -0.232127 0.131499 0.963756
vn -0.190688 0.108024 0.975689
vn -0.619138 0.534073 0.575703
vn -0.619139 0.534074 0.575702
vn -0.342461 0.216861 0.914162
vn -0.379942 0.240596 0.893173
vn -0.342457 0.216857 0.914164
vn -0.662147 0.630415 0.405141
vn -0.662147 0.630417 0.405137
vn -0.470870 0.331625 0.817500
vn -0.672795 0.706660 0.219039
vn -0.672795 0.706658 0.219045
vn -0.065730 0.033085 0.997289
vn -0.065730 0.033086 0.997289
vn -0.571037 0.445643 0.689434
vn -0.571036 0.445640 0.689437
vn -0.232132 0.131500 0.963755
vn -0.639788 0.551885 0.534877
vn -0.639786 0.551881 0.534885
vn -0.379939 0.240595 0.893174
vn -0.675745 0.643358 0.359803
vn -0.675746 0.643364 0.359792
vn -0.503100 0.354323 0.788254
vn -0.534112 0.376164 0.757116
vn -0.503101 0.354324 0.788254
vn -0.679394 0.713593 0.170903
vn -0.679395 0.713589 0.170916
vn -0.684355 0.718804 0.122386
vn -0.109375 0.055055 0.992475
vn -0.109375 0.055055 0.992475
vn -0.597026 0.465923 0.653052
vn -0.597026 0.465923 0.653051
vn -0.273005 0.154656 0.949500
vn -0.273002 0.154653 0.949501
vn -0.658886 0.568356 0.492789
vn -0.658888 0.568362 0.492779
vn -0.416520 0.263758 0.870025
vn -0.416522 0.263761 0.870022
vn -0.687712 0.654752 0.313611
vn -0.687713 0.654759 0.313594
vn -0.534116 0.376166 0.757113
vn -0.563846 0.397104 0.724146
vn -0.687676 0.722284 0.073532
vn -0.684361 0.718803 0.122363
vn -0.152754 0.076890 0.985269
vn -0.152755 0.076890 0.985268
vn -0.621560 0.485072 0.615117
vn -0.621557 0.485067 0.615124
vn -0.313224 0.177440 0.932955
vn -0.313225 0.177441 0.932955
vn -0.676399 0.583466 0.449502
vn -0.676399 0.583468 0.449499
vn -0.452091 0.286282 0.844781
vn -0.452094 0.286285 0.844779
vn -0.698028 0.664579 0.266631
vn -0.698027 0.664576 0.266639
vn -0.022441 0.009947 0.999699
vn -0.022440 0.009947 0.999699
vn -0.022901 0.008834 0.999699
vn -0.563843 0.397103 0.724148
vn -0.592217 0.417086 0.689433
vn -0.687673 0.722286 0.073546
vn -0.689333 0.724029 0.024533
vn -0.724028 0.689334 0.024532
vn -0.689333 0.724029 0.024533
vn -0.195759 0.098536 0.975689
vn -0.195760 0.098537 0.975689
vn -0.238304 0.119952 0.963754
vn -0.644603 0.503056 0.575692
vn -0.644600 0.503049 0.575702
vn -0.352686 0.199795 0.914163
vn -0.352685 0.199794 0.914164
vn -0.706501 0.609432 0.359791
vn -0.692282 0.597166 0.405141
vn -0.692282 0.597167 0.405139
vn -0.486569 0.308115 0.817506
vn -0.486575 0.308122 0.817500
vn -0.706660 0.672795 0.219038
vn -0.706660 0.672795 0.219038
vn -0.067274 0.029821 0.997289
vn -0.067274 0.029820 0.997289
vn -0.592222 0.417087 0.689428
vn -0.238306 0.119953 0.963754
vn -0.666094 0.519823 0.534886
vn -0.666097 0.519828 0.534877
vn -0.428963 0.243006 0.870022
vn -0.391285 0.221660 0.893176
vn -0.391287 0.221662 0.893174
vn -0.706497 0.609431 0.359800
vn -0.551929 0.349507 0.757113
vn -0.519880 0.329212 0.788254
vn -0.519880 0.329212 0.788254
vn -0.713592 0.679393 0.170916
vn -0.713591 0.679395 0.170910
vn -0.111945 0.049621 0.992475
vn -0.111946 0.049622 0.992475
vn -0.619166 0.436071 0.653051
vn -0.619158 0.436057 0.653068
vn -0.644606 0.453988 0.615124
vn -0.280262 0.141071 0.949501
vn -0.280262 0.141071 0.949501
vn -0.685980 0.535346 0.492785
vn -0.685979 0.535343 0.492789
vn -0.428969 0.243007 0.870019
vn -0.719010 0.620225 0.313602
vn -0.719009 0.620221 0.313611
vn -0.729797 0.629527 0.266631
vn -0.551932 0.349508 0.757110
vn -0.718805 0.684359 0.122363
vn -0.718806 0.684357 0.122371
vn -0.156344 0.069302 0.985268
vn -0.156342 0.069301 0.985269
vn -0.668512 0.470819 0.575692
vn -0.644616 0.453990 0.615112
vn -0.321554 0.161857 0.932955
vn -0.362065 0.182248 0.914163
vn -0.321552 0.161855 0.932956
vn -0.704216 0.549575 0.449497
vn -0.704215 0.549574 0.449499
vn -0.465592 0.263754 0.844783
vn -0.465596 0.263758 0.844779
vn -0.729793 0.629527 0.266640
vn -0.738819 0.637313 0.219038
vn -0.022901 0.008834 0.999699
vn -0.582650 0.368960 0.724146
vn -0.582649 0.368958 0.724148
vn -0.722286 0.687673 0.073547
vn -0.722286 0.687673 0.073546
vn -0.724029 0.689333 0.024540
vn -0.200358 0.088812 0.975689
vn -0.200360 0.088814 0.975688
vn -0.668514 0.470820 0.575689
vn -0.362060 0.182248 0.914166
vn -0.720752 0.562479 0.405134
vn -0.720751 0.562477 0.405140
vn -0.501109 0.283876 0.817498
vn -0.501102 0.283868 0.817506
vn -0.738819 0.637313 0.219038
vn -0.068656 0.026484 0.997289
vn -0.068656 0.026484 0.997289
vn -0.611972 0.387529 0.689428
vn -0.611970 0.387526 0.689432
vn -0.243899 0.108112 0.963756
vn -0.243904 0.108116 0.963754
vn -0.690799 0.486512 0.534886
vn -0.690802 0.486516 0.534878
vn -0.401698 0.202200 0.893171
vn -0.401691 0.202193 0.893176
vn -0.748578 0.584196 0.313602
vn -0.735549 0.574026 0.359807
vn -0.735551 0.574029 0.359799
vn -0.535403 0.303299 0.788259
vn -0.535408 0.303304 0.788254
vn -0.746067 0.643565 0.170904
vn -0.746067 0.643563 0.170910
vn -0.159554 0.061547 0.985269
vn -0.114245 0.044069 0.992475
vn -0.114246 0.044070 0.992475
vn -0.639813 0.405159 0.653058
vn -0.639808 0.405152 0.653068
vn -0.286846 0.127151 0.949501
vn -0.286847 0.127152 0.949500
vn -0.711420 0.501034 0.492794
vn -0.711423 0.501040 0.492785
vn -0.477973 0.240592 0.844783
vn -0.440375 0.221667 0.870019
vn -0.440372 0.221663 0.870022
vn -0.748577 0.584196 0.313603
vn -0.568415 0.322003 0.757112
vn -0.568417 0.322005 0.757110
vn -0.751516 0.648266 0.122371
vn -0.751517 0.648264 0.122381
vn -0.159554 0.061547 0.985269
vn -0.666116 0.421813 0.615112
vn -0.666114 0.421810 0.615117
vn -0.329108 0.145884 0.932955
vn -0.329106 0.145883 0.932956
vn -0.370567 0.164261 0.914165
vn -0.747483 0.526436 0.405134
vn -0.730334 0.514358 0.449496
vn -0.730335 0.514359 0.449495
vn -0.514436 0.258944 0.817498
vn -0.477977 0.240592 0.844780
vn -0.759807 0.592960 0.266631
vn -0.759806 0.592956 0.266640
vn -0.023307 0.007700 0.999699
vn -0.023308 0.007700 0.999699
vn -0.600049 0.339924 0.724150
vn -0.600052 0.339928 0.724146
vn -0.755157 0.651407 0.073526
vn -0.756980 0.652976 0.024548
vn -0.755159 0.651403 0.073546
vn -0.756982 0.652975 0.024541
vn -0.204475 0.078875 0.975689
vn -0.204476 0.078876 0.975688
vn -0.690809 0.437453 0.575689
vn -0.690805 0.437447 0.575698
vn -0.370570 0.164261 0.914164
vn -0.747480 0.526436 0.405141
vn -0.514432 0.258943 0.817501
vn -0.769204 0.600290 0.219036
vn -0.769204 0.600289 0.219038
vn -0.069872 0.023082 0.997289
vn -0.069873 0.023083 0.997289
vn -0.630254 0.357037 0.689423
vn -0.630248 0.357030 0.689432
vn -0.248917 0.096019 0.963754
vn -0.248910 0.096014 0.963756
vn -0.713840 0.452037 0.534878
vn -0.713841 0.452038 0.534876
vn -0.411136 0.182245 0.893171
vn -0.411130 0.182240 0.893174
vn -0.762828 0.537245 0.359807
vn -0.762827 0.537245 0.359809
vn -0.583530 0.293724 0.757112
vn -0.549640 0.276666 0.788259
vn -0.549639 0.276665 0.788260
vn -0.776748 0.606177 0.170914
vn -0.776748 0.606180 0.170904
vn -0.116270 0.038411 0.992475
vn -0.116271 0.038411 0.992474
vn -0.658920 0.373272 0.653064
vn -0.658923 0.373276 0.653059
vn -0.292738 0.112920 0.949502
vn -0.292742 0.112923 0.949500
vn -0.735145 0.465528 0.492794
vn -0.735145 0.465527 0.492795
vn -0.450718 0.199791 0.870021
vn -0.450717 0.199790 0.870022
vn -0.787988 0.554962 0.266631
vn -0.776342 0.546759 0.313603
vn -0.776344 0.546765 0.313590
vn -0.583527 0.293724 0.757115
vn -0.616005 0.310072 0.724150
vn -0.782421 0.610607 0.122376
vn -0.782421 0.610606 0.122381
vn -0.786214 0.613565 0.073526
vn -0.162381 0.053644 0.985269
vn -0.162381 0.053644 0.985269
vn -0.686007 0.388619 0.615117
vn -0.686007 0.388619 0.615117
vn -0.335870 0.129559 0.932955
vn -0.335870 0.129559 0.932955
vn -0.754692 0.477906 0.449495
vn -0.754692 0.477905 0.449496
vn -0.489206 0.216852 0.844780
vn -0.489204 0.216850 0.844781
vn -0.787985 0.554962 0.266640
vn -0.023657 0.006547 0.999699
vn -0.023657 0.006547 0.999699
vn -0.647017 0.325678 0.689423
vn -0.616016 0.310073 0.724140
vn -0.786210 0.613568 0.073543
vn -0.788110 0.615046 0.024534
vn -0.788107 0.615048 0.024549
vn -0.817338 0.575636 0.024534
vn -0.208102 0.068748 0.975688
vn -0.208099 0.068746 0.975689
vn -0.711438 0.403023 0.575698
vn -0.711440 0.403026 0.575693
vn -0.378183 0.145882 0.914164
vn -0.378179 0.145880 0.914166
vn -0.419576 0.161850 0.893174
vn -0.772411 0.489126 0.405138
vn -0.772410 0.489125 0.405142
vn -0.526524 0.233394 0.817496
vn -0.526518 0.233389 0.817501
vn -0.797731 0.561826 0.219036
vn -0.805554 0.567336 0.170915
vn -0.797731 0.561826 0.219035
vn -0.070920 0.019626 0.997289
vn -0.070920 0.019626 0.997289
vn -0.676441 0.340492 0.653064
vn -0.647008 0.325677 0.689431
vn -0.253324 0.083686 0.963755
vn -0.253328 0.083689 0.963754
vn -0.735166 0.416465 0.534872
vn -0.735164 0.416463 0.534876
vn -0.419587 0.161850 0.893169
vn -0.788276 0.499172 0.359790
vn -0.788272 0.499163 0.359809
vn -0.802240 0.508008 0.313590
vn -0.562551 0.249361 0.788261
vn -0.562553 0.249363 0.788259
vn -0.805553 0.567336 0.170919
vn -0.118015 0.032659 0.992475
vn -0.164818 0.045611 0.985269
vn -0.118015 0.032659 0.992475
vn -0.676445 0.340492 0.653060
vn -0.297927 0.098423 0.949501
vn -0.297926 0.098422 0.949502
vn -0.757101 0.428890 0.492800
vn -0.757103 0.428893 0.492794
vn -0.459976 0.177430 0.870023
vn -0.459979 0.177432 0.870021
vn -0.802236 0.508009 0.313600
vn -0.597237 0.264736 0.757115
vn -0.597241 0.264739 0.757111
vn -0.811439 0.571482 0.122376
vn -0.811439 0.571481 0.122378
vn -0.164819 0.045611 0.985269
vn -0.704251 0.354488 0.615117
vn -0.730360 0.367630 0.575693
vn -0.704252 0.354489 0.615116
vn -0.341825 0.112924 0.932954
vn -0.341823 0.112923 0.932955
vn -0.777231 0.440295 0.449502
vn -0.777233 0.440298 0.449496
vn -0.499256 0.192583 0.844781
vn -0.499256 0.192583 0.844781
vn -0.824339 0.522005 0.219036
vn -0.814268 0.515627 0.266639
vn -0.814268 0.515628 0.266637
vn -0.023950 0.005378 0.999699
vn -0.023950 0.005378 0.999699
vn -0.024185 0.004197 0.999699
vn -0.630487 0.279478 0.724140
vn -0.630480 0.279471 0.724148
vn -0.844601 0.534834 0.024538
vn -0.815370 0.574251 0.073537
vn -0.817338 0.575635 0.024537
vn -0.815371 0.574249 0.073543
vn -0.211225 0.058453 0.975688
vn -0.211226 0.058454 0.975688
vn -0.257125 0.071155 0.963755
vn -0.730361 0.367630 0.575692
vn -0.384881 0.127148 0.914166
vn -0.384881 0.127147 0.914167
vn -0.795482 0.450635 0.405138
vn -0.795483 0.450637 0.405133
vn -0.537342 0.207278 0.817496
vn -0.537333 0.207271 0.817503
vn -0.824335 0.522005 0.219047
vn -0.832421 0.527126 0.170919
vn -0.071798 0.016123 0.997289
vn -0.071798 0.016123 0.997289
vn -0.662207 0.293538 0.689433
vn -0.662208 0.293539 0.689431
vn -0.257123 0.071155 0.963756
vn -0.754705 0.379884 0.534891
vn -0.754713 0.379895 0.534872
vn -0.427020 0.141068 0.893171
vn -0.427022 0.141070 0.893169
vn -0.811819 0.459891 0.359790
vn -0.811819 0.459890 0.359794
vn -0.574116 0.221464 0.788254
vn -0.609512 0.235114 0.757111
vn -0.574108 0.221457 0.788261
vn -0.832424 0.527125 0.170909
vn -0.119476 0.026829 0.992475
vn -0.119476 0.026829 0.992475
vn -0.692342 0.306897 0.653052
vn -0.692337 0.306892 0.653060
vn -0.302398 0.083685 0.949501
vn -0.302397 0.083684 0.949501
vn -0.777238 0.391233 0.492786
vn -0.777233 0.391226 0.492800
vn -0.468130 0.154650 0.870022
vn -0.468127 0.154648 0.870023
vn -0.826196 0.468035 0.313596
vn -0.826195 0.468034 0.313600
vn -0.609506 0.235114 0.757116
vn -0.842567 0.533547 0.073537
vn -0.838504 0.530975 0.122375
vn -0.838504 0.530975 0.122377
vn -0.166858 0.037469 0.985269
vn -0.166859 0.037469 0.985269
vn -0.720792 0.319505 0.615122
vn -0.720796 0.319509 0.615116
vn -0.747518 0.331354 0.575692
vn -0.346953 0.096017 0.932955
vn -0.346949 0.096014 0.932956
vn -0.797900 0.401625 0.449502
vn -0.816639 0.411058 0.405133
vn -0.797904 0.401630 0.449492
vn -0.508103 0.167856 0.844781
vn -0.546855 0.180658 0.817504
vn -0.508101 0.167854 0.844783
vn -0.838586 0.475056 0.266637
vn -0.838584 0.475052 0.266649
vn -0.024185 0.004196 0.999699
vn -0.643433 0.248200 0.724148
vn -0.643436 0.248202 0.724145
vn -0.842565 0.533549 0.073548
vn -0.844599 0.534837 0.024525
vn -0.213836 0.048018 0.975689
vn -0.213839 0.048020 0.975688
vn -0.747523 0.331354 0.575685
vn -0.390656 0.108107 0.914167
vn -0.390666 0.108114 0.914161
vn -0.816634 0.411058 0.405143
vn -0.584292 0.193024 0.788254
vn -0.546859 0.180658 0.817501
vn -0.848957 0.480932 0.219034
vn -0.848956 0.480928 0.219047
vn -0.072503 0.012580 0.997289
vn -0.072503 0.012580 0.997289
vn -0.675814 0.260688 0.689433
vn -0.675819 0.260692 0.689426
vn -0.260305 0.058454 0.963755
vn -0.260304 0.058454 0.963756
vn -0.772439 0.342399 0.534884
vn -0.772436 0.342395 0.534891
vn -0.433427 0.119946 0.893171
vn -0.433421 0.119942 0.893174
vn -0.833403 0.419499 0.359805
vn -0.833406 0.419504 0.359794
vn -0.584297 0.193024 0.788250
vn -0.857285 0.485645 0.170914
vn -0.857285 0.485647 0.170909
vn -0.120648 0.020934 0.992475
vn -0.120648 0.020935 0.992475
vn -0.168497 0.029237 0.985269
vn -0.706557 0.272547 0.653067
vn -0.706567 0.272556 0.653052
vn -0.306143 0.068747 0.949500
vn -0.306139 0.068745 0.949501
vn -0.795501 0.352619 0.492787
vn -0.816650 0.361994 0.449492
vn -0.795501 0.352619 0.492786
vn -0.515725 0.142720 0.844783
vn -0.475158 0.131494 0.870020
vn -0.475155 0.131492 0.870022
vn -0.860883 0.433335 0.266649
vn -0.848166 0.426933 0.313597
vn -0.848166 0.426933 0.313597
vn -0.654840 0.216329 0.724145
vn -0.620305 0.204919 0.757119
vn -0.620308 0.204922 0.757116
vn -0.863547 0.489195 0.122374
vn -0.863547 0.489194 0.122375
vn -0.168496 0.029237 0.985269
vn -0.735612 0.283760 0.615105
vn -0.735602 0.283750 0.615122
vn -0.351243 0.078873 0.932956
vn -0.351243 0.078873 0.932956
vn -0.816638 0.361995 0.449514
vn -0.515724 0.142720 0.844784
vn -0.871536 0.438691 0.219033
vn -0.860890 0.433333 0.266629
vn -0.024362 0.003005 0.999699
vn -0.024362 0.003005 0.999699
vn -0.687797 0.227217 0.689426
vn -0.654840 0.216329 0.724145
vn -0.869826 0.492749 0.024525
vn -0.867731 0.491562 0.073548
vn -0.869826 0.492749 0.024527
vn -0.867731 0.491564 0.073538
vn -0.215935 0.037469 0.975689
vn -0.262860 0.045611 0.963755
vn -0.215935 0.037468 0.975689
vn -0.762873 0.294270 0.575700
vn -0.762881 0.294278 0.575685
vn -0.438784 0.098533 0.893174
vn -0.395497 0.088811 0.914163
vn -0.395501 0.088813 0.914161
vn -0.835824 0.370500 0.405128
vn -0.835819 0.370493 0.405143
vn -0.555065 0.153606 0.817501
vn -0.593065 0.164122 0.788250
vn -0.555067 0.153607 0.817500
vn -0.871532 0.438693 0.219046
vn -0.073033 0.009008 0.997289
vn -0.073033 0.009008 0.997289
vn -0.687788 0.227217 0.689434
vn -0.719077 0.237554 0.653067
vn -0.262861 0.045611 0.963755
vn -0.788308 0.304087 0.534884
vn -0.788308 0.304086 0.534885
vn -0.811843 0.313165 0.492787
vn -0.438788 0.098532 0.893172
vn -0.852986 0.378103 0.359796
vn -0.852984 0.378099 0.359805
vn -0.868094 0.384797 0.313597
vn -0.593055 0.164122 0.788258
vn -0.880081 0.442996 0.170915
vn -0.880081 0.442996 0.170914
vn -0.886511 0.446232 0.122374
vn -0.121529 0.014989 0.992475
vn -0.121529 0.014989 0.992475
vn -0.719091 0.237553 0.653052
vn -0.309145 0.053642 0.949501
vn -0.309147 0.053643 0.949500
vn -0.811844 0.313165 0.492786
vn -0.481038 0.108021 0.870019
vn -0.481034 0.108019 0.870022
vn -0.868094 0.384797 0.313597
vn -0.664667 0.183935 0.724145
vn -0.629624 0.174243 0.757108
vn -0.629613 0.174235 0.757120
vn -0.890806 0.448394 0.073538
vn -0.886511 0.446232 0.122372
vn -0.169728 0.020933 0.985269
vn -0.169730 0.020934 0.985268
vn -0.776392 0.256486 0.575700
vn -0.748643 0.247315 0.615117
vn -0.748650 0.247322 0.615105
vn -0.354695 0.061546 0.932954
vn -0.354690 0.061544 0.932956
vn -0.833426 0.321490 0.449495
vn -0.833419 0.321482 0.449514
vn -0.522105 0.117242 0.844784
vn -0.522108 0.117244 0.844782
vn -0.881110 0.390567 0.266651
vn -0.881113 0.390574 0.266629
vn -0.024479 0.001806 0.999699
vn -0.024539 0.000602 0.999699
vn -0.024539 0.000602 0.999699
vn -0.024480 0.001806 0.999699
vn -0.664661 0.183936 0.724150
vn -0.892955 0.449478 0.024527
vn -0.892955 0.449477 0.024523
vn -0.890804 0.448396 0.073547
vn -0.217514 0.026827 0.975689
vn -0.217513 0.026827 0.975689
vn -0.776398 0.256486 0.575692
vn -0.399371 0.069297 0.914167
vn -0.399378 0.069300 0.914164
vn -0.852998 0.329037 0.405128
vn -0.870511 0.335792 0.359796
vn -0.852996 0.329033 0.405137
vn -0.561935 0.126189 0.817500
vn -0.561929 0.126185 0.817504
vn -0.892007 0.395401 0.219046
vn -0.892008 0.395403 0.219040
vn -0.073565 0.001806 0.997289
vn -0.073387 0.005413 0.997289
vn -0.073388 0.005414 0.997289
vn -0.073564 0.001806 0.997289
vn -0.698116 0.193194 0.689428
vn -0.729881 0.201982 0.653052
vn -0.698110 0.193190 0.689434
vn -0.264782 0.032658 0.963755
vn -0.264779 0.032657 0.963756
vn -0.802284 0.265037 0.534879
vn -0.802281 0.265035 0.534885
vn -0.443094 0.076884 0.893172
vn -0.443099 0.076886 0.893170
vn -0.870509 0.335793 0.359802
vn -0.600394 0.134822 0.788258
vn -0.600403 0.134827 0.788250
vn -0.900758 0.399279 0.170915
vn -0.900758 0.399280 0.170911
vn -0.122118 0.009007 0.992475
vn -0.122415 0.003005 0.992474
vn -0.122414 0.003006 0.992475
vn -0.122120 0.009008 0.992474
vn -0.729875 0.201983 0.653058
vn -0.311405 0.038408 0.949501
vn -0.311404 0.038408 0.949501
vn -0.826227 0.272945 0.492798
vn -0.826233 0.272951 0.492786
vn -0.485755 0.084286 0.870022
vn -0.485757 0.084287 0.870020
vn -0.885925 0.341740 0.313609
vn -0.885928 0.341744 0.313597
vn -0.637415 0.143139 0.757108
vn -0.637405 0.143133 0.757118
vn -0.907340 0.402197 0.122363
vn -0.907339 0.402194 0.122372
vn -0.170553 0.012581 0.985268
vn -0.170548 0.012579 0.985269
vn -0.170961 0.004197 0.985269
vn -0.170960 0.004197 0.985269
vn -0.759875 0.210286 0.615117
vn -0.759873 0.210284 0.615121
vn -0.788048 0.218083 0.575691
vn -0.357284 0.044067 0.932956
vn -0.357288 0.044068 0.932954
vn -0.848197 0.280207 0.449495
vn -0.848197 0.280207 0.449495
vn -0.527233 0.091483 0.844782
vn -0.527232 0.091482 0.844782
vn -0.899217 0.346870 0.266626
vn -0.899213 0.346862 0.266651
vn -0.672893 0.151106 0.724142
vn -0.672886 0.151101 0.724150
vn -0.913933 0.405122 0.024537
vn -0.932713 0.359783 0.024537
vn -0.911734 0.404142 0.073553
vn -0.913935 0.405119 0.024523
vn -0.911734 0.404144 0.073547
vn -0.218567 0.016123 0.975689
vn -0.218567 0.016123 0.975689
vn -0.219098 0.005378 0.975688
vn -0.266063 0.019627 0.963756
vn -0.219095 0.005379 0.975689
vn -0.788044 0.218083 0.575696
vn -0.446338 0.055049 0.893170
vn -0.402291 0.049616 0.914167
vn -0.402298 0.049620 0.914163
vn -0.868112 0.286785 0.405137
vn -0.868113 0.286786 0.405135
vn -0.567444 0.098460 0.817504
vn -0.567444 0.098459 0.817504
vn -0.910336 0.351154 0.219040
vn -0.919266 0.354599 0.170911
vn -0.910336 0.351152 0.219045
vn -0.706753 0.158706 0.689430
vn -0.706754 0.158707 0.689428
vn -0.266710 0.006547 0.963755
vn -0.266068 0.019626 0.963755
vn -0.266710 0.006547 0.963754
vn -0.814322 0.225355 0.534879
vn -0.814322 0.225355 0.534878
vn -0.446329 0.055051 0.893174
vn -0.885937 0.292673 0.359802
vn -0.885939 0.292674 0.359798
vn -0.606289 0.105200 0.788255
vn -0.606296 0.105203 0.788250
vn -0.919264 0.354600 0.170918
vn -0.925982 0.357191 0.122363
vn -0.738907 0.165927 0.653058
vn -0.738907 0.165927 0.653058
vn -0.312915 0.023082 0.949501
vn -0.312911 0.023081 0.949502
vn -0.313667 0.007699 0.949502
vn -0.313668 0.007699 0.949502
vn -0.359881 0.008833 0.932956
vn -0.838624 0.232079 0.492798
vn -0.838626 0.232081 0.492793
vn -0.489308 0.060351 0.870020
vn -0.489311 0.060352 0.870019
vn -0.901627 0.297856 0.313608
vn -0.901627 0.297855 0.313609
vn -0.643665 0.111688 0.757114
vn -0.643660 0.111685 0.757118
vn -0.925980 0.357193 0.122372
vn -0.769276 0.172747 0.615120
vn -0.769275 0.172747 0.615121
vn -0.359887 0.008835 0.932954
vn -0.359016 0.026482 0.932956
vn -0.359020 0.026483 0.932954
vn -0.860925 0.238251 0.449495
vn -0.860924 0.238250 0.449496
vn -0.531086 0.065504 0.844782
vn -0.531085 0.065504 0.844783
vn -0.915152 0.302324 0.266640
vn -0.915155 0.302328 0.266626
vn -0.713688 0.123839 0.689430
vn -0.679497 0.117906 0.724142
vn -0.679490 0.117902 0.724150
vn -0.930465 0.358923 0.073544
vn -0.930465 0.358921 0.073553
vn -0.932712 0.359787 0.024517
vn -0.797795 0.179151 0.575698
vn -0.797796 0.179152 0.575696
vn -0.404243 0.029818 0.914165
vn -0.405219 0.009948 0.914165
vn -0.404249 0.029820 0.914163
vn -0.405220 0.009948 0.914165
vn -0.881138 0.243845 0.405136
vn -0.881139 0.243845 0.405135
vn -0.610720 0.075326 0.788255
vn -0.571591 0.070500 0.817504
vn -0.571592 0.070500 0.817504
vn -0.926469 0.306062 0.219045
vn -0.926471 0.306067 0.219032
vn -0.713689 0.123839 0.689429
vn -0.824399 0.185123 0.534878
vn -0.824404 0.185127 0.534871
vn -0.449581 0.011037 0.893171
vn -0.448498 0.033084 0.893171
vn -0.449580 0.011037 0.893172
vn -0.448493 0.033082 0.893174
vn -0.899228 0.248851 0.359809
vn -0.899231 0.248855 0.359798
vn -0.915155 0.253261 0.313608
vn -0.610725 0.075325 0.788252
vn -0.935557 0.309065 0.170918
vn -0.935557 0.309065 0.170918
vn -0.746163 0.129473 0.653052
vn -0.746158 0.129470 0.653058
vn -0.849004 0.190649 0.492793
vn -0.849002 0.190648 0.492797
vn -0.492866 0.012099 0.870021
vn -0.492862 0.012101 0.870023
vn -0.534951 0.013134 0.844781
vn -0.491679 0.036268 0.870021
vn -0.491682 0.036269 0.870019
vn -0.915163 0.253258 0.313588
vn -0.684456 0.084421 0.724150
vn -0.648370 0.079970 0.757114
vn -0.648366 0.079968 0.757118
vn -0.942392 0.311323 0.122372
vn -0.942392 0.311323 0.122375
vn -0.805625 0.139789 0.575698
vn -0.776827 0.134792 0.615119
vn -0.776826 0.134791 0.615120
vn -0.871577 0.195721 0.449495
vn -0.871573 0.195717 0.449506
vn -0.892041 0.200317 0.405136
vn -0.533659 0.039365 0.844783
vn -0.533661 0.039366 0.844782
vn -0.534950 0.013134 0.844782
vn -0.928886 0.257056 0.266633
vn -0.928885 0.257054 0.266640
vn -0.684467 0.084418 0.724140
vn -0.949241 0.313591 0.024550
vn -0.946958 0.312832 0.073530
vn -0.949244 0.313584 0.024517
vn -0.946958 0.312828 0.073544
vn -0.805626 0.139788 0.575696
vn -0.892043 0.200316 0.405133
vn -0.613686 0.045267 0.788252
vn -0.574363 0.042366 0.817504
vn -0.575759 0.014134 0.817497
vn -0.615160 0.015101 0.788258
vn -0.575754 0.014135 0.817501
vn -0.574367 0.042368 0.817501
vn -0.940372 0.260233 0.219041
vn -0.940374 0.260235 0.219032
vn -0.718906 0.088666 0.689429
vn -0.718906 0.088666 0.689429
vn -0.751618 0.092701 0.653052
vn -0.832492 0.144450 0.534876
vn -0.832495 0.144452 0.534870
vn -0.910361 0.204430 0.359794
vn -0.910356 0.204425 0.359809
vn -0.613679 0.045268 0.788257
vn -0.615161 0.015102 0.788257
vn -0.956532 0.264707 0.122375
vn -0.949594 0.262787 0.170919
vn -0.949595 0.262788 0.170918
vn -0.751611 0.092702 0.653060
vn -0.857338 0.148763 0.492788
vn -0.857334 0.148760 0.492797
vn -0.926486 0.208047 0.313593
vn -0.926487 0.208049 0.313588
vn -0.651518 0.048059 0.757110
vn -0.651509 0.048055 0.757118
vn -0.653091 0.016033 0.757110
vn -0.653091 0.016033 0.757110
vn -0.689437 0.016925 0.724147
vn -0.956534 0.264706 0.122368
vn -0.782508 0.096513 0.615114
vn -0.782505 0.096511 0.615119
vn -0.811515 0.100089 0.575696
vn -0.880127 0.152714 0.449506
vn -0.880127 0.152714 0.449506
vn -0.940377 0.211168 0.266643
vn -0.940380 0.211171 0.266633
vn -0.687784 0.050734 0.724140
vn -0.689436 0.016925 0.724149
vn -0.687775 0.050730 0.724149
vn -0.963486 0.266632 0.024550
vn -0.963486 0.266631 0.024543
vn -0.961167 0.265991 0.073530
vn -0.961167 0.265988 0.073540
vn -0.811514 0.100090 0.575697
vn -0.838576 0.103427 0.534876
vn -0.900798 0.156301 0.405133
vn -0.919296 0.159510 0.359794
vn -0.900799 0.156301 0.405132
vn -0.952007 0.213784 0.219042
vn -0.952006 0.213782 0.219049
vn -0.961344 0.215880 0.170919
vn -0.722390 0.053290 0.689429
vn -0.722381 0.053286 0.689439
vn -0.724126 0.017776 0.689439
vn -0.724127 0.017776 0.689438
vn -0.757086 0.018585 0.653051
vn -0.838568 0.103430 0.534889
vn -0.935578 0.162337 0.313593
vn -0.919294 0.159511 0.359799
vn -0.968370 0.217454 0.122368
vn -0.961348 0.215877 0.170903
vn -0.755254 0.055711 0.653060
vn -0.755262 0.055715 0.653050
vn -0.757086 0.018585 0.653051
vn -0.863605 0.106515 0.492788
vn -0.886560 0.109346 0.449506
vn -0.863612 0.106519 0.492776
vn -0.935571 0.162340 0.313611
vn -0.968368 0.217456 0.122379
vn -0.786304 0.058002 0.615112
vn -0.788203 0.019349 0.615112
vn -0.786302 0.058001 0.615114
vn -0.788200 0.019350 0.615114
vn -0.817415 0.020067 0.575700
vn -0.907382 0.111917 0.405132
vn -0.886555 0.109348 0.449515
vn -0.949606 0.164771 0.266643
vn -0.949610 0.164776 0.266626
vn -0.961349 0.166809 0.219049
vn -0.973060 0.218510 0.073537
vn -0.975408 0.219037 0.024547
vn -0.975408 0.219037 0.024543
vn -0.973060 0.218509 0.073540
vn -0.815441 0.060150 0.575707
vn -0.817410 0.020065 0.575707
vn -0.815447 0.060154 0.575697
vn -0.844670 0.020734 0.534885
vn -0.907378 0.111919 0.405141
vn -0.961348 0.166810 0.219054
vn -0.844679 0.020739 0.534872
vn -0.842644 0.062160 0.534872
vn -0.842633 0.062154 0.534889
vn -0.869891 0.021358 0.492782
vn -0.926013 0.114216 0.359799
vn -0.926014 0.114217 0.359794
vn -0.970782 0.168447 0.170900
vn -0.970782 0.168446 0.170903
vn -0.867799 0.064015 0.492775
vn -0.869885 0.021355 0.492792
vn -0.890852 0.065716 0.449515
vn -0.867789 0.064009 0.492792
vn -0.942416 0.116239 0.313593
vn -0.942411 0.116234 0.313611
vn -0.956552 0.117978 0.266626
vn -0.977871 0.169676 0.122387
vn -0.977872 0.169678 0.122379
vn -0.890855 0.065715 0.449510
vn -0.893006 0.021922 0.449510
vn -0.893007 0.021922 0.449508
vn -0.913980 0.022436 0.405138
vn -0.956548 0.117980 0.266638
vn -0.982610 0.170501 0.073536
vn -0.984982 0.170908 0.024527
vn -0.992181 0.122375 0.024527
vn -0.984980 0.170913 0.024547
vn -0.982610 0.170500 0.073541
vn -0.911777 0.067255 0.405141
vn -0.911781 0.067258 0.405131
vn -0.913983 0.022439 0.405131
vn -0.932755 0.022899 0.359783
vn -0.977879 0.120609 0.170900
vn -0.968377 0.119439 0.219045
vn -0.968375 0.119437 0.219054
vn -0.930504 0.068638 0.359794
vn -0.930502 0.068636 0.359800
vn -0.932749 0.022895 0.359800
vn -0.949265 0.023300 0.313614
vn -0.977877 0.120611 0.170909
vn -0.985018 0.121492 0.122387
vn -0.946985 0.069855 0.313593
vn -0.946983 0.069853 0.313599
vn -0.949269 0.023304 0.313600
vn -0.963506 0.023654 0.266639
vn -0.985020 0.121489 0.122376
vn -0.961185 0.070900 0.266638
vn -0.973071 0.071777 0.219045
vn -0.961188 0.070903 0.266629
vn -0.963509 0.023656 0.266629
vn -0.992181 0.122371 0.024546
vn -0.989792 0.122076 0.073541
vn -0.989793 0.122078 0.073534
vn -0.973072 0.071776 0.219041
vn -0.975422 0.023949 0.219041
vn -0.975425 0.023945 0.219026
vn -0.984989 0.024180 0.170914
vn -0.982617 0.072481 0.170909
vn -0.982617 0.072480 0.170913
vn -0.984989 0.024180 0.170913
vn -0.989795 0.073011 0.122371
vn -0.989795 0.073010 0.122377
vn -0.992186 0.024356 0.122368
vn -0.992186 0.024357 0.122371
vn -0.994589 0.073363 0.073558
vn -0.996991 0.024474 0.073558
vn -0.996990 0.073546 0.024546
vn -0.996991 0.073540 0.024519
vn -0.999398 0.024535 0.024520
vn -0.994590 0.073369 0.073534
vn -0.996991 0.024473 0.073553
vn -0.999398 0.024532 0.024531
vn 0.999398 0.024535 0.024531
vn 0.024539 0.000602 0.999699
vn 0.024539 0.000602 0.999699
vn 0.073564 0.001806 0.997289
vn 0.073565 0.001806 0.997289
vn 0.122414 0.003006 0.992475
vn 0.122415 0.003005 0.992474
vn 0.170961 0.004197 0.985269
vn 0.170960 0.004197 0.985269
vn 0.024480 0.001806 0.999699
vn 0.024479 0.001806 0.999699
vn 0.219098 0.005378 0.975688
vn 0.219095 0.005379 0.975689
vn 0.122120 0.009008 0.992474
vn 0.073387 0.005414 0.997289
vn 0.073388 0.005413 0.997289
vn 0.266710 0.006547 0.963754
vn 0.266710 0.006547 0.963755
vn 0.122118 0.009007 0.992475
vn 0.170548 0.012579 0.985269
vn 0.313668 0.007699 0.949502
vn 0.313667 0.007699 0.949502
vn 0.170553 0.012581 0.985268
vn 0.359881 0.008835 0.932956
vn 0.359887 0.008833 0.932954
vn 0.024362 0.003005 0.999699
vn 0.024185 0.004197 0.999699
vn 0.024362 0.003005 0.999699
vn 0.218567 0.016123 0.975689
vn 0.218567 0.016123 0.975689
vn 0.405220 0.009948 0.914165
vn 0.405219 0.009948 0.914165
vn 0.073033 0.009008 0.997289
vn 0.073032 0.009008 0.997289
vn 0.266062 0.019627 0.963756
vn 0.312911 0.023081 0.949502
vn 0.266068 0.019626 0.963755
vn 0.449580 0.011037 0.893172
vn 0.449581 0.011037 0.893171
vn 0.121530 0.014989 0.992475
vn 0.121529 0.014989 0.992475
vn 0.312915 0.023082 0.949501
vn 0.359020 0.026483 0.932954
vn 0.492866 0.012099 0.870021
vn 0.492862 0.012101 0.870023
vn 0.169730 0.020934 0.985268
vn 0.169728 0.020934 0.985269
vn 0.359016 0.026482 0.932956
vn 0.534951 0.013134 0.844781
vn 0.534950 0.013134 0.844782
vn 0.024185 0.004196 0.999699
vn 0.217514 0.026827 0.975688
vn 0.217513 0.026827 0.975689
vn 0.404243 0.029820 0.914165
vn 0.404249 0.029818 0.914163
vn 0.448498 0.033084 0.893171
vn 0.575759 0.014134 0.817497
vn 0.575754 0.014135 0.817501
vn 0.072503 0.012580 0.997289
vn 0.072503 0.012580 0.997289
vn 0.264779 0.032658 0.963756
vn 0.264782 0.032657 0.963755
vn 0.448493 0.033082 0.893174
vn 0.615160 0.015102 0.788258
vn 0.615161 0.015101 0.788257
vn 0.120648 0.020934 0.992475
vn 0.120648 0.020934 0.992475
vn 0.311404 0.038408 0.949501
vn 0.311405 0.038408 0.949501
vn 0.491682 0.036268 0.870019
vn 0.491679 0.036269 0.870021
vn 0.653091 0.016033 0.757110
vn 0.653091 0.016033 0.757110
vn 0.168497 0.029237 0.985269
vn 0.168496 0.029237 0.985269
vn 0.357284 0.044068 0.932956
vn 0.357288 0.044067 0.932954
vn 0.533661 0.039365 0.844782
vn 0.533659 0.039366 0.844783
vn 0.023950 0.005378 0.999699
vn 0.023950 0.005378 0.999699
vn 0.689437 0.016925 0.724148
vn 0.689436 0.016925 0.724149
vn 0.215935 0.037469 0.975689
vn 0.215935 0.037468 0.975689
vn 0.402290 0.049619 0.914167
vn 0.402299 0.049617 0.914163
vn 0.574363 0.042367 0.817504
vn 0.613679 0.045266 0.788257
vn 0.574367 0.042366 0.817501
vn 0.071798 0.016123 0.997289
vn 0.071798 0.016123 0.997289
vn 0.724127 0.017776 0.689438
vn 0.724126 0.017776 0.689439
vn 0.262861 0.045611 0.963755
vn 0.262860 0.045611 0.963755
vn 0.446338 0.055049 0.893170
vn 0.446329 0.055051 0.893174
vn 0.613686 0.045269 0.788252
vn 0.651518 0.048059 0.757110
vn 0.119476 0.026829 0.992475
vn 0.119476 0.026829 0.992474
vn 0.757086 0.018585 0.653051
vn 0.757086 0.018585 0.653051
vn 0.309144 0.053642 0.949501
vn 0.309147 0.053642 0.949500
vn 0.489311 0.060351 0.870019
vn 0.489308 0.060352 0.870020
vn 0.687775 0.050730 0.724149
vn 0.651509 0.048055 0.757118
vn 0.166859 0.037469 0.985269
vn 0.166858 0.037469 0.985269
vn 0.788200 0.019350 0.615114
vn 0.788203 0.019349 0.615112
vn 0.399371 0.069297 0.914167
vn 0.354695 0.061545 0.932954
vn 0.354690 0.061545 0.932956
vn 0.531085 0.065504 0.844783
vn 0.531087 0.065504 0.844782
vn 0.023657 0.006547 0.999699
vn 0.023657 0.006547 0.999699
vn 0.687784 0.050734 0.724140
vn 0.213836 0.048019 0.975689
vn 0.213840 0.048019 0.975688
vn 0.817415 0.020065 0.575700
vn 0.817410 0.020067 0.575707
vn 0.399378 0.069300 0.914164
vn 0.571592 0.070500 0.817504
vn 0.571591 0.070500 0.817504
vn 0.070920 0.019626 0.997289
vn 0.070920 0.019626 0.997289
vn 0.722390 0.053287 0.689429
vn 0.722381 0.053290 0.689439
vn 0.260304 0.058454 0.963756
vn 0.260305 0.058454 0.963755
vn 0.844670 0.020738 0.534885
vn 0.844679 0.020735 0.534872
vn 0.443099 0.076885 0.893170
vn 0.443094 0.076886 0.893172
vn 0.610725 0.075325 0.788252
vn 0.610720 0.075326 0.788255
vn 0.164819 0.045612 0.985269
vn 0.118015 0.032659 0.992475
vn 0.118015 0.032659 0.992475
vn 0.755262 0.055712 0.653050
vn 0.755254 0.055715 0.653060
vn 0.306143 0.068746 0.949500
vn 0.306139 0.068746 0.949501
vn 0.869891 0.021355 0.492782
vn 0.869885 0.021357 0.492792
vn 0.485758 0.084286 0.870020
vn 0.485755 0.084286 0.870022
vn 0.648366 0.079969 0.757118
vn 0.648370 0.079968 0.757114
vn 0.211226 0.058454 0.975688
vn 0.164818 0.045611 0.985269
vn 0.786304 0.058001 0.615112
vn 0.815441 0.060150 0.575707
vn 0.786302 0.058002 0.615114
vn 0.351243 0.078873 0.932956
vn 0.351243 0.078873 0.932956
vn 0.893006 0.021922 0.449510
vn 0.893007 0.021922 0.449508
vn 0.527233 0.091482 0.844782
vn 0.567444 0.098459 0.817504
vn 0.527232 0.091482 0.844782
vn 0.023308 0.007700 0.999699
vn 0.023307 0.007700 0.999699
vn 0.022901 0.008834 0.999699
vn 0.684456 0.084421 0.724150
vn 0.684467 0.084418 0.724140
vn 0.211225 0.058453 0.975688
vn 0.815447 0.060154 0.575697
vn 0.438788 0.098534 0.893172
vn 0.395497 0.088812 0.914164
vn 0.395501 0.088812 0.914161
vn 0.913980 0.022438 0.405138
vn 0.913984 0.022436 0.405131
vn 0.606289 0.105200 0.788255
vn 0.567444 0.098460 0.817504
vn 0.069872 0.023083 0.997289
vn 0.069873 0.023083 0.997289
vn 0.718906 0.088666 0.689429
vn 0.718906 0.088666 0.689429
vn 0.257125 0.071155 0.963755
vn 0.257123 0.071155 0.963756
vn 0.867789 0.064009 0.492792
vn 0.842644 0.062155 0.534872
vn 0.842633 0.062159 0.534889
vn 0.438784 0.098532 0.893174
vn 0.932755 0.022895 0.359783
vn 0.932748 0.022899 0.359800
vn 0.606296 0.105203 0.788250
vn 0.116271 0.038411 0.992475
vn 0.116270 0.038411 0.992475
vn 0.162381 0.053644 0.985269
vn 0.751611 0.092702 0.653060
vn 0.751618 0.092701 0.653052
vn 0.302398 0.083685 0.949501
vn 0.302397 0.083685 0.949501
vn 0.890855 0.065716 0.449510
vn 0.867799 0.064015 0.492775
vn 0.481038 0.108020 0.870019
vn 0.481034 0.108020 0.870022
vn 0.949269 0.023300 0.313600
vn 0.949265 0.023304 0.313614
vn 0.643660 0.111687 0.757118
vn 0.643665 0.111686 0.757114
vn 0.679490 0.117902 0.724150
vn 0.162381 0.053644 0.985269
vn 0.782509 0.096512 0.615114
vn 0.782505 0.096513 0.615119
vn 0.390666 0.108114 0.914161
vn 0.346954 0.096015 0.932955
vn 0.346949 0.096015 0.932956
vn 0.890852 0.065714 0.449515
vn 0.561929 0.126185 0.817504
vn 0.522105 0.117243 0.844784
vn 0.522108 0.117243 0.844782
vn 0.963509 0.023654 0.266629
vn 0.963506 0.023656 0.266639
vn 0.022901 0.008834 0.999699
vn 0.713689 0.123839 0.689429
vn 0.679497 0.117906 0.724142
vn 0.208098 0.068747 0.975689
vn 0.208102 0.068747 0.975688
vn 0.811515 0.100089 0.575696
vn 0.811514 0.100090 0.575697
vn 0.390656 0.108107 0.914167
vn 0.911777 0.067258 0.405141
vn 0.911782 0.067255 0.405131
vn 0.561935 0.126189 0.817500
vn 0.600403 0.134827 0.788250
vn 0.975425 0.023945 0.219026
vn 0.975422 0.023949 0.219041
vn 0.068656 0.026484 0.997289
vn 0.068656 0.026484 0.997289
vn 0.713688 0.123838 0.689430
vn 0.253324 0.083688 0.963755
vn 0.253329 0.083688 0.963754
vn 0.838576 0.103427 0.534876
vn 0.838568 0.103430 0.534889
vn 0.433421 0.119944 0.893174
vn 0.433428 0.119944 0.893171
vn 0.930502 0.068638 0.359800
vn 0.946983 0.069853 0.313599
vn 0.930504 0.068636 0.359794
vn 0.600394 0.134822 0.788258
vn 0.984989 0.024180 0.170914
vn 0.984989 0.024180 0.170913
vn 0.114245 0.044069 0.992475
vn 0.114246 0.044069 0.992475
vn 0.746158 0.129473 0.653058
vn 0.746164 0.129471 0.653052
vn 0.297927 0.098422 0.949501
vn 0.297925 0.098422 0.949502
vn 0.341825 0.112924 0.932954
vn 0.863605 0.106518 0.492788
vn 0.863613 0.106516 0.492776
vn 0.475158 0.131493 0.870020
vn 0.515724 0.142719 0.844784
vn 0.475154 0.131493 0.870022
vn 0.946985 0.069855 0.313593
vn 0.637416 0.143135 0.757108
vn 0.637404 0.143136 0.757118
vn 0.672893 0.151106 0.724142
vn 0.992186 0.024356 0.122368
vn 0.992186 0.024357 0.122371
vn 0.204475 0.078875 0.975689
vn 0.159554 0.061547 0.985269
vn 0.159554 0.061547 0.985269
vn 0.776826 0.134792 0.615120
vn 0.776827 0.134792 0.615119
vn 0.805626 0.139789 0.575696
vn 0.341823 0.112923 0.932955
vn 0.886555 0.109348 0.449515
vn 0.886560 0.109346 0.449506
vn 0.515725 0.142720 0.844783
vn 0.961185 0.070903 0.266638
vn 0.961188 0.070901 0.266629
vn 0.022441 0.009947 0.999699
vn 0.022440 0.009947 0.999699
vn 0.672886 0.151101 0.724150
vn 0.996991 0.024474 0.073558
vn 0.996991 0.024473 0.073553
vn 0.999398 0.024532 0.024520
vn 0.248916 0.096019 0.963754
vn 0.204476 0.078876 0.975688
vn 0.805625 0.139788 0.575698
vn 0.384881 0.127147 0.914166
vn 0.384881 0.127147 0.914167
vn 0.907378 0.111919 0.405141
vn 0.907382 0.111917 0.405132
vn 0.555065 0.153607 0.817501
vn 0.555067 0.153606 0.817500
vn 0.973071 0.071777 0.219045
vn 0.973072 0.071776 0.219041
vn 0.067274 0.029821 0.997289
vn 0.067274 0.029821 0.997289
vn 0.706754 0.158707 0.689428
vn 0.706752 0.158707 0.689430
vn 0.248910 0.096014 0.963756
vn 0.832491 0.144451 0.534876
vn 0.857338 0.148763 0.492788
vn 0.832495 0.144450 0.534870
vn 0.468130 0.154650 0.870022
vn 0.427022 0.141069 0.893169
vn 0.427020 0.141069 0.893171
vn 0.926013 0.114217 0.359799
vn 0.926015 0.114216 0.359794
vn 0.593055 0.164122 0.788258
vn 0.593065 0.164122 0.788250
vn 0.989795 0.073011 0.122371
vn 0.982617 0.072480 0.170909
vn 0.982617 0.072481 0.170913
vn 0.111946 0.049622 0.992475
vn 0.156342 0.069301 0.985269
vn 0.111944 0.049621 0.992475
vn 0.738907 0.165927 0.653058
vn 0.738907 0.165927 0.653058
vn 0.769276 0.172747 0.615120
vn 0.292742 0.112921 0.949500
vn 0.292738 0.112921 0.949502
vn 0.857334 0.148760 0.492797
vn 0.468127 0.154648 0.870023
vn 0.942417 0.116234 0.313593
vn 0.942410 0.116238 0.313611
vn 0.629612 0.174239 0.757120
vn 0.629626 0.174238 0.757108
vn 0.989795 0.073010 0.122377
vn 0.994589 0.073363 0.073558
vn 0.156344 0.069302 0.985268
vn 0.769275 0.172747 0.615121
vn 0.335870 0.129559 0.932955
vn 0.335871 0.129559 0.932955
vn 0.880126 0.152714 0.449506
vn 0.880127 0.152714 0.449506
vn 0.508104 0.167855 0.844781
vn 0.508101 0.167855 0.844783
vn 0.546859 0.180659 0.817501
vn 0.956552 0.117978 0.266626
vn 0.956548 0.117980 0.266638
vn 0.968377 0.119439 0.219045
vn 0.021925 0.011036 0.999699
vn 0.021926 0.011036 0.999699
vn 0.664661 0.183936 0.724150
vn 0.664667 0.183935 0.724145
vn 0.994590 0.073369 0.073534
vn 0.996990 0.073546 0.024519
vn 0.996990 0.073540 0.024546
vn 0.992180 0.122375 0.024546
vn 0.200358 0.088813 0.975689
vn 0.200361 0.088813 0.975688
vn 0.797796 0.179151 0.575696
vn 0.797795 0.179151 0.575698
vn 0.824404 0.185127 0.534871
vn 0.419586 0.161853 0.893169
vn 0.378183 0.145881 0.914164
vn 0.378179 0.145881 0.914166
vn 0.900798 0.156301 0.405133
vn 0.900799 0.156301 0.405132
vn 0.584297 0.193026 0.788250
vn 0.546856 0.180657 0.817503
vn 0.968375 0.119437 0.219054
vn 0.065730 0.033086 0.997289
vn 0.065730 0.033085 0.997289
vn 0.698110 0.193192 0.689434
vn 0.729876 0.201981 0.653058
vn 0.698116 0.193192 0.689428
vn 0.243898 0.108114 0.963756
vn 0.243905 0.108114 0.963754
vn 0.824399 0.185123 0.534878
vn 0.419578 0.161847 0.893174
vn 0.935572 0.162336 0.313611
vn 0.919296 0.159510 0.359794
vn 0.919294 0.159511 0.359799
vn 0.584292 0.193022 0.788254
vn 0.977877 0.120611 0.170909
vn 0.977879 0.120609 0.170900
vn 0.109375 0.055055 0.992475
vn 0.109375 0.055055 0.992475
vn 0.729880 0.201984 0.653052
vn 0.329108 0.145884 0.932955
vn 0.286846 0.127151 0.949501
vn 0.286848 0.127152 0.949500
vn 0.849002 0.190649 0.492797
vn 0.849004 0.190648 0.492793
vn 0.459976 0.177431 0.870023
vn 0.459979 0.177431 0.870021
vn 0.935577 0.162341 0.313593
vn 0.620305 0.204920 0.757119
vn 0.654840 0.216329 0.724145
vn 0.620309 0.204920 0.757116
vn 0.985020 0.121489 0.122376
vn 0.985018 0.121492 0.122387
vn 0.152754 0.076890 0.985269
vn 0.152755 0.076890 0.985268
vn 0.759876 0.210285 0.615117
vn 0.788045 0.218082 0.575696
vn 0.759873 0.210285 0.615121
vn 0.329106 0.145883 0.932956
vn 0.370570 0.164262 0.914164
vn 0.871578 0.195718 0.449495
vn 0.871572 0.195720 0.449506
vn 0.499256 0.192583 0.844781
vn 0.499256 0.192583 0.844781
vn 0.949611 0.164772 0.266626
vn 0.949605 0.164776 0.266643
vn 0.021357 0.012099 0.999699
vn 0.021357 0.012099 0.999699
vn 0.654840 0.216329 0.724145
vn 0.687789 0.227214 0.689434
vn 0.989792 0.122078 0.073541
vn 0.989793 0.122076 0.073534
vn 0.992181 0.122371 0.024527
vn 0.195760 0.098537 0.975689
vn 0.195759 0.098537 0.975689
vn 0.788047 0.218084 0.575692
vn 0.370567 0.164260 0.914165
vn 0.892041 0.200317 0.405136
vn 0.892043 0.200316 0.405133
vn 0.910361 0.204430 0.359794
vn 0.537343 0.207275 0.817496
vn 0.537332 0.207274 0.817503
vn 0.961349 0.166809 0.219049
vn 0.961348 0.166810 0.219054
vn 0.064027 0.036271 0.997289
vn 0.064027 0.036271 0.997289
vn 0.687796 0.227219 0.689426
vn 0.238304 0.119952 0.963754
vn 0.238306 0.119953 0.963754
vn 0.814322 0.225355 0.534879
vn 0.814322 0.225355 0.534878
vn 0.411137 0.182243 0.893171
vn 0.411130 0.182242 0.893174
vn 0.910356 0.204425 0.359809
vn 0.574107 0.221460 0.788261
vn 0.574117 0.221461 0.788254
vn 0.970783 0.168446 0.170900
vn 0.970782 0.168447 0.170903
vn 0.977871 0.169676 0.122387
vn 0.106542 0.060356 0.992475
vn 0.106543 0.060356 0.992475
vn 0.719077 0.237554 0.653067
vn 0.719091 0.237553 0.653052
vn 0.280262 0.141071 0.949501
vn 0.280262 0.141071 0.949501
vn 0.838626 0.232080 0.492793
vn 0.838623 0.232080 0.492798
vn 0.450718 0.199790 0.870021
vn 0.450717 0.199790 0.870022
vn 0.489204 0.216850 0.844781
vn 0.926485 0.208048 0.313593
vn 0.926488 0.208047 0.313588
vn 0.609505 0.235114 0.757116
vn 0.609512 0.235114 0.757111
vn 0.977872 0.169678 0.122379
vn 0.982610 0.170500 0.073541
vn 0.148797 0.084293 0.985269
vn 0.148797 0.084293 0.985269
vn 0.748642 0.247319 0.615117
vn 0.748652 0.247318 0.615105
vn 0.321552 0.161856 0.932956
vn 0.321554 0.161856 0.932955
vn 0.860925 0.238250 0.449495
vn 0.860924 0.238251 0.449496
vn 0.489206 0.216852 0.844780
vn 0.526524 0.233394 0.817496
vn 0.940380 0.211168 0.266633
vn 0.940377 0.211170 0.266643
vn 0.020738 0.013132 0.999699
vn 0.020738 0.013132 0.999699
vn 0.643437 0.248201 0.724145
vn 0.643433 0.248201 0.724148
vn 0.975408 0.219037 0.024547
vn 0.982610 0.170501 0.073536
vn 0.984981 0.170913 0.024527
vn 0.984981 0.170908 0.024547
vn 0.190689 0.108025 0.975689
vn 0.190688 0.108024 0.975689
vn 0.776392 0.256486 0.575700
vn 0.802284 0.265037 0.534879
vn 0.776398 0.256486 0.575692
vn 0.362060 0.182248 0.914166
vn 0.362065 0.182248 0.914163
vn 0.881139 0.243845 0.405135
vn 0.881138 0.243845 0.405136
vn 0.526518 0.233389 0.817501
vn 0.952005 0.213783 0.219049
vn 0.952007 0.213782 0.219042
vn 0.062169 0.039369 0.997289
vn 0.062171 0.039369 0.997289
vn 0.103453 0.065511 0.992475
vn 0.675820 0.260690 0.689426
vn 0.675813 0.260690 0.689433
vn 0.232127 0.131499 0.963756
vn 0.232132 0.131500 0.963755
vn 0.802281 0.265034 0.534885
vn 0.401689 0.202196 0.893176
vn 0.401699 0.202197 0.893171
vn 0.899232 0.248852 0.359798
vn 0.899227 0.248854 0.359809
vn 0.915161 0.253263 0.313588
vn 0.597241 0.264739 0.757111
vn 0.562553 0.249362 0.788259
vn 0.562550 0.249362 0.788261
vn 0.961344 0.215880 0.170919
vn 0.961348 0.215877 0.170903
vn 0.103454 0.065512 0.992474
vn 0.735612 0.283760 0.615105
vn 0.706569 0.272551 0.653052
vn 0.706555 0.272551 0.653067
vn 0.273002 0.154654 0.949501
vn 0.273005 0.154655 0.949500
vn 0.313224 0.177440 0.932955
vn 0.848197 0.280207 0.449495
vn 0.826234 0.272947 0.492786
vn 0.826226 0.272948 0.492798
vn 0.440376 0.221665 0.870019
vn 0.440371 0.221665 0.870022
vn 0.915156 0.253256 0.313608
vn 0.597237 0.264736 0.757115
vn 0.968370 0.217454 0.122368
vn 0.968368 0.217456 0.122379
vn 0.144482 0.091492 0.985269
vn 0.185158 0.117250 0.975689
vn 0.144481 0.091492 0.985269
vn 0.735602 0.283750 0.615122
vn 0.313225 0.177441 0.932955
vn 0.848197 0.280207 0.449495
vn 0.477973 0.240591 0.844783
vn 0.477977 0.240592 0.844780
vn 0.928884 0.257055 0.266640
vn 0.928886 0.257054 0.266633
vn 0.020069 0.014134 0.999699
vn 0.020069 0.014134 0.999699
vn 0.630479 0.279474 0.724148
vn 0.630488 0.279475 0.724140
vn 0.973060 0.218510 0.073540
vn 0.973060 0.218509 0.073537
vn 0.975408 0.219037 0.024543
vn 0.185158 0.117250 0.975689
vn 0.762871 0.294274 0.575700
vn 0.762883 0.294274 0.575685
vn 0.352685 0.199794 0.914164
vn 0.352686 0.199794 0.914163
vn 0.868113 0.286785 0.405135
vn 0.868112 0.286786 0.405137
vn 0.514436 0.258944 0.817498
vn 0.514432 0.258943 0.817501
vn 0.940374 0.260233 0.219032
vn 0.940372 0.260235 0.219041
vn 0.060163 0.042372 0.997289
vn 0.060163 0.042372 0.997289
vn 0.662208 0.293539 0.689431
vn 0.662206 0.293539 0.689433
vn 0.692342 0.306897 0.653052
vn 0.225400 0.142732 0.963754
vn 0.225395 0.142731 0.963756
vn 0.788309 0.304086 0.534884
vn 0.788308 0.304086 0.534885
vn 0.428968 0.243008 0.870019
vn 0.391287 0.221662 0.893174
vn 0.391285 0.221661 0.893176
vn 0.885937 0.292674 0.359802
vn 0.885939 0.292673 0.359798
vn 0.549639 0.276665 0.788260
vn 0.549640 0.276665 0.788259
vn 0.949595 0.262787 0.170918
vn 0.949594 0.262787 0.170919
vn 0.100114 0.070509 0.992475
vn 0.100115 0.070509 0.992474
vn 0.692337 0.306892 0.653060
vn 0.265082 0.167862 0.949502
vn 0.265088 0.167864 0.949500
vn 0.811843 0.313165 0.492787
vn 0.811844 0.313165 0.492786
vn 0.428964 0.243004 0.870022
vn 0.901627 0.297856 0.313608
vn 0.901627 0.297856 0.313609
vn 0.583527 0.293724 0.757115
vn 0.583531 0.293724 0.757112
vn 0.956532 0.264708 0.122375
vn 0.956534 0.264706 0.122368
vn 0.139818 0.098471 0.985269
vn 0.139819 0.098471 0.985269
vn 0.720791 0.319507 0.615122
vn 0.747522 0.331356 0.575685
vn 0.720797 0.319507 0.615116
vn 0.342457 0.216857 0.914164
vn 0.304142 0.192595 0.932955
vn 0.304141 0.192594 0.932955
vn 0.833428 0.321485 0.449495
vn 0.833417 0.321487 0.449514
vn 0.465597 0.263757 0.844779
vn 0.501109 0.283876 0.817498
vn 0.465591 0.263755 0.844783
vn 0.915151 0.302327 0.266640
vn 0.915156 0.302325 0.266626
vn 0.019351 0.015102 0.999699
vn 0.019351 0.015102 0.999699
vn 0.058012 0.045273 0.997289
vn 0.616005 0.310072 0.724150
vn 0.616016 0.310073 0.724140
vn 0.963486 0.266631 0.024550
vn 0.961168 0.265989 0.073530
vn 0.961166 0.265991 0.073540
vn 0.963486 0.266633 0.024543
vn 0.179181 0.126195 0.975689
vn 0.179184 0.126195 0.975688
vn 0.747519 0.331352 0.575692
vn 0.342461 0.216861 0.914162
vn 0.870509 0.335792 0.359802
vn 0.852995 0.329036 0.405137
vn 0.852999 0.329035 0.405128
vn 0.501102 0.283868 0.817506
vn 0.535403 0.303299 0.788259
vn 0.926468 0.306066 0.219045
vn 0.926472 0.306063 0.219032
vn 0.058012 0.045273 0.997289
vn 0.647017 0.325678 0.689423
vn 0.647008 0.325677 0.689431
vn 0.218123 0.153621 0.963755
vn 0.218124 0.153621 0.963754
vn 0.772440 0.342397 0.534884
vn 0.772435 0.342397 0.534891
vn 0.379942 0.240596 0.893173
vn 0.379939 0.240595 0.893174
vn 0.870511 0.335794 0.359796
vn 0.535408 0.303304 0.788254
vn 0.935557 0.309065 0.170918
vn 0.935557 0.309065 0.170918
vn 0.096534 0.075336 0.992475
vn 0.096534 0.075336 0.992475
vn 0.704252 0.354489 0.615116
vn 0.676441 0.340492 0.653064
vn 0.676445 0.340492 0.653060
vn 0.256527 0.180667 0.949502
vn 0.256526 0.180667 0.949502
vn 0.294323 0.207287 0.932955
vn 0.816640 0.361989 0.449514
vn 0.795501 0.352619 0.492786
vn 0.795501 0.352619 0.492787
vn 0.416523 0.263760 0.870023
vn 0.416519 0.263759 0.870025
vn 0.452094 0.286285 0.844779
vn 0.885924 0.341743 0.313609
vn 0.899217 0.346870 0.266626
vn 0.885929 0.341741 0.313597
vn 0.568415 0.322004 0.757112
vn 0.568417 0.322004 0.757110
vn 0.942392 0.311323 0.122375
vn 0.942392 0.311323 0.122372
vn 0.946958 0.312832 0.073530
vn 0.172776 0.134835 0.975688
vn 0.134817 0.105212 0.985269
vn 0.134818 0.105213 0.985269
vn 0.704251 0.354488 0.615117
vn 0.294322 0.207286 0.932956
vn 0.816648 0.361999 0.449492
vn 0.452091 0.286282 0.844781
vn 0.899213 0.346862 0.266651
vn 0.018587 0.016033 0.999699
vn 0.018587 0.016033 0.999699
vn 0.600048 0.339925 0.724150
vn 0.600053 0.339926 0.724146
vn 0.630254 0.357037 0.689423
vn 0.949242 0.313591 0.024517
vn 0.949243 0.313583 0.024550
vn 0.946958 0.312828 0.073544
vn 0.172777 0.134837 0.975688
vn 0.730361 0.367630 0.575692
vn 0.730360 0.367630 0.575693
vn 0.331402 0.233401 0.914164
vn 0.331408 0.233402 0.914162
vn 0.835826 0.370496 0.405128
vn 0.835818 0.370497 0.405143
vn 0.486568 0.308117 0.817506
vn 0.519880 0.329212 0.788254
vn 0.486576 0.308119 0.817500
vn 0.910335 0.351154 0.219045
vn 0.910337 0.351153 0.219040
vn 0.055720 0.048065 0.997289
vn 0.055721 0.048065 0.997289
vn 0.630248 0.357030 0.689432
vn 0.658920 0.373272 0.653064
vn 0.210324 0.164137 0.963755
vn 0.247354 0.193036 0.949502
vn 0.210321 0.164136 0.963755
vn 0.754702 0.379889 0.534891
vn 0.754716 0.379890 0.534872
vn 0.777238 0.391233 0.492786
vn 0.367680 0.258947 0.893173
vn 0.367680 0.258947 0.893173
vn 0.852987 0.378101 0.359796
vn 0.852983 0.378101 0.359805
vn 0.519880 0.329212 0.788254
vn 0.919264 0.354600 0.170918
vn 0.919266 0.354599 0.170911
vn 0.092721 0.079982 0.992475
vn 0.092721 0.079982 0.992475
vn 0.658923 0.373276 0.653059
vn 0.247356 0.193039 0.949500
vn 0.777233 0.391226 0.492800
vn 0.403083 0.283881 0.870020
vn 0.403076 0.283879 0.870025
vn 0.868094 0.384797 0.313597
vn 0.868094 0.384797 0.313597
vn 0.551932 0.349508 0.757110
vn 0.551929 0.349507 0.757113
vn 0.925982 0.357191 0.122363
vn 0.925980 0.357193 0.122372
vn 0.129491 0.111700 0.985269
vn 0.129492 0.111701 0.985269
vn 0.686008 0.388619 0.615117
vn 0.686007 0.388619 0.615117
vn 0.283798 0.221477 0.932956
vn 0.283795 0.221476 0.932957
vn 0.319552 0.249379 0.914164
vn 0.797905 0.401628 0.449492
vn 0.816635 0.411056 0.405143
vn 0.797899 0.401628 0.449502
vn 0.437499 0.308122 0.844782
vn 0.470870 0.331625 0.817500
vn 0.437497 0.308121 0.844783
vn 0.881108 0.390572 0.266651
vn 0.881115 0.390569 0.266629
vn 0.892008 0.395403 0.219040
vn 0.017778 0.016926 0.999699
vn 0.053295 0.050741 0.997289
vn 0.017777 0.016925 0.999699
vn 0.582651 0.368959 0.724146
vn 0.611970 0.387525 0.689432
vn 0.582648 0.368959 0.724148
vn 0.932713 0.359783 0.024537
vn 0.930466 0.358921 0.073544
vn 0.930465 0.358923 0.073553
vn 0.932712 0.359787 0.024517
vn 0.165953 0.143152 0.975688
vn 0.165952 0.143152 0.975688
vn 0.711441 0.403025 0.575693
vn 0.735166 0.416465 0.534872
vn 0.711437 0.403025 0.575698
vn 0.319552 0.249381 0.914164
vn 0.816638 0.411060 0.405133
vn 0.470871 0.331625 0.817499
vn 0.892007 0.395401 0.219046
vn 0.053296 0.050742 0.997289
vn 0.611972 0.387529 0.689428
vn 0.639813 0.405159 0.653058
vn 0.202013 0.174259 0.963755
vn 0.202015 0.174259 0.963755
vn 0.735164 0.416463 0.534876
vn 0.354534 0.276680 0.893171
vn 0.354529 0.276679 0.893173
vn 0.388667 0.303320 0.870020
vn 0.833407 0.419501 0.359794
vn 0.833402 0.419502 0.359805
vn 0.503100 0.354324 0.788254
vn 0.503101 0.354324 0.788254
vn 0.900758 0.399280 0.170911
vn 0.900757 0.399280 0.170915
vn 0.088683 0.084434 0.992475
vn 0.088685 0.084434 0.992475
vn 0.639808 0.405152 0.653068
vn 0.237582 0.204941 0.949502
vn 0.237587 0.204943 0.949500
vn 0.757104 0.428892 0.492794
vn 0.757100 0.428891 0.492800
vn 0.421851 0.329217 0.844783
vn 0.388666 0.303319 0.870021
vn 0.860888 0.433337 0.266629
vn 0.848166 0.426933 0.313597
vn 0.848166 0.426933 0.313597
vn 0.534112 0.376164 0.757116
vn 0.534116 0.376166 0.757113
vn 0.907339 0.402196 0.122372
vn 0.907340 0.402195 0.122363
vn 0.158728 0.151122 0.975688
vn 0.123858 0.117922 0.985268
vn 0.123854 0.117920 0.985269
vn 0.666117 0.421812 0.615112
vn 0.690805 0.437447 0.575698
vn 0.666113 0.421811 0.615117
vn 0.272586 0.235135 0.932957
vn 0.272590 0.235136 0.932955
vn 0.777233 0.440297 0.449496
vn 0.777230 0.440297 0.449502
vn 0.421848 0.329212 0.844786
vn 0.860885 0.433330 0.266649
vn 0.016925 0.017777 0.999699
vn 0.016926 0.017777 0.999699
vn 0.563846 0.397104 0.724146
vn 0.563843 0.397103 0.724148
vn 0.913934 0.405122 0.024523
vn 0.892955 0.449477 0.024523
vn 0.911734 0.404144 0.073553
vn 0.913935 0.405119 0.024537
vn 0.911735 0.404143 0.073547
vn 0.158727 0.151120 0.975689
vn 0.690809 0.437453 0.575689
vn 0.306929 0.264760 0.914164
vn 0.306931 0.264760 0.914164
vn 0.811819 0.459890 0.359794
vn 0.795481 0.450636 0.405138
vn 0.795484 0.450636 0.405133
vn 0.454033 0.354330 0.817499
vn 0.454033 0.354329 0.817499
vn 0.871532 0.438693 0.219046
vn 0.871536 0.438691 0.219033
vn 0.050741 0.053295 0.997289
vn 0.050742 0.053296 0.997289
vn 0.084434 0.088683 0.992475
vn 0.592217 0.417086 0.689433
vn 0.592222 0.417087 0.689428
vn 0.193221 0.183962 0.963755
vn 0.193222 0.183962 0.963755
vn 0.713842 0.452038 0.534876
vn 0.713840 0.452037 0.534878
vn 0.373315 0.322024 0.870021
vn 0.340531 0.293744 0.893170
vn 0.340530 0.293744 0.893171
vn 0.811820 0.459891 0.359790
vn 0.485111 0.378583 0.788253
vn 0.515011 0.401919 0.757116
vn 0.485109 0.378582 0.788254
vn 0.880081 0.442996 0.170915
vn 0.886511 0.446233 0.122372
vn 0.880081 0.442996 0.170914
vn 0.084435 0.088685 0.992475
vn 0.619170 0.436066 0.653051
vn 0.619154 0.436062 0.653068
vn 0.227240 0.216351 0.949502
vn 0.227242 0.216353 0.949501
vn 0.735144 0.465528 0.492795
vn 0.754692 0.477905 0.449496
vn 0.735145 0.465528 0.492794
vn 0.373312 0.322020 0.870024
vn 0.826195 0.468035 0.313600
vn 0.826197 0.468035 0.313596
vn 0.838584 0.475052 0.266649
vn 0.515014 0.401922 0.757112
vn 0.543680 0.424294 0.724146
vn 0.886511 0.446232 0.122375
vn 0.117920 0.123856 0.985269
vn 0.117922 0.123857 0.985268
vn 0.644606 0.453988 0.615124
vn 0.644616 0.453990 0.615112
vn 0.260724 0.248229 0.932955
vn 0.260720 0.248227 0.932957
vn 0.754692 0.477906 0.449495
vn 0.405193 0.349520 0.844781
vn 0.405185 0.349517 0.844786
vn 0.848957 0.480932 0.219034
vn 0.838586 0.475056 0.266637
vn 0.016033 0.018587 0.999699
vn 0.016033 0.018587 0.999699
vn 0.048065 0.055721 0.997289
vn 0.543680 0.424293 0.724146
vn 0.890804 0.448396 0.073547
vn 0.892955 0.449478 0.024527
vn 0.890806 0.448394 0.073538
vn 0.151122 0.158728 0.975688
vn 0.151120 0.158727 0.975689
vn 0.668512 0.470819 0.575692
vn 0.668514 0.470820 0.575689
vn 0.293570 0.279501 0.914164
vn 0.293569 0.279501 0.914164
vn 0.772411 0.489126 0.405138
vn 0.772409 0.489125 0.405142
vn 0.436099 0.376183 0.817499
vn 0.436099 0.376183 0.817499
vn 0.848956 0.480928 0.219047
vn 0.048064 0.055720 0.997289
vn 0.597026 0.465923 0.653051
vn 0.571038 0.445642 0.689434
vn 0.571035 0.445641 0.689437
vn 0.183962 0.193222 0.963755
vn 0.183961 0.193221 0.963755
vn 0.216353 0.227242 0.949501
vn 0.690798 0.486513 0.534886
vn 0.690803 0.486514 0.534878
vn 0.325707 0.310099 0.893171
vn 0.325707 0.310098 0.893171
vn 0.788270 0.499168 0.359809
vn 0.802237 0.508006 0.313600
vn 0.788278 0.499167 0.359790
vn 0.465941 0.401925 0.788261
vn 0.465950 0.401929 0.788253
vn 0.494674 0.426706 0.757113
vn 0.857285 0.485646 0.170909
vn 0.857284 0.485647 0.170914
vn 0.079982 0.092721 0.992474
vn 0.079982 0.092721 0.992475
vn 0.621557 0.485067 0.615124
vn 0.597026 0.465923 0.653052
vn 0.216352 0.227240 0.949502
vn 0.248227 0.260720 0.932957
vn 0.711425 0.501037 0.492784
vn 0.711418 0.501037 0.492794
vn 0.357061 0.339951 0.870023
vn 0.357064 0.339953 0.870022
vn 0.802239 0.508010 0.313590
vn 0.494676 0.426710 0.757109
vn 0.863547 0.489194 0.122375
vn 0.863547 0.489194 0.122374
vn 0.111701 0.129492 0.985269
vn 0.111701 0.129493 0.985269
vn 0.621560 0.485072 0.615117
vn 0.248229 0.260724 0.932955
vn 0.730334 0.514359 0.449496
vn 0.730335 0.514359 0.449495
vn 0.387551 0.368980 0.844783
vn 0.387554 0.368982 0.844781
vn 0.814267 0.515628 0.266639
vn 0.814268 0.515628 0.266637
vn 0.015102 0.019351 0.999699
vn 0.015102 0.019351 0.999699
vn 0.522203 0.450455 0.724150
vn 0.522207 0.450457 0.724146
vn 0.869826 0.492749 0.024525
vn 0.867730 0.491564 0.073548
vn 0.869826 0.492749 0.024527
vn 0.867732 0.491562 0.073538
vn 0.143152 0.165952 0.975688
vn 0.143150 0.165950 0.975689
vn 0.644598 0.503051 0.575702
vn 0.644605 0.503053 0.575692
vn 0.279501 0.293570 0.914164
vn 0.279500 0.293569 0.914164
vn 0.747483 0.526436 0.405134
vn 0.747480 0.526436 0.405141
vn 0.417116 0.397127 0.817499
vn 0.417117 0.397128 0.817498
vn 0.824335 0.522005 0.219047
vn 0.824339 0.522005 0.219036
vn 0.045272 0.058011 0.997289
vn 0.045273 0.058011 0.997289
vn 0.548482 0.473123 0.689437
vn 0.548485 0.473124 0.689433
vn 0.174259 0.202015 0.963755
vn 0.174263 0.202017 0.963754
vn 0.685980 0.535346 0.492784
vn 0.666092 0.519825 0.534886
vn 0.666098 0.519826 0.534877
vn 0.310099 0.325706 0.893171
vn 0.339953 0.357063 0.870022
vn 0.310097 0.325705 0.893172
vn 0.762827 0.537245 0.359809
vn 0.762828 0.537245 0.359807
vn 0.445659 0.424303 0.788261
vn 0.445661 0.424304 0.788259
vn 0.832421 0.527126 0.170919
vn 0.832424 0.527125 0.170909
vn 0.075336 0.096534 0.992474
vn 0.075336 0.096534 0.992474
vn 0.597012 0.514984 0.615117
vn 0.573444 0.494655 0.653053
vn 0.573445 0.494656 0.653052
vn 0.204940 0.237583 0.949502
vn 0.204940 0.237583 0.949502
vn 0.685979 0.535343 0.492789
vn 0.339955 0.357066 0.870020
vn 0.776340 0.546762 0.313603
vn 0.776346 0.546762 0.313590
vn 0.473140 0.450468 0.757111
vn 0.473142 0.450469 0.757109
vn 0.838505 0.530975 0.122375
vn 0.838504 0.530975 0.122377
vn 0.105213 0.134818 0.985269
vn 0.105212 0.134817 0.985269
vn 0.597014 0.514988 0.615111
vn 0.235137 0.272590 0.932955
vn 0.235137 0.272589 0.932955
vn 0.704215 0.549575 0.449499
vn 0.720752 0.562479 0.405134
vn 0.704216 0.549575 0.449497
vn 0.368980 0.387551 0.844783
vn 0.368977 0.387549 0.844785
vn 0.797731 0.561826 0.219036
vn 0.787985 0.554962 0.266640
vn 0.787988 0.554962 0.266631
vn 0.014134 0.020069 0.999699
vn 0.014134 0.020069 0.999699
vn 0.499475 0.475539 0.724146
vn 0.499471 0.475537 0.724150
vn 0.844601 0.534834 0.024538
vn 0.842567 0.533547 0.073537
vn 0.844599 0.534837 0.024525
vn 0.842565 0.533549 0.073548
vn 0.134834 0.172775 0.975689
vn 0.134835 0.172776 0.975688
vn 0.619139 0.534073 0.575702
vn 0.619138 0.534073 0.575703
vn 0.264758 0.306929 0.914165
vn 0.264759 0.306930 0.914164
vn 0.735549 0.574026 0.359807
vn 0.720751 0.562477 0.405139
vn 0.397130 0.417115 0.817498
vn 0.397125 0.417113 0.817501
vn 0.797731 0.561826 0.219035
vn 0.042372 0.060163 0.997289
vn 0.042371 0.060163 0.997289
vn 0.524605 0.499467 0.689436
vn 0.524607 0.499468 0.689433
vn 0.164135 0.210321 0.963756
vn 0.164140 0.210324 0.963754
vn 0.639789 0.551884 0.534877
vn 0.639784 0.551882 0.534885
vn 0.293741 0.340529 0.893172
vn 0.293743 0.340530 0.893171
vn 0.735550 0.574029 0.359800
vn 0.424304 0.445661 0.788259
vn 0.450467 0.473141 0.757111
vn 0.424312 0.445666 0.788252
vn 0.805554 0.567336 0.170915
vn 0.805553 0.567336 0.170919
vn 0.070509 0.100115 0.992474
vn 0.070508 0.100114 0.992475
vn 0.548479 0.522196 0.653056
vn 0.548481 0.522197 0.653053
vn 0.193036 0.247353 0.949502
vn 0.193039 0.247355 0.949501
vn 0.658890 0.568360 0.492778
vn 0.658884 0.568358 0.492789
vn 0.676399 0.583468 0.449499
vn 0.322026 0.373316 0.870020
vn 0.322021 0.373313 0.870023
vn 0.748577 0.584196 0.313603
vn 0.748578 0.584196 0.313602
vn 0.759807 0.592960 0.266631
vn 0.450465 0.473136 0.757115
vn 0.811439 0.571482 0.122376
vn 0.811439 0.571482 0.122378
vn 0.815370 0.574251 0.073537
vn 0.098471 0.139818 0.985269
vn 0.098471 0.139818 0.985269
vn 0.571026 0.543662 0.615111
vn 0.571026 0.543661 0.615111
vn 0.221479 0.283799 0.932955
vn 0.221479 0.283799 0.932955
vn 0.676399 0.583466 0.449502
vn 0.349523 0.405193 0.844779
vn 0.349516 0.405188 0.844785
vn 0.759806 0.592956 0.266640
vn 0.013132 0.020738 0.999699
vn 0.013132 0.020738 0.999699
vn 0.475542 0.499476 0.724143
vn 0.475539 0.499474 0.724146
vn 0.817338 0.575636 0.024534
vn 0.815371 0.574249 0.073544
vn 0.817338 0.575635 0.024537
vn 0.126194 0.179182 0.975689
vn 0.126196 0.179183 0.975688
vn 0.592187 0.563808 0.575704
vn 0.592188 0.563809 0.575703
vn 0.249380 0.319551 0.914164
vn 0.249379 0.319551 0.914165
vn 0.706498 0.609429 0.359800
vn 0.692281 0.597166 0.405141
vn 0.692282 0.597166 0.405139
vn 0.376179 0.436098 0.817501
vn 0.376178 0.436098 0.817501
vn 0.769204 0.600290 0.219038
vn 0.769205 0.600290 0.219035
vn 0.039369 0.062170 0.997289
vn 0.039369 0.062170 0.997289
vn 0.499465 0.524608 0.689436
vn 0.522194 0.548481 0.653056
vn 0.499471 0.524611 0.689429
vn 0.153618 0.218121 0.963756
vn 0.153621 0.218124 0.963754
vn 0.611934 0.582611 0.534885
vn 0.611937 0.582612 0.534880
vn 0.276679 0.354532 0.893172
vn 0.276681 0.354533 0.893171
vn 0.719010 0.620225 0.313602
vn 0.706499 0.609433 0.359791
vn 0.401931 0.465950 0.788252
vn 0.401927 0.465948 0.788256
vn 0.782421 0.610607 0.122376
vn 0.776750 0.606178 0.170904
vn 0.776747 0.606179 0.170914
vn 0.065511 0.103453 0.992475
vn 0.065511 0.103453 0.992474
vn 0.522192 0.548476 0.653062
vn 0.180668 0.256529 0.949501
vn 0.180666 0.256528 0.949502
vn 0.630207 0.600008 0.492778
vn 0.630206 0.600007 0.492779
vn 0.303316 0.388663 0.870023
vn 0.303316 0.388663 0.870023
vn 0.729795 0.629525 0.266640
vn 0.719009 0.620221 0.313611
vn 0.426705 0.494671 0.757115
vn 0.426705 0.494670 0.757116
vn 0.782421 0.610606 0.122382
vn 0.091492 0.144481 0.985269
vn 0.091491 0.144481 0.985269
vn 0.543661 0.571026 0.615111
vn 0.543662 0.571026 0.615111
vn 0.563808 0.592187 0.575704
vn 0.207287 0.294324 0.932955
vn 0.207285 0.294322 0.932957
vn 0.646952 0.615950 0.449509
vn 0.646956 0.615951 0.449502
vn 0.329220 0.421855 0.844779
vn 0.329219 0.421854 0.844781
vn 0.729796 0.629529 0.266630
vn 0.012099 0.021357 0.999699
vn 0.012099 0.021357 0.999699
vn 0.450458 0.522207 0.724146
vn 0.450461 0.522208 0.724143
vn 0.473128 0.548486 0.689429
vn 0.788109 0.615046 0.024549
vn 0.788107 0.615049 0.024534
vn 0.786214 0.613565 0.073526
vn 0.786210 0.613568 0.073543
vn 0.117252 0.185160 0.975688
vn 0.117250 0.185158 0.975689
vn 0.563809 0.592188 0.575703
vn 0.233404 0.331406 0.914162
vn 0.233400 0.331403 0.914164
vn 0.662148 0.630416 0.405137
vn 0.662146 0.630415 0.405141
vn 0.354333 0.454034 0.817497
vn 0.354328 0.454031 0.817501
vn 0.738820 0.637313 0.219038
vn 0.738819 0.637313 0.219038
vn 0.036270 0.064026 0.997289
vn 0.060356 0.106543 0.992475
vn 0.036271 0.064027 0.997289
vn 0.473128 0.548486 0.689429
vn 0.142732 0.225399 0.963754
vn 0.142732 0.225399 0.963755
vn 0.582611 0.611938 0.534880
vn 0.582614 0.611940 0.534874
vn 0.258949 0.367681 0.893172
vn 0.258950 0.367682 0.893171
vn 0.675743 0.643361 0.359804
vn 0.675748 0.643362 0.359792
vn 0.378579 0.485106 0.788258
vn 0.378581 0.485107 0.788256
vn 0.401919 0.515011 0.757116
vn 0.751517 0.648264 0.122381
vn 0.746068 0.643564 0.170904
vn 0.746066 0.643564 0.170910
vn 0.060356 0.106544 0.992474
vn 0.494650 0.573439 0.653061
vn 0.494654 0.573440 0.653057
vn 0.167862 0.265083 0.949502
vn 0.192593 0.304138 0.932957
vn 0.167862 0.265084 0.949501
vn 0.615952 0.646951 0.449509
vn 0.599999 0.630202 0.492795
vn 0.600008 0.630205 0.492779
vn 0.283878 0.403079 0.870023
vn 0.283880 0.403080 0.870023
vn 0.687716 0.654756 0.313594
vn 0.687709 0.654755 0.313611
vn 0.401918 0.515009 0.757118
vn 0.751516 0.648266 0.122371
vn 0.084292 0.148796 0.985269
vn 0.108024 0.190691 0.975688
vn 0.084292 0.148796 0.985269
vn 0.514987 0.597014 0.615112
vn 0.514987 0.597014 0.615111
vn 0.192593 0.304140 0.932956
vn 0.615953 0.646958 0.449497
vn 0.308120 0.437499 0.844782
vn 0.308122 0.437500 0.844781
vn 0.698026 0.664578 0.266639
vn 0.698029 0.664578 0.266631
vn 0.011036 0.021925 0.999699
vn 0.011036 0.021925 0.999699
vn 0.424293 0.543681 0.724146
vn 0.424295 0.543683 0.724142
vn 0.756981 0.652976 0.024541
vn 0.755156 0.651406 0.073546
vn 0.756982 0.652975 0.024548
vn 0.755160 0.651404 0.073526
vn 0.108024 0.190689 0.975689
vn 0.551887 0.639790 0.534874
vn 0.534073 0.619139 0.575703
vn 0.534071 0.619138 0.575706
vn 0.216856 0.342455 0.914165
vn 0.240598 0.379945 0.893171
vn 0.216861 0.342460 0.914162
vn 0.643361 0.675743 0.359803
vn 0.630415 0.662147 0.405141
vn 0.630417 0.662147 0.405137
vn 0.331622 0.470869 0.817502
vn 0.354322 0.503096 0.788258
vn 0.331628 0.470873 0.817497
vn 0.706660 0.672795 0.219038
vn 0.706660 0.672795 0.219038
vn 0.033086 0.065730 0.997289
vn 0.033085 0.065729 0.997289
vn 0.445644 0.571041 0.689430
vn 0.445645 0.571041 0.689429
vn 0.131500 0.232129 0.963755
vn 0.131501 0.232131 0.963755
vn 0.551885 0.639784 0.534883
vn 0.240599 0.379946 0.893170
vn 0.643361 0.675743 0.359804
vn 0.654758 0.687714 0.313594
vn 0.376163 0.534110 0.757118
vn 0.354323 0.503100 0.788255
vn 0.713593 0.679393 0.170910
vn 0.713591 0.679394 0.170916
vn 0.055056 0.109377 0.992474
vn 0.055055 0.109376 0.992475
vn 0.465921 0.597021 0.653057
vn 0.465919 0.597020 0.653059
vn 0.177439 0.313223 0.932956
vn 0.154654 0.273001 0.949501
vn 0.154654 0.273002 0.949501
vn 0.568362 0.658885 0.492784
vn 0.568355 0.658882 0.492795
vn 0.263761 0.416523 0.870023
vn 0.286283 0.452089 0.844782
vn 0.263761 0.416523 0.870022
vn 0.664578 0.698026 0.266638
vn 0.654758 0.687712 0.313598
vn 0.376165 0.534116 0.757113
vn 0.718806 0.684357 0.122363
vn 0.718804 0.684358 0.122371
vn 0.076889 0.152753 0.985269
vn 0.076889 0.152753 0.985269
vn 0.485075 0.621565 0.615110
vn 0.485073 0.621564 0.615112
vn 0.177440 0.313225 0.932955
vn 0.583466 0.676400 0.449500
vn 0.583468 0.676401 0.449497
vn 0.286283 0.452091 0.844782
vn 0.308119 0.486573 0.817502
vn 0.664578 0.698029 0.266631
vn 0.009947 0.022440 0.999699
vn 0.009947 0.022440 0.999699
vn 0.029821 0.067274 0.997289
vn 0.397101 0.563843 0.724149
vn 0.397107 0.563847 0.724143
vn 0.724028 0.689334 0.024532
vn 0.722286 0.687673 0.073546
vn 0.722286 0.687673 0.073547
vn 0.724029 0.689333 0.024540
vn 0.098537 0.195760 0.975689
vn 0.098538 0.195761 0.975688
vn 0.503048 0.644597 0.575706
vn 0.503049 0.644597 0.575705
vn 0.199792 0.352683 0.914165
vn 0.221665 0.391294 0.893170
vn 0.199793 0.352685 0.914164
vn 0.597166 0.692280 0.405144
vn 0.597167 0.692281 0.405141
vn 0.308119 0.486573 0.817502
vn 0.329210 0.519879 0.788255
vn 0.679395 0.713590 0.170916
vn 0.672794 0.706659 0.219045
vn 0.672797 0.706659 0.219038
vn 0.029821 0.067274 0.997289
vn 0.417089 0.592218 0.689430
vn 0.417087 0.592217 0.689433
vn 0.119950 0.238301 0.963755
vn 0.119951 0.238302 0.963755
vn 0.519824 0.666096 0.534883
vn 0.519828 0.666098 0.534876
vn 0.221665 0.391293 0.893171
vn 0.609432 0.706499 0.359794
vn 0.620223 0.719013 0.313598
vn 0.609428 0.706498 0.359804
vn 0.329210 0.519880 0.788254
vn 0.684357 0.718806 0.122363
vn 0.679394 0.713593 0.170903
vn 0.049622 0.111946 0.992474
vn 0.049622 0.111946 0.992475
vn 0.453991 0.644618 0.615110
vn 0.436064 0.619163 0.653059
vn 0.436067 0.619165 0.653055
vn 0.141072 0.280262 0.949501
vn 0.141071 0.280261 0.949502
vn 0.535341 0.685979 0.492791
vn 0.535345 0.685981 0.492784
vn 0.243005 0.428965 0.870022
vn 0.243004 0.428964 0.870022
vn 0.620223 0.719014 0.313596
vn 0.349506 0.551930 0.757113
vn 0.368958 0.582648 0.724149
vn 0.349505 0.551929 0.757114
vn 0.684359 0.718801 0.122386
vn 0.069301 0.156342 0.985269
vn 0.069301 0.156342 0.985269
vn 0.453991 0.644616 0.615112
vn 0.161857 0.321555 0.932955
vn 0.161856 0.321554 0.932955
vn 0.549573 0.704213 0.449503
vn 0.549575 0.704214 0.449500
vn 0.263755 0.465594 0.844782
vn 0.263754 0.465592 0.844783
vn 0.629525 0.729798 0.266633
vn 0.637310 0.738821 0.219045
vn 0.629526 0.729798 0.266631
vn 0.008834 0.022901 0.999699
vn 0.008834 0.022901 0.999699
vn 0.387523 0.611971 0.689433
vn 0.368959 0.582654 0.724143
vn 0.689333 0.724029 0.024533
vn 0.652978 0.756980 0.024533
vn 0.687676 0.722284 0.073532
vn 0.687673 0.722286 0.073546
vn 0.689333 0.724029 0.024533
vn 0.088814 0.200360 0.975688
vn 0.108114 0.243900 0.963755
vn 0.088813 0.200359 0.975689
vn 0.470812 0.668505 0.575706
vn 0.470819 0.668510 0.575695
vn 0.182247 0.362064 0.914164
vn 0.182247 0.362064 0.914164
vn 0.562482 0.720753 0.405129
vn 0.562475 0.720750 0.405143
vn 0.574028 0.735554 0.359794
vn 0.283873 0.501106 0.817501
vn 0.283873 0.501106 0.817502
vn 0.637310 0.738821 0.219045
vn 0.026484 0.068656 0.997289
vn 0.026484 0.068656 0.997289
vn 0.387523 0.611968 0.689435
vn 0.405158 0.639817 0.653055
vn 0.108114 0.243903 0.963755
vn 0.486515 0.690802 0.534880
vn 0.501037 0.711420 0.492791
vn 0.486517 0.690803 0.534876
vn 0.202195 0.401694 0.893174
vn 0.202199 0.401698 0.893171
vn 0.584197 0.748579 0.313596
vn 0.574028 0.735549 0.359806
vn 0.322002 0.568413 0.757114
vn 0.303304 0.535408 0.788254
vn 0.303304 0.535408 0.788254
vn 0.643561 0.746068 0.170912
vn 0.643564 0.746068 0.170904
vn 0.044070 0.114247 0.992474
vn 0.044070 0.114246 0.992474
vn 0.405158 0.639814 0.653058
vn 0.127149 0.286845 0.949502
vn 0.127149 0.286844 0.949502
vn 0.501037 0.711419 0.492792
vn 0.221665 0.440371 0.870022
vn 0.221666 0.440373 0.870021
vn 0.584197 0.748576 0.313603
vn 0.592961 0.759806 0.266633
vn 0.322001 0.568411 0.757116
vn 0.648264 0.751517 0.122373
vn 0.648261 0.751518 0.122385
vn 0.651403 0.755160 0.073533
vn 0.061547 0.159554 0.985269
vn 0.061546 0.159553 0.985269
vn 0.421813 0.666116 0.615112
vn 0.421813 0.666117 0.615112
vn 0.145884 0.329109 0.932955
vn 0.164262 0.370570 0.914164
vn 0.145884 0.329109 0.932955
vn 0.514358 0.730331 0.449503
vn 0.514356 0.730330 0.449507
vn 0.240594 0.477976 0.844780
vn 0.240591 0.477973 0.844783
vn 0.592961 0.759806 0.266631
vn 0.600292 0.769201 0.219044
vn 0.007700 0.023307 0.999699
vn 0.007700 0.023307 0.999699
vn 0.339926 0.600053 0.724146
vn 0.339928 0.600055 0.724143
vn 0.651405 0.755157 0.073548
vn 0.652978 0.756980 0.024534
vn 0.078875 0.204476 0.975689
vn 0.078876 0.204477 0.975688
vn 0.437448 0.690807 0.575695
vn 0.437448 0.690807 0.575695
vn 0.164262 0.370568 0.914165
vn 0.526437 0.747483 0.405134
vn 0.526439 0.747484 0.405130
vn 0.258943 0.514432 0.817501
vn 0.258942 0.514430 0.817503
vn 0.600291 0.769203 0.219037
vn 0.023083 0.069872 0.997289
vn 0.023083 0.069873 0.997289
vn 0.357033 0.630249 0.689430
vn 0.357029 0.630246 0.689435
vn 0.096016 0.248912 0.963755
vn 0.096017 0.248913 0.963755
vn 0.452035 0.713840 0.534881
vn 0.452032 0.713837 0.534886
vn 0.182245 0.411136 0.893171
vn 0.182241 0.411132 0.893173
vn 0.199789 0.450720 0.870021
vn 0.537248 0.762831 0.359797
vn 0.537244 0.762829 0.359805
vn 0.293724 0.583526 0.757116
vn 0.276667 0.549642 0.788257
vn 0.276669 0.549644 0.788254
vn 0.606179 0.776747 0.170913
vn 0.606179 0.776747 0.170912
vn 0.038411 0.116272 0.992474
vn 0.038411 0.116271 0.992474
vn 0.373273 0.658919 0.653064
vn 0.373277 0.658922 0.653059
vn 0.112923 0.292739 0.949501
vn 0.112922 0.292738 0.949502
vn 0.465529 0.735148 0.492787
vn 0.465526 0.735147 0.492792
vn 0.199789 0.450717 0.870022
vn 0.546761 0.776341 0.313603
vn 0.546761 0.776341 0.313603
vn 0.293724 0.583529 0.757113
vn 0.613567 0.786210 0.073548
vn 0.610609 0.782420 0.122373
vn 0.610607 0.782421 0.122382
vn 0.053643 0.162381 0.985269
vn 0.053644 0.162383 0.985269
vn 0.388621 0.686011 0.615112
vn 0.388623 0.686013 0.615108
vn 0.129559 0.335870 0.932956
vn 0.129560 0.335870 0.932955
vn 0.477901 0.754688 0.449506
vn 0.477901 0.754688 0.449508
vn 0.233390 0.526516 0.817502
vn 0.216852 0.489206 0.844780
vn 0.216847 0.489200 0.844784
vn 0.554962 0.787988 0.266631
vn 0.554963 0.787988 0.266629
vn 0.006547 0.023657 0.999699
vn 0.006547 0.023657 0.999699
vn 0.310074 0.616009 0.724146
vn 0.310072 0.616007 0.724149
vn 0.615045 0.788111 0.024528
vn 0.575637 0.817338 0.024528
vn 0.615046 0.788110 0.024534
vn 0.613565 0.786212 0.073537
vn 0.068747 0.208101 0.975688
vn 0.068747 0.208100 0.975689
vn 0.083687 0.253324 0.963755
vn 0.403026 0.711439 0.575695
vn 0.403025 0.711438 0.575697
vn 0.145881 0.378182 0.914165
vn 0.145882 0.378183 0.914164
vn 0.161851 0.419583 0.893171
vn 0.489126 0.772414 0.405133
vn 0.489125 0.772413 0.405134
vn 0.249364 0.562555 0.788257
vn 0.233391 0.526521 0.817499
vn 0.561827 0.797730 0.219038
vn 0.561823 0.797730 0.219047
vn 0.019626 0.070921 0.997289
vn 0.019627 0.070921 0.997289
vn 0.325677 0.647009 0.689430
vn 0.325680 0.647012 0.689426
vn 0.083687 0.253324 0.963755
vn 0.416466 0.735163 0.534875
vn 0.416460 0.735159 0.534886
vn 0.428894 0.757107 0.492787
vn 0.161851 0.419580 0.893173
vn 0.499169 0.788274 0.359798
vn 0.499169 0.788274 0.359797
vn 0.249364 0.562557 0.788256
vn 0.567338 0.805555 0.170907
vn 0.567336 0.805555 0.170912
vn 0.571480 0.811439 0.122382
vn 0.032659 0.118015 0.992475
vn 0.032659 0.118015 0.992475
vn 0.340495 0.676446 0.653057
vn 0.340490 0.676442 0.653064
vn 0.098422 0.297927 0.949501
vn 0.098422 0.297928 0.949501
vn 0.428894 0.757108 0.492786
vn 0.177435 0.459979 0.870021
vn 0.177433 0.459977 0.870022
vn 0.508007 0.802236 0.313603
vn 0.508011 0.802237 0.313592
vn 0.279472 0.630479 0.724149
vn 0.264737 0.597239 0.757113
vn 0.264737 0.597239 0.757113
vn 0.571479 0.811441 0.122375
vn 0.045611 0.164819 0.985269
vn 0.045611 0.164819 0.985269
vn 0.354493 0.704256 0.615108
vn 0.354488 0.704252 0.615116
vn 0.112923 0.341822 0.932956
vn 0.112923 0.341822 0.932956
vn 0.440291 0.777227 0.449513
vn 0.440293 0.777229 0.449508
vn 0.192585 0.499257 0.844780
vn 0.192581 0.499252 0.844784
vn 0.515630 0.814269 0.266629
vn 0.515627 0.814269 0.266637
vn 0.005378 0.023950 0.999699
vn 0.005378 0.023950 0.999699
vn 0.279472 0.630480 0.724148
vn 0.293538 0.662213 0.689427
vn 0.574250 0.815371 0.073537
vn 0.575635 0.817338 0.024535
vn 0.574247 0.815372 0.073546
vn 0.058453 0.211222 0.975689
vn 0.058453 0.211222 0.975689
vn 0.367631 0.730357 0.575696
vn 0.367631 0.730358 0.575695
vn 0.127149 0.384886 0.914164
vn 0.127150 0.384889 0.914163
vn 0.450633 0.795481 0.405142
vn 0.450637 0.795483 0.405134
vn 0.207270 0.537332 0.817505
vn 0.207275 0.537338 0.817499
vn 0.522004 0.824336 0.219047
vn 0.522004 0.824336 0.219047
vn 0.016123 0.071799 0.997289
vn 0.016123 0.071799 0.997289
vn 0.293538 0.662207 0.689433
vn 0.071156 0.257125 0.963755
vn 0.071156 0.257125 0.963755
vn 0.379893 0.754712 0.534875
vn 0.379888 0.754708 0.534885
vn 0.141067 0.427016 0.893173
vn 0.141066 0.427015 0.893173
vn 0.459887 0.811818 0.359798
vn 0.459892 0.811821 0.359785
vn 0.468033 0.826199 0.313592
vn 0.221461 0.574115 0.788256
vn 0.221462 0.574115 0.788256
vn 0.527126 0.832423 0.170909
vn 0.527126 0.832423 0.170908
vn 0.026829 0.119476 0.992475
vn 0.037469 0.166858 0.985269
vn 0.026829 0.119476 0.992475
vn 0.306897 0.692344 0.653049
vn 0.306892 0.692339 0.653057
vn 0.083684 0.302397 0.949501
vn 0.083685 0.302398 0.949501
vn 0.391230 0.777235 0.492793
vn 0.391234 0.777238 0.492786
vn 0.154650 0.468131 0.870021
vn 0.154648 0.468129 0.870022
vn 0.468034 0.826195 0.313601
vn 0.235114 0.609507 0.757114
vn 0.235115 0.609509 0.757113
vn 0.530975 0.838504 0.122374
vn 0.530977 0.838504 0.122369
vn 0.037469 0.166857 0.985269
vn 0.331353 0.747516 0.575695
vn 0.319504 0.720792 0.615122
vn 0.319508 0.720796 0.615116
vn 0.096015 0.346953 0.932955
vn 0.096014 0.346951 0.932956
vn 0.108111 0.390664 0.914163
vn 0.411057 0.816635 0.405141
vn 0.401636 0.797903 0.449488
vn 0.401624 0.797895 0.449513
vn 0.167857 0.508105 0.844780
vn 0.167855 0.508102 0.844782
vn 0.480929 0.848955 0.219047
vn 0.475053 0.838586 0.266644
vn 0.475055 0.838586 0.266637
vn 0.004197 0.024185 0.999699
vn 0.004196 0.024185 0.999699
vn 0.248200 0.643433 0.724148
vn 0.248202 0.643434 0.724146
vn 0.534835 0.844600 0.024525
vn 0.533549 0.842565 0.073546
vn 0.533547 0.842566 0.073553
vn 0.534837 0.844599 0.024534
vn 0.058454 0.260307 0.963755
vn 0.048018 0.213835 0.975689
vn 0.048019 0.213836 0.975689
vn 0.331353 0.747524 0.575685
vn 0.342397 0.772439 0.534885
vn 0.108111 0.390659 0.914165
vn 0.411057 0.816634 0.405143
vn 0.180656 0.546854 0.817505
vn 0.193023 0.584290 0.788256
vn 0.180659 0.546858 0.817501
vn 0.480929 0.848958 0.219039
vn 0.012581 0.072504 0.997289
vn 0.012581 0.072503 0.997289
vn 0.260694 0.675820 0.689424
vn 0.260688 0.675814 0.689433
vn 0.058454 0.260308 0.963755
vn 0.342397 0.772438 0.534887
vn 0.119945 0.433422 0.893173
vn 0.119946 0.433424 0.893172
vn 0.419499 0.833405 0.359801
vn 0.419505 0.833409 0.359786
vn 0.193023 0.584297 0.788250
vn 0.485646 0.857285 0.170909
vn 0.489194 0.863548 0.122370
vn 0.485646 0.857285 0.170909
vn 0.020935 0.120649 0.992475
vn 0.020935 0.120648 0.992475
vn 0.272547 0.706558 0.653065
vn 0.272557 0.706569 0.653049
vn 0.068746 0.306140 0.949501
vn 0.068745 0.306139 0.949501
vn 0.078874 0.351246 0.932955
vn 0.352620 0.795500 0.492787
vn 0.352617 0.795498 0.492793
vn 0.142719 0.515727 0.844782
vn 0.131491 0.475154 0.870022
vn 0.131494 0.475158 0.870020
vn 0.433336 0.860884 0.266645
vn 0.426932 0.848163 0.313605
vn 0.426934 0.848164 0.313601
vn 0.204918 0.620304 0.757121
vn 0.216329 0.654839 0.724146
vn 0.204923 0.620310 0.757115
vn 0.489196 0.863545 0.122384
vn 0.029237 0.168495 0.985269
vn 0.029237 0.168495 0.985269
vn 0.283760 0.735611 0.615108
vn 0.283751 0.735602 0.615122
vn 0.078874 0.351243 0.932956
vn 0.362000 0.816649 0.449488
vn 0.361988 0.816640 0.449514
vn 0.153607 0.555065 0.817501
vn 0.142720 0.515724 0.844784
vn 0.438693 0.871534 0.219038
vn 0.433335 0.860889 0.266629
vn 0.003005 0.024362 0.999699
vn 0.003005 0.024362 0.999699
vn 0.216329 0.654840 0.724145
vn 0.227217 0.687798 0.689424
vn 0.491562 0.867731 0.073553
vn 0.492749 0.869826 0.024527
vn 0.492749 0.869826 0.024525
vn 0.491567 0.867730 0.073533
vn 0.037468 0.215935 0.975689
vn 0.037469 0.215935 0.975689
vn 0.294270 0.762871 0.575702
vn 0.294279 0.762880 0.575685
vn 0.088810 0.395494 0.914165
vn 0.098532 0.438788 0.893172
vn 0.088812 0.395497 0.914164
vn 0.370500 0.835825 0.405124
vn 0.370492 0.835820 0.405143
vn 0.153606 0.555067 0.817500
vn 0.164122 0.593065 0.788250
vn 0.438694 0.871531 0.219046
vn 0.009008 0.073033 0.997289
vn 0.009008 0.073033 0.997289
vn 0.237554 0.719079 0.653065
vn 0.227218 0.687792 0.689431
vn 0.045612 0.262863 0.963755
vn 0.045611 0.262861 0.963755
vn 0.304088 0.788309 0.534882
vn 0.304086 0.788307 0.534887
vn 0.098532 0.438788 0.893172
vn 0.378102 0.852984 0.359801
vn 0.378101 0.852984 0.359804
vn 0.164122 0.593055 0.788258
vn 0.442997 0.880081 0.170915
vn 0.442998 0.880081 0.170910
vn 0.446234 0.886509 0.122384
vn 0.014989 0.121530 0.992475
vn 0.014989 0.121531 0.992474
vn 0.020934 0.169726 0.985269
vn 0.237553 0.719089 0.653054
vn 0.053642 0.309144 0.949501
vn 0.053643 0.309147 0.949500
vn 0.313165 0.811843 0.492786
vn 0.313165 0.811843 0.492787
vn 0.108021 0.481038 0.870019
vn 0.117243 0.522105 0.844784
vn 0.108019 0.481034 0.870022
vn 0.384799 0.868094 0.313597
vn 0.384796 0.868092 0.313605
vn 0.174243 0.629624 0.757108
vn 0.174234 0.629612 0.757121
vn 0.183935 0.664667 0.724145
vn 0.446231 0.886512 0.122368
vn 0.020934 0.169727 0.985269
vn 0.247316 0.748643 0.615117
vn 0.247321 0.748649 0.615107
vn 0.061545 0.354690 0.932956
vn 0.061544 0.354688 0.932957
vn 0.321491 0.833427 0.449492
vn 0.321481 0.833419 0.449514
vn 0.117243 0.522108 0.844782
vn 0.126187 0.561936 0.817499
vn 0.390568 0.881112 0.266643
vn 0.390572 0.881114 0.266629
vn 0.001806 0.024480 0.999699
vn 0.000602 0.024539 0.999699
vn 0.000602 0.024539 0.999699
vn 0.001806 0.024480 0.999699
vn 0.193193 0.698113 0.689431
vn 0.183935 0.664661 0.724150
vn 0.448395 0.890806 0.073533
vn 0.449478 0.892954 0.024533
vn 0.448393 0.890806 0.073542
vn 0.449477 0.892955 0.024527
vn 0.026828 0.217513 0.975689
vn 0.026828 0.217514 0.975689
vn 0.256483 0.776391 0.575702
vn 0.256488 0.776397 0.575692
vn 0.069299 0.399375 0.914165
vn 0.069300 0.399378 0.914164
vn 0.329039 0.852999 0.405124
vn 0.329031 0.852993 0.405143
vn 0.335793 0.870508 0.359803
vn 0.134825 0.600393 0.788258
vn 0.126187 0.561929 0.817504
vn 0.395401 0.892008 0.219044
vn 0.395401 0.892008 0.219046
vn 0.001806 0.073564 0.997289
vn 0.001806 0.073564 0.997289
vn 0.005413 0.073387 0.997289
vn 0.005413 0.073388 0.997289
vn 0.201982 0.729879 0.653054
vn 0.193192 0.698116 0.689428
vn 0.032657 0.264782 0.963755
vn 0.032658 0.264784 0.963755
vn 0.265034 0.802283 0.534883
vn 0.265037 0.802286 0.534877
vn 0.076886 0.443099 0.893170
vn 0.076884 0.443094 0.893172
vn 0.335793 0.870509 0.359802
vn 0.134824 0.600404 0.788250
vn 0.399279 0.900758 0.170915
vn 0.399279 0.900758 0.170915
vn 0.012581 0.170549 0.985269
vn 0.009008 0.122119 0.992475
vn 0.009008 0.122119 0.992475
vn 0.003005 0.122414 0.992475
vn 0.003005 0.122414 0.992475
vn 0.004197 0.170963 0.985269
vn 0.201983 0.729875 0.653058
vn 0.038408 0.311407 0.949500
vn 0.044066 0.357281 0.932957
vn 0.038408 0.311406 0.949501
vn 0.272944 0.826226 0.492800
vn 0.280207 0.848199 0.449492
vn 0.272951 0.826233 0.492786
vn 0.084287 0.485757 0.870020
vn 0.084286 0.485755 0.870022
vn 0.341744 0.885928 0.313597
vn 0.346869 0.899212 0.266644
vn 0.341740 0.885925 0.313609
vn 0.143133 0.637405 0.757118
vn 0.151104 0.672885 0.724150
vn 0.143139 0.637415 0.757108
vn 0.402197 0.907340 0.122359
vn 0.402195 0.907340 0.122368
vn 0.004197 0.170962 0.985269
vn 0.012580 0.170550 0.985269
vn 0.218083 0.788048 0.575691
vn 0.210286 0.759875 0.615117
vn 0.210284 0.759873 0.615121
vn 0.044066 0.357281 0.932957
vn 0.280207 0.848198 0.449492
vn 0.091482 0.527232 0.844782
vn 0.091483 0.527233 0.844782
vn 0.346866 0.899220 0.266623
vn 0.158707 0.706754 0.689428
vn 0.151103 0.672893 0.724142
vn 0.405120 0.913934 0.024532
vn 0.405121 0.913934 0.024533
vn 0.359784 0.932713 0.024533
vn 0.404142 0.911734 0.073553
vn 0.404145 0.911734 0.073543
vn 0.005378 0.219095 0.975689
vn 0.016122 0.218567 0.975689
vn 0.005378 0.219096 0.975689
vn 0.016123 0.218567 0.975689
vn 0.218083 0.788044 0.575696
vn 0.049617 0.402295 0.914165
vn 0.049619 0.402299 0.914163
vn 0.286784 0.868110 0.405142
vn 0.286785 0.868111 0.405138
vn 0.098459 0.567444 0.817504
vn 0.098460 0.567444 0.817504
vn 0.351153 0.910336 0.219043
vn 0.354598 0.919265 0.170914
vn 0.351154 0.910336 0.219042
vn 0.165927 0.738907 0.653058
vn 0.158707 0.706752 0.689430
vn 0.006547 0.266710 0.963755
vn 0.019626 0.266068 0.963754
vn 0.019626 0.266068 0.963754
vn 0.006547 0.266708 0.963755
vn 0.023082 0.312915 0.949501
vn 0.232080 0.838622 0.492800
vn 0.225356 0.814323 0.534877
vn 0.225355 0.814322 0.534878
vn 0.055052 0.446338 0.893170
vn 0.055048 0.446330 0.893174
vn 0.292672 0.885938 0.359802
vn 0.292674 0.885939 0.359798
vn 0.297855 0.901627 0.313609
vn 0.105203 0.606296 0.788250
vn 0.105200 0.606289 0.788255
vn 0.354598 0.919264 0.170918
vn 0.357190 0.925983 0.122359
vn 0.165927 0.738907 0.653058
vn 0.007700 0.313670 0.949501
vn 0.007700 0.313671 0.949500
vn 0.023082 0.312914 0.949501
vn 0.232080 0.838626 0.492793
vn 0.060352 0.489311 0.870019
vn 0.060351 0.489308 0.870020
vn 0.297854 0.901629 0.313605
vn 0.111685 0.643660 0.757118
vn 0.111688 0.643665 0.757114
vn 0.357193 0.925979 0.122375
vn 0.172747 0.769276 0.615120
vn 0.172747 0.769275 0.615121
vn 0.179151 0.797796 0.575696
vn 0.026483 0.359017 0.932955
vn 0.026481 0.359013 0.932957
vn 0.008835 0.359881 0.932956
vn 0.008834 0.359883 0.932955
vn 0.238252 0.860925 0.449492
vn 0.238250 0.860924 0.449496
vn 0.065504 0.531086 0.844782
vn 0.065504 0.531085 0.844783
vn 0.302322 0.915152 0.266643
vn 0.302328 0.915156 0.266623
vn 0.117902 0.679490 0.724150
vn 0.117906 0.679497 0.724142
vn 0.358923 0.930465 0.073544
vn 0.359787 0.932712 0.024517
vn 0.358921 0.930465 0.073553
vn 0.179151 0.797795 0.575698
vn 0.029818 0.404243 0.914165
vn 0.029820 0.404249 0.914163
vn 0.009948 0.405220 0.914165
vn 0.009948 0.405219 0.914165
vn 0.243845 0.881138 0.405136
vn 0.243844 0.881137 0.405138
vn 0.070500 0.571592 0.817504
vn 0.075326 0.610720 0.788255
vn 0.070500 0.571591 0.817504
vn 0.306063 0.926469 0.219042
vn 0.306067 0.926471 0.219032
vn 0.123839 0.713689 0.689429
vn 0.123838 0.713688 0.689430
vn 0.185127 0.824404 0.534871
vn 0.185123 0.824399 0.534878
vn 0.033084 0.448498 0.893171
vn 0.011037 0.449581 0.893171
vn 0.011037 0.449580 0.893172
vn 0.033082 0.448493 0.893174
vn 0.248851 0.899228 0.359809
vn 0.248855 0.899231 0.359798
vn 0.075325 0.610725 0.788252
vn 0.309065 0.935557 0.170918
vn 0.309066 0.935557 0.170914
vn 0.129470 0.746158 0.653058
vn 0.129473 0.746163 0.653052
vn 0.190649 0.849004 0.492793
vn 0.195718 0.871578 0.449495
vn 0.190648 0.849002 0.492797
vn 0.012099 0.492866 0.870021
vn 0.039366 0.533659 0.844783
vn 0.012101 0.492862 0.870023
vn 0.013134 0.534951 0.844781
vn 0.036268 0.491679 0.870021
vn 0.036269 0.491682 0.870019
vn 0.257056 0.928883 0.266643
vn 0.253257 0.915157 0.313606
vn 0.253263 0.915161 0.313588
vn 0.079970 0.648370 0.757114
vn 0.079968 0.648366 0.757118
vn 0.084421 0.684456 0.724150
vn 0.311323 0.942392 0.122375
vn 0.311322 0.942392 0.122378
vn 0.134792 0.776827 0.615119
vn 0.134791 0.776826 0.615120
vn 0.200317 0.892041 0.405136
vn 0.195720 0.871572 0.449506
vn 0.013134 0.534950 0.844782
vn 0.039365 0.533661 0.844782
vn 0.257054 0.928886 0.266633
vn 0.084418 0.684467 0.724140
vn 0.313591 0.949241 0.024553
vn 0.312832 0.946958 0.073527
vn 0.313583 0.949244 0.024517
vn 0.312828 0.946958 0.073544
vn 0.139788 0.805625 0.575698
vn 0.139789 0.805626 0.575696
vn 0.200316 0.892043 0.405133
vn 0.042368 0.574367 0.817501
vn 0.014135 0.575754 0.817501
vn 0.045267 0.613686 0.788252
vn 0.014134 0.575759 0.817497
vn 0.015101 0.615160 0.788258
vn 0.042366 0.574363 0.817504
vn 0.260233 0.940372 0.219041
vn 0.260235 0.940374 0.219032
vn 0.088666 0.718906 0.689429
vn 0.088666 0.718906 0.689429
vn 0.092701 0.751618 0.653052
vn 0.144450 0.832492 0.534876
vn 0.144452 0.832495 0.534870
vn 0.204425 0.910356 0.359809
vn 0.204430 0.910361 0.359794
vn 0.208047 0.926488 0.313588
vn 0.045268 0.613679 0.788257
vn 0.015102 0.615161 0.788257
vn 0.262787 0.949594 0.170919
vn 0.262788 0.949595 0.170915
vn 0.092702 0.751611 0.653060
vn 0.148763 0.857338 0.492788
vn 0.148760 0.857334 0.492797
vn 0.208048 0.926485 0.313593
vn 0.016033 0.653091 0.757110
vn 0.048059 0.651518 0.757110
vn 0.016033 0.653091 0.757110
vn 0.016925 0.689437 0.724147
vn 0.048055 0.651509 0.757118
vn 0.264706 0.956533 0.122378
vn 0.264708 0.956533 0.122368
vn 0.096511 0.782505 0.615119
vn 0.100089 0.811515 0.575696
vn 0.096513 0.782508 0.615114
vn 0.152714 0.880127 0.449506
vn 0.152714 0.880127 0.449506
vn 0.211168 0.940377 0.266643
vn 0.211171 0.940380 0.266633
vn 0.053287 0.722390 0.689429
vn 0.016925 0.689436 0.724149
vn 0.050734 0.687784 0.724140
vn 0.050730 0.687775 0.724149
vn 0.265988 0.961167 0.073540
vn 0.266633 0.963485 0.024553
vn 0.266631 0.963486 0.024543
vn 0.265992 0.961167 0.073527
vn 0.100090 0.811514 0.575697
vn 0.156301 0.900799 0.405132
vn 0.156301 0.900798 0.405133
vn 0.213784 0.952007 0.219042
vn 0.215880 0.961344 0.170919
vn 0.213782 0.952006 0.219049
vn 0.017776 0.724126 0.689439
vn 0.053290 0.722381 0.689439
vn 0.017776 0.724127 0.689438
vn 0.018585 0.757086 0.653051
vn 0.103426 0.838568 0.534889
vn 0.106518 0.863605 0.492788
vn 0.103431 0.838576 0.534876
vn 0.159512 0.919295 0.359794
vn 0.159510 0.919294 0.359799
vn 0.217454 0.968370 0.122368
vn 0.215877 0.961348 0.170903
vn 0.055711 0.755254 0.653060
vn 0.055715 0.755262 0.653050
vn 0.018585 0.757086 0.653051
vn 0.106516 0.863613 0.492776
vn 0.162336 0.935572 0.313611
vn 0.162341 0.935577 0.313593
vn 0.217456 0.968368 0.122379
vn 0.058001 0.786302 0.615114
vn 0.058002 0.786304 0.615112
vn 0.019350 0.788200 0.615114
vn 0.019349 0.788203 0.615112
vn 0.109348 0.886559 0.449506
vn 0.109345 0.886555 0.449515
vn 0.164776 0.949610 0.266626
vn 0.164771 0.949606 0.266643
vn 0.219037 0.975408 0.024547
vn 0.218509 0.973060 0.073540
vn 0.219037 0.975408 0.024543
vn 0.218510 0.973060 0.073537
vn 0.060150 0.815441 0.575707
vn 0.060154 0.815447 0.575697
vn 0.020065 0.817415 0.575700
vn 0.020067 0.817410 0.575707
vn 0.020734 0.844670 0.534885
vn 0.062159 0.842633 0.534889
vn 0.114217 0.926013 0.359799
vn 0.111919 0.907382 0.405132
vn 0.111916 0.907378 0.405141
vn 0.166810 0.961349 0.219049
vn 0.166809 0.961348 0.219054
vn 0.020739 0.844679 0.534872
vn 0.062155 0.842644 0.534872
vn 0.116238 0.942410 0.313611
vn 0.114216 0.926015 0.359794
vn 0.168446 0.970782 0.170903
vn 0.168447 0.970782 0.170900
vn 0.064009 0.867789 0.492792
vn 0.021357 0.869885 0.492792
vn 0.021355 0.869891 0.492782
vn 0.064015 0.867799 0.492775
vn 0.117978 0.956552 0.266626
vn 0.116234 0.942417 0.313593
vn 0.169678 0.977872 0.122379
vn 0.169676 0.977871 0.122387
vn 0.065714 0.890852 0.449515
vn 0.021922 0.893006 0.449510
vn 0.065716 0.890855 0.449510
vn 0.021922 0.893007 0.449508
vn 0.117980 0.956548 0.266638
vn 0.170500 0.982610 0.073541
vn 0.170501 0.982610 0.073536
vn 0.170908 0.984982 0.024527
vn 0.170913 0.984980 0.024547
vn 0.067255 0.911777 0.405141
vn 0.067258 0.911781 0.405131
vn 0.022436 0.913984 0.405131
vn 0.022438 0.913980 0.405138
vn 0.119439 0.968377 0.219045
vn 0.120609 0.977879 0.170900
vn 0.119437 0.968375 0.219054
vn 0.022899 0.932748 0.359800
vn 0.068638 0.930504 0.359794
vn 0.068636 0.930502 0.359800
vn 0.022895 0.932755 0.359783
vn 0.120611 0.977877 0.170909
vn 0.121492 0.985018 0.122387
vn 0.069853 0.946983 0.313599
vn 0.069855 0.946985 0.313593
vn 0.023300 0.949269 0.313599
vn 0.023304 0.949265 0.313614
vn 0.121489 0.985020 0.122376
vn 0.070903 0.961188 0.266629
vn 0.070900 0.961185 0.266638
vn 0.071777 0.973071 0.219045
vn 0.023654 0.963509 0.266629
vn 0.023656 0.963506 0.266639
vn 0.122375 0.992180 0.024546
vn 0.073540 0.996990 0.024546
vn 0.122076 0.989792 0.073541
vn 0.122371 0.992181 0.024527
vn 0.122078 0.989793 0.073534
vn 0.071776 0.973072 0.219041
vn 0.023949 0.975422 0.219041
vn 0.023945 0.975425 0.219026
vn 0.072481 0.982617 0.170909
vn 0.072480 0.982617 0.170913
vn 0.024180 0.984989 0.170914
vn 0.024180 0.984989 0.170913
vn 0.073011 0.989795 0.122371
vn 0.073010 0.989795 0.122377
vn 0.024356 0.992186 0.122368
vn 0.024357 0.992186 0.122371
vn 0.073363 0.994589 0.073558
vn 0.024474 0.996991 0.073558
vn 0.024535 0.999398 0.024520
vn 0.073546 0.996990 0.024519
vn 0.073369 0.994590 0.073534
vn 0.024473 0.996991 0.073553
vn 0.024532 0.999398 0.024531
vn 0.000000 1.000000 0.000000
vn 0.000000 1.000000 0.000000
vn 0.000000 1.000000 0.000000
vn 0.000000 1.000000 0.000000
vn 0.000000 1.000000 0.000000
vn 0.000000 1.000000 0.000000
vn 0.000000 1.000000 0.000000
vn 0.000000 1.000000 0.000000
vn 0.000000 1.000000 0.000000
vn 0.000000 1.000000 0.000000
vn 0.000000 1.000000 0.000000
vn 0.000000 1.000000 0.000000
vn 0.000000 1.000000 0.000000
vn 0.000000 1.000000 0.000000
vn 0.000000 1.000000 0.000000
vn 0.000000 1.000000 0.000000
vn 0.000000 1.000000 0.000000
vn 0.000000 1.000000 0.000000
vn 0.000000 1.000000 0.000000
vn 0.000000 1.000000 0.000000
vn 0.000000 1.000000 0.000000
vn 0.000000 1.000000 0.000000
vn 0.000000 1.000000 0.000000
vn 0.000000 1.000000 0.000000
vn 0.000000 1.000000 0.000000
vn 0.000000 1.000000 0.000000
vn 0.000000 1.000000 0.000000
vn 0.000000 1.000000 0.000000
vn 0.000000 1.000000 0.000000
vn 0.000000 1.000000 0.000000
vn 0.000000 1.000000 0.000000
vn 0.000000 1.000000 0.000000
vn 0.000000 1.000000 0.000000
vn 0.000000 1.000000 0.000000
vn 0.000000 1.000000 0.000000
vn 0.000000 1.000000 0.000000
vn 0.000000 1.000000 0.000000
vn 0.000000 1.000000 0.000000
vn 0.000000 1.000000 0.000000
vn 0.000000 1.000000 0.000000
vn 0.000000 1.000000 0.000000
vn 0.000000 1.000000 0.000000
vn 0.000000 1.000000 0.000000
vn 0.000000 1.000000 0.000000
vn 0.000000 1.000000 0.000000
vn 0.000000 1.000000 0.000000
vn 0.000000 1.000000 0.000000
vn 0.000000 1.000000 0.000000
vn 0.000000 1.000000 0.000000
vn 0.000000 1.000000 0.000000
vn 0.000000 1.000000 0.000000
vn 0.000000 1.000000 0.000000
vn 0.000000 1.000000 0.000000
vn 0.000000 1.000000 0.000000
vn 0.000000 1.000000 0.000000
vn 0.000000 1.000000 0.000000
vn 0.000000 1.000000 0.000000
vn 0.000000 1.000000 0.000000
vn 0.000000 1.000000 0.000000
vn 0.000000 1.000000 0.000000
vn 0.000000 1.000000 0.000000
vn 0.000000 1.000000 0.000000
vn 0.000000 1.000000 0.000000
vn 0.000000 1.000000 0.000000
vn 0.000000 1.000000 0.000000
vn 0.000000 1.000000 0.000000
vn 0.000000 1.000000 0.000000
vn 0.000000 1.000000 0.000000
vn 0.000000 1.000000 0.000000
vn 0.000000 1.000000 0.000000
vn 0.000000 1.000000 0.000000
vn 0.000000 1.000000 0.000000
vn 0.000000 1.000000 0.000000
vn 0.000000 1.000000 0.000000
vn 0.000000 1.000000 0.000000
vn 0.000000 1.000000 0.000000
vn 0.000000 1.000000 0.000000
vn 0.000000 1.000000 0.000000
vn 0.000000 1.000000 0.000000
vn 0.000000 1.000000 0.000000
vn 0.000000 1.000000 0.000000
vn 0.000000 1.000000 0.000000
vn 0.000000 1.000000 0.000000
vn 0.000000 1.000000 0.000000
vn 0.000000 1.000000 0.000000
vn 0.000000 1.000000 0.000000
vn 0.000000 1.000000 0.000000
vn 0.000000 1.000000 0.000000
vn 0.000000 0.000000 -1.000000
vn 0.000000 0.000000 -1.000000
vn 0.000000 0.000000 -1.000000
vn -0.000000 0.000000 -1.000000
vn 0.000000 0.000000 -1.000000
vn 0.000000 0.000000 -1.000000
vn -0.000000 0.000000 -1.000000
vn -0.000000 0.000000 -1.000000
vn 0.000000 0.000000 -1.000000
vn 0.000000 0.000000 -1.000000
vn 0.000000 0.000000 -1.000000
vn -0.000000 0.000000 -1.000000
vn 0.000000 0.000000 -1.000000
vn -0.000000 0.000000 -1.000000
vn -0.000000 0.000000 -1.000000
vn -0.000000 0.000000 -1.000000
vn 0.000000 0.000000 -1.000000
vn 0.000000 0.000000 -1.000000
vn -0.000000 0.000000 -1.000000
vn 0.000000 0.000000 -1.000000
vn -0.000000 0.000000 -1.000000
vn -0.000000 0.000000 -1.000000
vn 0.000000 0.000000 -1.000000
vn 0.000000 -0.000000 -1.000000
vn 0.000000 0.000000 -1.000000
vn 0.000000 0.000000 -1.000000
vn 0.000000 0.000000 -1.000000
vn 0.000000 0.000000 -1.000000
vn 0.000000 0.000000 -1.000000
vn 0.000000 0.000000 -1.000000
vn 0.000000 0.000000 -1.000000
vn -0.000000 0.000000 -1.000000
vn -0.000000 -0.000000 -1.000000
vn 0.000000 0.000000 -1.000000
vn 0.000000 0.000000 -1.000000
vn 0.000000 0.000000 -1.000000
vn 0.000000 0.000000 -1.000000
vn 0.000000 0.000000 -1.000000
vn 0.000000 0.000000 -1.000000
vn 0.000000 0.000000 -1.000000
vn 0.000000 0.000000 -1.000000
vn 0.000000 0.000000 -1.000000
vn 0.000000 0.000000 -1.000000
vn 0.000000 0.000000 -1.000000
vn 0.000000 0.000000 -1.000000
vn 0.000000 0.000000 -1.000000
vn 0.000000 0.000000 -1.000000
vn -0.000000 0.000000 -1.000000
vn 0.000000 0.000000 -1.000000
vn 0.000000 0.000000 -1.000000
vn 0.000000 0.000000 -1.000000
vn 0.000000 0.000000 -1.000000
vn 0.000000 0.000000 -1.000000
vn 0.000000 0.000000 -1.000000
vn 0.000000 0.000000 -1.000000
vn -0.000000 0.000000 -1.000000
vn 0.000000 0.000000 -1.000000
vn -0.000000 0.000000 -1.000000
vn -0.000000 -0.000000 -1.000000
vn -0.000000 0.000000 -1.000000
vn 0.000000 0.000000 -1.000000
vn 0.000000 0.000000 -1.000000
vn -0.000000 0.000000 -1.000000
vn 0.000000 0.000000 -1.000000
vn 0.000000 0.000000 -1.000000
vn -0.000000 0.000000 -1.000000
vn -0.000000 0.000000 -1.000000
vn 0.000000 0.000000 -1.000000
vn 0.000000 0.000000 -1.000000
vn 0.000000 0.000000 -1.000000
vn -0.000000 0.000000 -1.000000
vn 0.000000 0.000000 -1.000000
vn 0.000000 0.000000 -1.000000
vn 0.000000 0.000000 -1.000000
vn 0.000000 0.000000 -1.000000
vn 0.000000 0.000000 -1.000000
vn -0.000000 0.000000 -1.000000
vn -0.000000 0.000000 -1.000000
vn -0.000000 0.000000 -1.000000
vn -0.000000 0.000000 -1.000000
vn 0.000000 0.000000 -1.000000
vn -0.000000 0.000000 -1.000000
vn -0.000000 0.000000 -1.000000
vn -0.000000 0.000000 -1.000000
vn -0.000000 0.000000 -1.000000
vn -0.000000 0.000000 -1.000000
vn -0.000000 0.000000 -1.000000
vn 0.000000 0.000000 -1.000000
vn 0.000000 0.000000 -1.000000
vn 0.000000 0.000000 -1.000000
vn -0.000000 -0.000000 -1.000000
vn -0.000000 0.000000 -1.000000
vn 0.000000 0.000000 -1.000000
vn -0.000000 0.000000 -1.000000
vn 0.000000 0.000000 -1.000000
vn -0.000000 0.000000 -1.000000
vn -0.000000 0.000000 -1.000000
vn -0.000000 0.000000 -1.000000
vn -0.000000 0.000000 -1.000000
vn -0.000000 0.000000 -1.000000
vn -0.000000 0.000000 -1.000000
vn -0.000000 0.000000 -1.000000
vn 0.000000 0.000000 -1.000000
vn -0.000000 0.000000 -1.000000
vn -0.000000 0.000000 -1.000000
vn -0.000000 -0.000000 -1.000000
vn -0.000000 0.000000 -1.000000
vn 0.000000 0.000000 -1.000000
vn 0.000000 0.000000 -1.000000
vn 0.000000 0.000000 -1.000000
vn 0.000000 0.000000 -1.000000
vn 0.000000 -0.000000 -1.000000
vn 0.000000 0.000000 -1.000000
vn 0.000000 0.000000 -1.000000
vn 0.000000 0.000000 -1.000000
vn 0.000000 0.000000 -1.000000
vn 0.000000 0.000000 -1.000000
vn 0.000000 0.000000 -1.000000
vn 0.000000 0.000000 -1.000000
vn 0.000000 0.000000 -1.000000
vn 0.000000 0.000000 -1.000000
vn 0.000000 0.000000 -1.000000
vn 0.000000 0.000000 -1.000000
vn 0.000000 0.000000 -1.000000
vn 0.000000 0.000000 -1.000000
vn 0.000000 0.000000 -1.000000
vn 0.000000 -0.000000 -1.000000
vn 0.000000 0.000000 -1.000000
vn 0.000000 0.000000 -1.000000
vn 0.000000 0.000000 -1.000000
vn 0.000000 0.000000 -1.000000
vn 0.000000 0.000000 -1.000000
vn 0.000000 0.000000 -1.000000
vn 0.000000 0.000000 -1.000000
vn 0.000000 0.000000 -1.000000
vn 0.000000 0.000000 -1.000000
vn 0.000000 0.000000 -1.000000
vn 0.000000 -0.000000 -1.000000
vn -0.024542 -0.999699 0.000000
vn -0.024542 -0.999699 0.000000
vn -0.073562 -0.997291 0.000000
vn -0.073562 -0.997291 0.000000
vn -0.122412 -0.992479 0.000000
vn -0.122412 -0.992479 0.000000
vn -0.170960 -0.985278 0.000000
vn -0.170960 -0.985278 0.000000
vn -0.219103 -0.975702 0.000000
vn -0.219103 -0.975702 0.000000
vn -0.266711 -0.963776 0.000000
vn -0.266711 -0.963776 0.000000
vn -0.313685 -0.949527 0.000000
vn -0.313685 -0.949527 0.000000
vn -0.359892 -0.932994 0.000000
vn -0.359892 -0.932994 0.000000
vn -0.405242 -0.914209 0.000000
vn -0.405242 -0.914209 0.000000
vn -0.449613 -0.893223 0.000000
vn -0.449613 -0.893223 0.000000
vn -0.492897 -0.870087 0.000000
vn -0.492897 -0.870087 0.000000
vn -0.534996 -0.844855 0.000000
vn -0.534996 -0.844855 0.000000
vn -0.575810 -0.817584 0.000000
vn -0.575810 -0.817584 0.000000
vn -0.615230 -0.788348 0.000000
vn -0.615230 -0.788348 0.000000
vn -0.653174 -0.757208 0.000000
vn -0.653174 -0.757208 0.000000
vn -0.689540 -0.724247 0.000000
vn -0.689540 -0.724247 0.000000
vn -0.724246 -0.689542 0.000000
vn -0.724246 -0.689542 0.000000
vn -0.757209 -0.653173 0.000000
vn -0.757209 -0.653173 0.000000
vn -0.788347 -0.615231 0.000000
vn -0.788347 -0.615231 0.000000
vn -0.817584 -0.575809 0.000000
vn -0.817584 -0.575809 0.000000
vn -0.844855 -0.534995 0.000000
vn -0.844855 -0.534995 0.000000
vn -0.870087 -0.492897 0.000000
vn -0.893224 -0.449612 0.000000
vn -0.870087 -0.492897 0.000000
vn -0.893224 -0.449612 0.000000
vn -0.914208 -0.405244 0.000000
vn -0.914208 -0.405244 0.000000
vn -0.932994 -0.359891 0.000000
vn -0.932994 -0.359891 0.000000
vn -0.949527 -0.313685 0.000000
vn -0.963776 -0.266711 0.000000
vn -0.949527 -0.313685 0.000000
vn -0.963776 -0.266711 0.000000
vn -0.975702 -0.219103 0.000000
vn -0.975702 -0.219103 0.000000
vn -0.985278 -0.170960 0.000000
vn -0.985278 -0.170960 0.000000
vn -0.992479 -0.122412 0.000000
vn -0.992479 -0.122412 0.000000
vn -0.997291 -0.073562 0.000000
vn -0.997291 -0.073562 0.000000
vn -0.999699 -0.024542 0.000000
vn -0.999699 -0.024542 0.000000
vn 0.000000 -1.000000 0.000000
vn 0.000000 -1.000000 0.000000
vn 0.000000 -1.000000 0.000000
vn 0.000000 -1.000000 0.000000
vn 0.000000 -1.000000 0.000000
vn 0.000000 -1.000000 0.000000
vn 0.000000 -1.000000 0.000000
vn 0.000000 -1.000000 0.000000
vn 0.000000 -1.000000 0.000000
vn 0.000000 -1.000000 0.000000
vn 0.000000 -1.000000 0.000000
vn 0.000000 -1.000000 0.000000
vn 0.000000 -1.000000 0.000000
vn 0.000000 -1.000000 0.000000
vn 0.000000 -1.000000 0.000000
vn 0.000000 -1.000000 0.000000
vn 0.000000 -1.000000 0.000000
vn 0.000000 -1.000000 0.000000
vn 0.000000 -1.000000 0.000000
vn 0.000000 -1.000000 0.000000
vn 0.000000 -1.000000 0.000000
vn 0.000000 -1.000000 0.000000
vn 0.000000 -1.000000 0.000000
vn 0.000000 -1.000000 0.000000
vn 0.000000 -1.000000 0.000000
vn 0.000000 -1.000000 0.000000
vn 0.000000 -1.000000 0.000000
vn 0.000000 -1.000000 0.000000
vn 0.000000 -1.000000 0.000000
vn 0.000000 -1.000000 0.000000
vn 0.000000 -1.000000 0.000000
vn 0.000000 -1.000000 0.000000
vn 0.000000 -1.000000 0.000000
vn 0.000000 -1.000000 0.000000
vn 0.000000 -1.000000 0.000000
vn 0.000000 -1.000000 0.000000
vn 0.000000 -1.000000 0.000000
vn 0.000000 -1.000000 0.000000
vn 0.000000 -1.000000 0.000000
vn 0.000000 -1.000000 0.000000
vn 0.000000 -1.000000 0.000000
vn 0.000000 -1.000000 0.000000
vn 0.000000 -1.000000 0.000000
vn 0.000000 -1.000000 0.000000
vn 0.000000 -1.000000 0.000000
vn 0.000000 -1.000000 0.000000
vn 0.000000 -1.000000 0.000000
vn 0.000000 -1.000000 0.000000
vn 0.000000 -1.000000 0.000000
vn 0.000000 -1.000000 0.000000
vn 0.000000 -1.000000 0.000000
vn 0.000000 -1.000000 0.000000
vn 0.000000 -1.000000 0.000000
vn 0.000000 -1.000000 0.000000
vn 0.000000 -1.000000 0.000000
vn 0.000000 -1.000000 0.000000
vn 0.000000 -1.000000 0.000000
vn 0.000000 -1.000000 0.000000
vn 0.000000 -1.000000 0.000000
vn 0.000000 -1.000000 0.000000
vn 0.000000 -1.000000 0.000000
vn 0.000000 -1.000000 0.000000
vn 0.000000 -1.000000 0.000000
vn 0.000000 -1.000000 0.000000
vn 0.000000 -1.000000 0.000000
vn 0.000000 -1.000000 0.000000
vn 0.000000 -1.000000 0.000000
vn 0.000000 -1.000000 0.000000
vn 0.000000 -1.000000 0.000000
vn 0.000000 -1.000000 0.000000
vn 0.000000 -1.000000 0.000000
vn 0.000000 -1.000000 0.000000
vn 0.000000 -1.000000 0.000000
vn 0.000000 -1.000000 0.000000
vn 0.000000 -1.000000 0.000000
vn 0.000000 -1.000000 0.000000
vn 0.000000 -1.000000 0.000000
vn 0.000000 -1.000000 0.000000
vn 0.000000 -1.000000 0.000000
vn 0.000000 -1.000000 0.000000
vn 0.000000 -1.000000 0.000000
vn 0.000000 -1.000000 0.000000
vn 0.000000 -1.000000 0.000000
vn 0.000000 -1.000000 0.000000
vn 0.000000 -1.000000 0.000000
vn 0.000000 -1.000000 0.000000
vn 0.000000 -1.000000 0.000000
vn 0.000000 -1.000000 0.000000
vn 0.000000 -1.000000 0.000000
vn 0.000000 -1.000000 0.000000
vn 0.000000 -1.000000 0.000000
vn -0.000000 -1.000000 0.000000
vn 0.999699 -0.024542 0.000000
vn 0.999699 -0.024542 0.000000
vn 0.997291 -0.073562 0.000000
vn 0.992479 -0.122412 0.000000
vn 0.997291 -0.073562 0.000000
vn 0.985278 -0.170960 0.000000
vn 0.992479 -0.122412 0.000000
vn 0.975702 -0.219103 0.000000
vn 0.985278 -0.170960 0.000000
vn 0.963776 -0.266711 0.000000
vn 0.975702 -0.219103 0.000000
vn 0.949527 -0.313685 0.000000
vn 0.963776 -0.266711 0.000000
vn 0.932994 -0.359891 0.000000
vn 0.949527 -0.313685 0.000000
vn 0.932994 -0.359891 0.000000
vn 0.914208 -0.405244 0.000000
vn 0.914208 -0.405244 0.000000
vn 0.893224 -0.449612 0.000000
vn 0.893224 -0.449612 0.000000
vn 0.870087 -0.492897 0.000000
vn 0.844855 -0.534995 0.000000
vn 0.870087 -0.492897 0.000000
vn 0.817584 -0.575809 0.000000
vn 0.844855 -0.534995 0.000000
vn 0.788347 -0.615231 0.000000
vn 0.817584 -0.575809 0.000000
vn 0.757209 -0.653173 0.000000
vn 0.788347 -0.615231 0.000000
vn 0.724246 -0.689542 0.000000
vn 0.757209 -0.653173 0.000000
vn 0.689540 -0.724247 0.000000
vn 0.724246 -0.689542 0.000000
vn 0.653174 -0.757208 0.000000
vn 0.689540 -0.724247 0.000000
vn 0.615230 -0.788348 0.000000
vn 0.653174 -0.757208 0.000000
vn 0.575810 -0.817584 0.000000
vn 0.615230 -0.788348 0.000000
vn 0.534996 -0.844855 0.000000
vn 0.575810 -0.817584 0.000000
vn 0.492897 -0.870087 0.000000
vn 0.534996 -0.844855 0.000000
vn 0.449613 -0.893223 0.000000
vn 0.492897 -0.870087 0.000000
vn 0.405242 -0.914209 0.000000
vn 0.449613 -0.893223 0.000000
vn 0.359892 -0.932994 0.000000
vn 0.405242 -0.914209 0.000000
vn 0.313685 -0.949527 0.000000
vn 0.359892 -0.932994 0.000000
vn 0.266711 -0.963776 0.000000
vn 0.313685 -0.949527 0.000000
vn 0.219103 -0.975702 0.000000
vn 0.266711 -0.963776 0.000000
vn 0.170960 -0.985278 0.000000
vn 0.219103 -0.975702 0.000000
vn 0.122412 -0.992479 0.000000
vn 0.170960 -0.985278 0.000000
vn 0.073562 -0.997291 0.000000
vn 0.122412 -0.992479 0.000000
vn 0.024542 -0.999699 0.000000
vn 0.073562 -0.997291 0.000000
vn 0.024542 -0.999699 0.000000
vn 0.822680 0.000000 0.568505
vn 0.822680 -0.000000 0.568505
vn 0.849208 -0.000000 0.528058
vn 0.849208 0.000000 0.528058
vn 0.873749 -0.000000 0.486377
vn 0.873749 0.000000 0.486377
vn 0.896247 -0.000000 0.443556
vn 0.896247 0.000000 0.443556
vn 0.916647 -0.000000 0.399698
vn 0.916647 0.000000 0.399698
vn 0.934902 0.000000 0.354905
vn 0.934902 -0.000000 0.354905
vn 0.950971 -0.000000 0.309281
vn 0.950971 0.000000 0.309281
vn 0.964814 0.000000 0.262934
vn 0.964814 -0.000000 0.262934
vn 0.976399 -0.000000 0.215974
vn 0.976399 0.000000 0.215974
vn 0.985701 -0.000000 0.168505
vn 0.985701 0.000000 0.168505
vn 0.992696 -0.000000 0.120642
vn 0.992696 0.000000 0.120642
vn 0.997368 -0.000000 0.072500
vn 0.997368 0.000000 0.072500
vn 0.999707 -0.000000 0.024184
vn 0.999707 0.000000 0.024184
vn 0.999692 0.000000 -0.024803
vn 0.999692 0.000000 -0.024803
vn 0.997232 0.000000 -0.074348
vn 0.997232 0.000000 -0.074348
vn 0.992318 0.000000 -0.123710
vn 0.992318 0.000000 -0.123710
vn 0.984962 0.000000 -0.172769
vn 0.984962 0.000000 -0.172769
vn 0.975183 0.000000 -0.221401
vn 0.975183 0.000000 -0.221401
vn 0.963003 0.000000 -0.269490
vn 0.963003 0.000000 -0.269490
vn 0.948454 0.000000 -0.316914
vn 0.948454 0.000000 -0.316914
vn 0.931571 0.000000 -0.363559
vn 0.931571 0.000000 -0.363559
vn 0.912396 0.000000 -0.409309
vn 0.912396 0.000000 -0.409309
vn 0.890974 0.000000 -0.454054
vn 0.890974 0.000000 -0.454054
vn 0.867362 0.000000 -0.497677
vn 0.867362 0.000000 -0.497677
vn 0.841614 0.000000 -0.540080
vn 0.841614 0.000000 -0.540080
vn 0.813796 0.000000 -0.581151
vn 0.813796 0.000000 -0.581151
vn 0.783974 0.000000 -0.620794
vn 0.783974 0.000000 -0.620794
vn 0.752223 0.000000 -0.658908
vn 0.752223 0.000000 -0.658908
vn 0.718622 0.000000 -0.695401
vn 0.718622 0.000000 -0.695401
vn 0.683254 0.000000 -0.730181
vn 0.683254 0.000000 -0.730181
vn 0.646201 0.000000 -0.763167
vn 0.646201 0.000000 -0.763167
vn 0.607560 0.000000 -0.794274
vn 0.607560 0.000000 -0.794274
vn 0.567424 0.000000 -0.823426
vn 0.567424 0.000000 -0.823426
vn 0.525892 0.000000 -0.850552
vn 0.525892 0.000000 -0.850552
vn 0.483064 0.000000 -0.875585
vn 0.483064 0.000000 -0.875585
vn 0.439049 0.000000 -0.898463
vn 0.439049 0.000000 -0.898463
vn 0.393951 0.000000 -0.919131
vn 0.393951 0.000000 -0.919131
vn 0.347889 0.000000 -0.937536
vn 0.347889 0.000000 -0.937536
vn 0.300964 0.000000 -0.953635
vn 0.300964 0.000000 -0.953635
vn 0.253305 0.000000 -0.967387
vn 0.253305 0.000000 -0.967387
vn 0.205016 0.000000 -0.978759
vn 0.205016 0.000000 -0.978759
vn 0.156231 0.000000 -0.987721
vn 0.156231 0.000000 -0.987721
vn 0.107055 0.000000 -0.994253
vn 0.107055 0.000000 -0.994253
vn 0.057615 0.000000 -0.998339
vn 0.057615 0.000000 -0.998339
vn 0.008037 0.000000 -0.999968
vn 0.008037 0.000000 -0.999968
vn -0.041562 0.000000 -0.999136
vn -0.041562 0.000000 -0.999136
vn -0.091060 0.000000 -0.995845
vn -0.091060 0.000000 -0.995845
vn -0.140333 0.000000 -0.990104
vn -0.140333 0.000000 -0.990104
vn -0.189263 0.000000 -0.981926
vn -0.189263 0.000000 -0.981926
vn -0.237722 0.000000 -0.971333
vn -0.237722 0.000000 -0.971333
vn -0.285599 0.000000 -0.958349
vn -0.285599 0.000000 -0.958349
vn -0.332773 0.000000 -0.943007
vn -0.332773 0.000000 -0.943007
vn -0.379127 0.000000 -0.925345
vn -0.379127 0.000000 -0.925345
vn -0.424552 0.000000 -0.905404
vn -0.424552 0.000000 -0.905404
vn -0.468929 0.000000 -0.883236
vn -0.468929 0.000000 -0.883236
vn -0.512152 0.000000 -0.858895
vn -0.512152 0.000000 -0.858895
vn -0.554115 0.000000 -0.832440
vn -0.554115 0.000000 -0.832440
vn -0.594716 0.000000 -0.803936
vn -0.594716 0.000000 -0.803936
vn -0.633852 0.000000 -0.773455
vn -0.633852 0.000000 -0.773455
vn -0.671428 0.000000 -0.741069
vn -0.671428 0.000000 -0.741069
vn -0.707353 0.000000 -0.706861
vn -0.707353 0.000000 -0.706861
vn -0.741535 0.000000 -0.670914
vn -0.741535 0.000000 -0.670914
vn -0.773896 0.000000 -0.633313
vn -0.773896 0.000000 -0.633313
vn -0.804349 0.000000 -0.594157
vn -0.804349 0.000000 -0.594157
vn -0.832825 0.000000 -0.553536
vn -0.832825 0.000000 -0.553536
vn -0.859251 0.000000 -0.511555
vn -0.859251 0.000000 -0.511555
vn -0.883562 0.000000 -0.468314
vn -0.883562 0.000000 -0.468314
vn -0.905699 0.000000 -0.423922
vn -0.905699 0.000000 -0.423922
vn -0.925608 0.000000 -0.378485
vn -0.925608 0.000000 -0.378485
vn -0.943238 0.000000 -0.332119
vn -0.943238 0.000000 -0.332119
vn -0.958548 0.000000 -0.284931
vn -0.958548 0.000000 -0.284931
vn -0.971498 0.000000 -0.237047
vn -0.971498 0.000000 -0.237047
vn -0.982058 0.000000 -0.188577
vn -0.982058 0.000000 -0.188577
vn -0.990202 0.000000 -0.139644
vn -0.990202 0.000000 -0.139644
vn -0.995909 0.000000 -0.090367
vn -0.995909 0.000000 -0.090367
vn -0.999165 0.000000 -0.040869
vn -0.999165 0.000000 -0.040869
vn -0.999962 0.000000 0.008732
vn -0.999962 0.000000 0.008732
vn -0.998298 0.000000 0.058311
vn -0.998298 0.000000 0.058311
vn -0.994179 0.000000 0.107744
vn -0.994179 0.000000 0.107744
vn -0.987612 0.000000 0.156916
vn -0.987612 0.000000 0.156916
vn -0.978616 0.000000 0.205698
vn -0.978616 0.000000 0.205698
vn -0.967210 0.000000 0.253978
vn -0.967210 0.000000 0.253978
vn -0.953426 0.000000 0.301628
vn -0.953426 0.000000 0.301628
vn -0.937294 0.000000 0.348539
vn -0.937294 0.000000 0.348539
vn -0.918857 0.000000 0.394592
vn -0.918857 0.000000 0.394592
vn -0.898158 0.000000 0.439673
vn -0.898158 0.000000 0.439673
vn -0.875248 0.000000 0.483674
vn -0.875248 0.000000 0.483674
vn -0.850186 0.000000 0.526482
vn -0.850186 0.000000 0.526482
vn -0.823031 0.000000 0.567997
vn -0.823031 0.000000 0.567997
vn 0.000000 -1.000000 0.000000
vn 0.000000 -1.000000 0.000000
vn 0.000000 -1.000000 0.000000
vn 0.000000 -1.000000 0.000000
vn 0.000000 -1.000000 0.000000
vn 0.000000 -1.000000 0.000000
vn 0.000000 -1.000000 0.000000
vn 0.000000 -1.000000 0.000000
vn 0.000000 -1.000000 0.000000
vn 0.000000 -1.000000 0.000000
vn 0.000000 -1.000000 0.000000
vn 0.000000 -1.000000 0.000000
vn 0.000000 -1.000000 0.000000
vn 0.000000 -1.000000 0.000000
vn 0.000000 -1.000000 0.000000
vn 0.000000 -1.000000 0.000000
vn 0.000000 -1.000000 0.000000
vn 0.000000 -1.000000 0.000000
vn 0.000000 -1.000000 0.000000
vn 0.000000 -1.000000 0.000000
vn 0.000000 -1.000000 0.000000
vn 0.000000 -1.000000 0.000000
vn 0.000000 -1.000000 0.000000
vn 0.000000 -1.000000 0.000000
vn 0.000000 -1.000000 0.000000
vn 0.000000 -1.000000 0.000000
vn 0.000000 -1.000000 0.000000
vn 0.000000 -1.000000 0.000000
vn 0.000000 -1.000000 0.000000
vn 0.000000 -1.000000 0.000000
vn 0.000000 -1.000000 0.000000
vn 0.000000 -1.000000 0.000000
vn 0.000000 -1.000000 0.000000
vn -0.000000 -1.000000 0.000000
vn -0.000000 -1.000000 0.000000
vn -0.000000 -1.000000 0.000000
vn -0.000000 -1.000000 0.000000
vn 0.000000 -1.000000 0.000000
vn 0.000000 -1.000000 0.000000
vn -0.000000 -1.000000 0.000000
vn 0.000000 -1.000000 0.000000
vn 0.000000 -1.000000 0.000000
vn -0.000000 -1.000000 0.000000
vn -0.000000 -1.000000 0.000000
vn -0.000000 -1.000000 0.000000
vn 0.000000 -1.000000 0.000000
vn 0.000000 -1.000000 0.000000
vn 0.000000 -1.000000 0.000000
vn 0.000000 -1.000000 0.000000
vn 0.000000 -1.000000 0.000000
vn -0.000000 -1.000000 0.000000
vn -0.000000 -1.000000 0.000000
vn -0.000000 -1.000000 0.000000
vn 0.000000 -1.000000 0.000000
vn 0.000000 -1.000000 0.000000
vn -0.000000 -1.000000 -0.000000
vn -0.000000 -1.000000 -0.000000
vn -0.000000 -1.000000 -0.000000
vn 0.000000 -1.000000 0.000000
vn 0.000000 -1.000000 0.000000
vn 0.000000 -1.000000 0.000000
vn 0.000000 -1.000000 0.000000
vn -0.000000 -1.000000 -0.000000
vn 0.000000 -1.000000 0.000000
vn -0.000000 -1.000000 0.000000
vn -0.000000 -1.000000 -0.000000
vn -0.000000 -1.000000 -0.000000
vn -0.000000 -1.000000 0.000000
vn 0.000000 -1.000000 0.000000
vn 0.000000 -1.000000 0.000000
vn 0.000000 -1.000000 0.000000
vn -0.000000 -1.000000 -0.000000
vn -0.000000 -1.000000 -0.000000
vn -0.000000 -1.000000 -0.000000
vn -0.000000 -1.000000 -0.000000
vn 0.000000 -1.000000 0.000000
vn 0.000000 -1.000000 0.000000
vn -0.000000 -1.000000 -0.000000
vn 0.000000 -1.000000 0.000000
vn 0.000000 -1.000000 0.000000
vn 0.000000 -1.000000 0.000000
vn 0.000000 -1.000000 0.000000
vn -0.000000 -1.000000 -0.000000
vn -0.000000 -1.000000 -0.000000
vn -0.000000 -1.000000 -0.000000
vn 0.000000 -1.000000 0.000000
vn -0.000000 -1.000000 0.000000
vn 0.000000 -1.000000 0.000000
vn -0.999398 -0.024535 0.024531
vn -0.000602 -0.024539 0.999699
vn -0.000602 -0.024539 0.999699
vn -0.001806 -0.073564 0.997289
vn -0.001806 -0.073564 0.997289
vn -0.003005 -0.122414 0.992475
vn -0.003005 -0.122414 0.992475
vn -0.004197 -0.170963 0.985269
vn -0.004197 -0.170962 0.985269
vn -0.001806 -0.024480 0.999699
vn -0.003005 -0.024361 0.999699
vn -0.001806 -0.024480 0.999699
vn -0.005378 -0.219096 0.975689
vn -0.005378 -0.219095 0.975689
vn -0.005413 -0.073388 0.997289
vn -0.005413 -0.073387 0.997289
vn -0.006547 -0.266708 0.963755
vn -0.006547 -0.266710 0.963755
vn -0.009008 -0.122119 0.992474
vn -0.009008 -0.122119 0.992475
vn -0.007700 -0.313671 0.949500
vn -0.007700 -0.313670 0.949501
vn -0.016122 -0.218567 0.975689
vn -0.012580 -0.170550 0.985269
vn -0.012581 -0.170549 0.985269
vn -0.008835 -0.359881 0.932956
vn -0.008834 -0.359883 0.932955
vn -0.004196 -0.024185 0.999699
vn -0.003005 -0.024362 0.999699
vn -0.016123 -0.218567 0.975689
vn -0.019626 -0.266068 0.963754
vn -0.009948 -0.405220 0.914165
vn -0.009948 -0.405219 0.914165
vn -0.009008 -0.073033 0.997289
vn -0.009008 -0.073034 0.997289
vn -0.014989 -0.121530 0.992475
vn -0.019626 -0.266068 0.963754
vn -0.011037 -0.449580 0.893172
vn -0.011037 -0.449581 0.893171
vn -0.014989 -0.121531 0.992474
vn -0.023082 -0.312914 0.949501
vn -0.023082 -0.312915 0.949501
vn -0.026483 -0.359017 0.932955
vn -0.012099 -0.492866 0.870021
vn -0.012101 -0.492862 0.870023
vn -0.020934 -0.169727 0.985269
vn -0.020934 -0.169726 0.985269
vn -0.026481 -0.359013 0.932957
vn -0.013134 -0.534951 0.844781
vn -0.013134 -0.534950 0.844782
vn -0.005378 -0.023950 0.999699
vn -0.004197 -0.024185 0.999699
vn -0.026828 -0.217514 0.975689
vn -0.026828 -0.217513 0.975689
vn -0.029820 -0.404243 0.914165
vn -0.029818 -0.404249 0.914163
vn -0.014134 -0.575759 0.817497
vn -0.014135 -0.575754 0.817501
vn -0.012581 -0.072503 0.997289
vn -0.012581 -0.072504 0.997289
vn -0.032657 -0.264784 0.963755
vn -0.032658 -0.264782 0.963755
vn -0.033084 -0.448493 0.893174
vn -0.033082 -0.448498 0.893171
vn -0.015102 -0.615160 0.788258
vn -0.015101 -0.615161 0.788257
vn -0.020935 -0.120648 0.992475
vn -0.020935 -0.120649 0.992474
vn -0.038408 -0.311407 0.949500
vn -0.038408 -0.311405 0.949501
vn -0.036268 -0.491682 0.870019
vn -0.036269 -0.491679 0.870021
vn -0.016033 -0.653091 0.757110
vn -0.016033 -0.653091 0.757110
vn -0.029237 -0.168495 0.985269
vn -0.029237 -0.168495 0.985269
vn -0.044066 -0.357281 0.932957
vn -0.044066 -0.357281 0.932957
vn -0.039365 -0.533661 0.844782
vn -0.039366 -0.533659 0.844783
vn -0.005378 -0.023950 0.999699
vn -0.016925 -0.689437 0.724148
vn -0.016925 -0.689436 0.724149
vn -0.037469 -0.215935 0.975689
vn -0.037468 -0.215935 0.975689
vn -0.049617 -0.402299 0.914163
vn -0.049618 -0.402294 0.914165
vn -0.042367 -0.574363 0.817504
vn -0.042366 -0.574367 0.817501
vn -0.016123 -0.071799 0.997289
vn -0.026829 -0.119476 0.992475
vn -0.016123 -0.071799 0.997289
vn -0.017776 -0.724127 0.689438
vn -0.017776 -0.724126 0.689439
vn -0.045611 -0.262863 0.963755
vn -0.045611 -0.262861 0.963755
vn -0.060352 -0.489311 0.870019
vn -0.055051 -0.446329 0.893174
vn -0.055049 -0.446338 0.893170
vn -0.045268 -0.613679 0.788257
vn -0.045267 -0.613686 0.788252
vn -0.026829 -0.119476 0.992475
vn -0.018585 -0.757086 0.653051
vn -0.018585 -0.757086 0.653051
vn -0.053642 -0.309144 0.949501
vn -0.053642 -0.309148 0.949500
vn -0.060351 -0.489308 0.870020
vn -0.065504 -0.531085 0.844783
vn -0.048056 -0.651518 0.757109
vn -0.048059 -0.651508 0.757118
vn -0.037469 -0.166857 0.985269
vn -0.037469 -0.166858 0.985269
vn -0.019350 -0.788200 0.615114
vn -0.019349 -0.788203 0.615112
vn -0.061544 -0.354690 0.932956
vn -0.061545 -0.354688 0.932957
vn -0.065504 -0.531086 0.844782
vn -0.006547 -0.023657 0.999699
vn -0.006547 -0.023657 0.999699
vn -0.019627 -0.070921 0.997289
vn -0.050731 -0.687784 0.724140
vn -0.050734 -0.687775 0.724149
vn -0.053286 -0.722381 0.689439
vn -0.048019 -0.213836 0.975689
vn -0.048019 -0.213835 0.975689
vn -0.020065 -0.817415 0.575700
vn -0.020067 -0.817410 0.575707
vn -0.069299 -0.399378 0.914164
vn -0.069299 -0.399375 0.914165
vn -0.070500 -0.571592 0.817504
vn -0.075327 -0.610725 0.788252
vn -0.070500 -0.571591 0.817504
vn -0.019626 -0.070921 0.997289
vn -0.053290 -0.722390 0.689429
vn -0.058454 -0.260308 0.963755
vn -0.058454 -0.260307 0.963755
vn -0.068746 -0.306140 0.949501
vn -0.020735 -0.844679 0.534872
vn -0.020738 -0.844670 0.534885
vn -0.076886 -0.443094 0.893172
vn -0.076885 -0.443099 0.893170
vn -0.075324 -0.610721 0.788255
vn -0.079968 -0.648366 0.757118
vn -0.032659 -0.118015 0.992475
vn -0.045611 -0.164819 0.985269
vn -0.032659 -0.118015 0.992475
vn -0.055712 -0.755262 0.653050
vn -0.055715 -0.755254 0.653060
vn -0.068745 -0.306139 0.949501
vn -0.021355 -0.869891 0.492782
vn -0.021357 -0.869885 0.492792
vn -0.084286 -0.485755 0.870022
vn -0.084286 -0.485758 0.870020
vn -0.079970 -0.648370 0.757114
vn -0.045611 -0.164819 0.985269
vn -0.058001 -0.786304 0.615112
vn -0.060150 -0.815441 0.575707
vn -0.058002 -0.786302 0.615114
vn -0.078874 -0.351246 0.932955
vn -0.078874 -0.351243 0.932956
vn -0.021922 -0.893007 0.449508
vn -0.021922 -0.893006 0.449510
vn -0.091482 -0.527232 0.844782
vn -0.098459 -0.567444 0.817504
vn -0.091482 -0.527233 0.844782
vn -0.007700 -0.023307 0.999699
vn -0.007700 -0.023307 0.999699
vn -0.084421 -0.684456 0.724150
vn -0.084418 -0.684467 0.724140
vn -0.058453 -0.211222 0.975689
vn -0.058453 -0.211222 0.975689
vn -0.060154 -0.815447 0.575697
vn -0.088811 -0.395497 0.914164
vn -0.088811 -0.395494 0.914165
vn -0.022438 -0.913980 0.405138
vn -0.022436 -0.913984 0.405131
vn -0.098460 -0.567444 0.817504
vn -0.023083 -0.069872 0.997289
vn -0.023083 -0.069873 0.997289
vn -0.088666 -0.718906 0.689429
vn -0.092700 -0.751611 0.653060
vn -0.088666 -0.718907 0.689429
vn -0.083684 -0.302397 0.949501
vn -0.071156 -0.257125 0.963755
vn -0.071156 -0.257125 0.963755
vn -0.062155 -0.842644 0.534872
vn -0.062159 -0.842633 0.534889
vn -0.098532 -0.438788 0.893172
vn -0.098532 -0.438788 0.893172
vn -0.022895 -0.932755 0.359783
vn -0.022899 -0.932748 0.359800
vn -0.105201 -0.606296 0.788250
vn -0.105202 -0.606289 0.788255
vn -0.038411 -0.116272 0.992474
vn -0.038411 -0.116271 0.992475
vn -0.096513 -0.782508 0.615114
vn -0.092703 -0.751618 0.653052
vn -0.096015 -0.346953 0.932955
vn -0.083685 -0.302398 0.949501
vn -0.064014 -0.867789 0.492792
vn -0.064010 -0.867799 0.492775
vn -0.108020 -0.481034 0.870022
vn -0.108020 -0.481038 0.870019
vn -0.023300 -0.949269 0.313600
vn -0.023304 -0.949265 0.313614
vn -0.111687 -0.643660 0.757118
vn -0.111686 -0.643665 0.757114
vn -0.053644 -0.162381 0.985269
vn -0.053644 -0.162383 0.985269
vn -0.096511 -0.782505 0.615119
vn -0.108110 -0.390660 0.914165
vn -0.096014 -0.346951 0.932956
vn -0.065716 -0.890852 0.449515
vn -0.065715 -0.890855 0.449510
vn -0.117243 -0.522108 0.844782
vn -0.117243 -0.522105 0.844784
vn -0.023656 -0.963506 0.266639
vn -0.023654 -0.963509 0.266629
vn -0.026484 -0.068656 0.997289
vn -0.008834 -0.022901 0.999699
vn -0.008834 -0.022901 0.999699
vn -0.117903 -0.679497 0.724142
vn -0.117905 -0.679489 0.724150
vn -0.083687 -0.253324 0.963755
vn -0.068747 -0.208101 0.975688
vn -0.068747 -0.208100 0.975689
vn -0.103426 -0.838568 0.534889
vn -0.100090 -0.811514 0.575697
vn -0.100089 -0.811515 0.575696
vn -0.108112 -0.390664 0.914163
vn -0.067258 -0.911777 0.405141
vn -0.067255 -0.911782 0.405131
vn -0.126187 -0.561936 0.817499
vn -0.126187 -0.561929 0.817504
vn -0.023945 -0.975425 0.219026
vn -0.023949 -0.975422 0.219041
vn -0.026484 -0.068656 0.997289
vn -0.123839 -0.713689 0.689429
vn -0.123839 -0.713688 0.689430
vn -0.098422 -0.297927 0.949501
vn -0.083687 -0.253324 0.963755
vn -0.106519 -0.863612 0.492776
vn -0.103431 -0.838576 0.534876
vn -0.119945 -0.433422 0.893173
vn -0.119945 -0.433425 0.893172
vn -0.131494 -0.475158 0.870020
vn -0.068638 -0.930502 0.359800
vn -0.068636 -0.930504 0.359794
vn -0.134824 -0.600404 0.788250
vn -0.134825 -0.600393 0.788258
vn -0.024180 -0.984989 0.170914
vn -0.024180 -0.984989 0.170913
vn -0.044070 -0.114246 0.992475
vn -0.044070 -0.114247 0.992474
vn -0.129471 -0.746164 0.653052
vn -0.129473 -0.746158 0.653058
vn -0.098422 -0.297928 0.949501
vn -0.109345 -0.886555 0.449515
vn -0.106515 -0.863605 0.492788
vn -0.131491 -0.475154 0.870022
vn -0.142719 -0.515724 0.844784
vn -0.069855 -0.946982 0.313599
vn -0.069854 -0.946985 0.313593
vn -0.070903 -0.961188 0.266629
vn -0.143135 -0.637416 0.757108
vn -0.143136 -0.637404 0.757118
vn -0.024356 -0.992186 0.122368
vn -0.024357 -0.992186 0.122371
vn -0.061547 -0.159554 0.985269
vn -0.061547 -0.159553 0.985269
vn -0.134792 -0.776826 0.615120
vn -0.134792 -0.776827 0.615119
vn -0.112923 -0.341822 0.932956
vn -0.112923 -0.341822 0.932956
vn -0.109348 -0.886559 0.449506
vn -0.142720 -0.515727 0.844782
vn -0.070900 -0.961185 0.266638
vn -0.009947 -0.022440 0.999699
vn -0.009947 -0.022440 0.999699
vn -0.151104 -0.672885 0.724150
vn -0.151103 -0.672893 0.724142
vn -0.024474 -0.996991 0.073558
vn -0.024473 -0.996991 0.073553
vn -0.024532 -0.999398 0.024531
vn -0.024535 -0.999398 0.024520
vn -0.078875 -0.204476 0.975689
vn -0.078875 -0.204477 0.975688
vn -0.144450 -0.832492 0.534876
vn -0.139789 -0.805625 0.575698
vn -0.139788 -0.805626 0.575696
vn -0.127149 -0.384886 0.914164
vn -0.127149 -0.384889 0.914163
vn -0.111917 -0.907382 0.405132
vn -0.111919 -0.907378 0.405141
vn -0.164119 -0.593055 0.788258
vn -0.153607 -0.555065 0.817501
vn -0.153606 -0.555067 0.817500
vn -0.071776 -0.973072 0.219041
vn -0.071777 -0.973071 0.219045
vn -0.029821 -0.067274 0.997289
vn -0.029821 -0.067274 0.997289
vn -0.158707 -0.706752 0.689430
vn -0.158707 -0.706754 0.689428
vn -0.096017 -0.248912 0.963755
vn -0.096017 -0.248913 0.963755
vn -0.144452 -0.832495 0.534870
vn -0.141066 -0.427016 0.893173
vn -0.141066 -0.427015 0.893173
vn -0.114217 -0.926013 0.359799
vn -0.114216 -0.926015 0.359794
vn -0.174243 -0.629624 0.757108
vn -0.164125 -0.593064 0.788250
vn -0.072481 -0.982617 0.170913
vn -0.072480 -0.982617 0.170909
vn -0.049622 -0.111946 0.992474
vn -0.049622 -0.111946 0.992475
vn -0.069301 -0.156342 0.985269
vn -0.165927 -0.738907 0.653058
vn -0.165927 -0.738907 0.653058
vn -0.112922 -0.292739 0.949501
vn -0.112922 -0.292738 0.949502
vn -0.148760 -0.857339 0.492788
vn -0.152714 -0.880127 0.449506
vn -0.148762 -0.857334 0.492797
vn -0.154649 -0.468132 0.870021
vn -0.167855 -0.508102 0.844782
vn -0.154649 -0.468129 0.870022
vn -0.116234 -0.942417 0.313593
vn -0.116238 -0.942410 0.313611
vn -0.117977 -0.956549 0.266638
vn -0.174234 -0.629612 0.757121
vn -0.183933 -0.664662 0.724150
vn -0.073011 -0.989795 0.122377
vn -0.073010 -0.989795 0.122371
vn -0.069301 -0.156342 0.985269
vn -0.179151 -0.797795 0.575698
vn -0.172747 -0.769275 0.615121
vn -0.172747 -0.769276 0.615120
vn -0.129560 -0.335870 0.932956
vn -0.129560 -0.335870 0.932955
vn -0.152714 -0.880127 0.449506
vn -0.156301 -0.900799 0.405132
vn -0.167857 -0.508105 0.844780
vn -0.180659 -0.546858 0.817501
vn -0.117981 -0.956552 0.266626
vn -0.011036 -0.021925 0.999699
vn -0.011036 -0.021925 0.999699
vn -0.183937 -0.664666 0.724145
vn -0.193193 -0.698116 0.689428
vn -0.073363 -0.994591 0.073534
vn -0.073546 -0.996990 0.024519
vn -0.073369 -0.994588 0.073558
vn -0.073540 -0.996990 0.024546
vn -0.088814 -0.200359 0.975689
vn -0.088814 -0.200361 0.975688
vn -0.179152 -0.797796 0.575696
vn -0.145881 -0.378182 0.914165
vn -0.145881 -0.378183 0.914164
vn -0.156301 -0.900798 0.405133
vn -0.180656 -0.546854 0.817505
vn -0.120609 -0.977877 0.170909
vn -0.119439 -0.968375 0.219054
vn -0.119437 -0.968377 0.219045
vn -0.033085 -0.065729 0.997289
vn -0.055055 -0.109376 0.992475
vn -0.033085 -0.065730 0.997289
vn -0.193191 -0.698113 0.689431
vn -0.108114 -0.243903 0.963755
vn -0.108114 -0.243900 0.963755
vn -0.185124 -0.824404 0.534871
vn -0.185125 -0.824399 0.534879
vn -0.161851 -0.419580 0.893173
vn -0.161851 -0.419583 0.893171
vn -0.177435 -0.459979 0.870021
vn -0.159511 -0.919294 0.359799
vn -0.159510 -0.919296 0.359794
vn -0.193023 -0.584290 0.788256
vn -0.193023 -0.584297 0.788250
vn -0.120611 -0.977878 0.170900
vn -0.055056 -0.109377 0.992474
vn -0.201982 -0.729879 0.653054
vn -0.201983 -0.729875 0.653058
vn -0.127149 -0.286845 0.949502
vn -0.127149 -0.286844 0.949502
vn -0.190649 -0.849002 0.492797
vn -0.195717 -0.871573 0.449506
vn -0.190648 -0.849004 0.492793
vn -0.177433 -0.459977 0.870022
vn -0.164776 -0.949610 0.266626
vn -0.162337 -0.935578 0.313593
vn -0.162340 -0.935571 0.313611
vn -0.204920 -0.620311 0.757115
vn -0.204920 -0.620303 0.757121
vn -0.121489 -0.985020 0.122376
vn -0.121492 -0.985018 0.122387
vn -0.076889 -0.152753 0.985269
vn -0.076889 -0.152753 0.985269
vn -0.210285 -0.759876 0.615117
vn -0.218082 -0.788044 0.575696
vn -0.210285 -0.759873 0.615121
vn -0.145884 -0.329109 0.932955
vn -0.145884 -0.329109 0.932955
vn -0.195721 -0.871577 0.449495
vn -0.192583 -0.499251 0.844784
vn -0.207270 -0.537332 0.817505
vn -0.192583 -0.499257 0.844780
vn -0.164771 -0.949606 0.266643
vn -0.012099 -0.021357 0.999699
vn -0.013132 -0.020738 0.999699
vn -0.012099 -0.021357 0.999699
vn -0.216329 -0.654840 0.724145
vn -0.216329 -0.654839 0.724146
vn -0.122076 -0.989793 0.073534
vn -0.122371 -0.992181 0.024546
vn -0.122078 -0.989792 0.073541
vn -0.122375 -0.992181 0.024527
vn -0.170908 -0.984982 0.024527
vn -0.098538 -0.195762 0.975688
vn -0.098537 -0.195760 0.975689
vn -0.218084 -0.788047 0.575691
vn -0.225355 -0.814322 0.534878
vn -0.164262 -0.370568 0.914165
vn -0.164262 -0.370570 0.914164
vn -0.200316 -0.892043 0.405133
vn -0.200317 -0.892041 0.405136
vn -0.207275 -0.537338 0.817499
vn -0.166809 -0.961349 0.219049
vn -0.166810 -0.961348 0.219054
vn -0.036271 -0.064027 0.997289
vn -0.036271 -0.064026 0.997289
vn -0.227218 -0.687792 0.689431
vn -0.227217 -0.687798 0.689424
vn -0.119951 -0.238302 0.963755
vn -0.119950 -0.238301 0.963755
vn -0.225356 -0.814323 0.534877
vn -0.182242 -0.411131 0.893173
vn -0.182243 -0.411137 0.893171
vn -0.204428 -0.910355 0.359809
vn -0.204426 -0.910362 0.359794
vn -0.235114 -0.609507 0.757114
vn -0.221462 -0.574115 0.788256
vn -0.221462 -0.574115 0.788256
vn -0.169676 -0.977871 0.122387
vn -0.168447 -0.970782 0.170903
vn -0.168446 -0.970783 0.170900
vn -0.084292 -0.148796 0.985269
vn -0.060356 -0.106544 0.992474
vn -0.060356 -0.106543 0.992475
vn -0.237554 -0.719079 0.653065
vn -0.237553 -0.719089 0.653054
vn -0.141071 -0.280260 0.949502
vn -0.141071 -0.280262 0.949501
vn -0.232080 -0.838626 0.492793
vn -0.232080 -0.838622 0.492800
vn -0.199789 -0.450717 0.870022
vn -0.199789 -0.450720 0.870021
vn -0.208048 -0.926485 0.313593
vn -0.208047 -0.926488 0.313588
vn -0.235115 -0.609509 0.757113
vn -0.248202 -0.643434 0.724146
vn -0.169678 -0.977872 0.122379
vn -0.084292 -0.148796 0.985269
vn -0.247319 -0.748642 0.615117
vn -0.247318 -0.748650 0.615107
vn -0.161857 -0.321554 0.932955
vn -0.161857 -0.321555 0.932955
vn -0.238251 -0.860924 0.449496
vn -0.238251 -0.860926 0.449492
vn -0.216850 -0.489206 0.844780
vn -0.216849 -0.489200 0.844784
vn -0.211168 -0.940380 0.266633
vn -0.211170 -0.940377 0.266643
vn -0.013132 -0.020738 0.999699
vn -0.248200 -0.643433 0.724148
vn -0.170500 -0.982610 0.073536
vn -0.170913 -0.984980 0.024547
vn -0.170501 -0.982609 0.073541
vn -0.108024 -0.190689 0.975689
vn -0.108024 -0.190691 0.975688
vn -0.256486 -0.776390 0.575702
vn -0.256485 -0.776398 0.575692
vn -0.182247 -0.362064 0.914164
vn -0.182247 -0.362064 0.914164
vn -0.248851 -0.899228 0.359809
vn -0.243845 -0.881138 0.405136
vn -0.243845 -0.881137 0.405138
vn -0.233390 -0.526516 0.817502
vn -0.233391 -0.526521 0.817499
vn -0.213782 -0.952007 0.219042
vn -0.213783 -0.952005 0.219049
vn -0.039369 -0.062170 0.997289
vn -0.039369 -0.062170 0.997289
vn -0.065511 -0.103453 0.992474
vn -0.260691 -0.675821 0.689424
vn -0.260691 -0.675812 0.689433
vn -0.154654 -0.273002 0.949501
vn -0.131501 -0.232131 0.963755
vn -0.131500 -0.232129 0.963755
vn -0.265036 -0.802282 0.534883
vn -0.265035 -0.802286 0.534877
vn -0.221666 -0.440373 0.870021
vn -0.202198 -0.401698 0.893171
vn -0.202197 -0.401693 0.893173
vn -0.248855 -0.899231 0.359798
vn -0.249364 -0.562555 0.788257
vn -0.249364 -0.562557 0.788256
vn -0.217454 -0.968368 0.122379
vn -0.215880 -0.961344 0.170919
vn -0.215877 -0.961348 0.170903
vn -0.065511 -0.103453 0.992475
vn -0.272552 -0.706556 0.653065
vn -0.272552 -0.706571 0.653049
vn -0.177440 -0.313225 0.932955
vn -0.154654 -0.273001 0.949501
vn -0.272947 -0.826234 0.492786
vn -0.272948 -0.826225 0.492800
vn -0.221665 -0.440371 0.870022
vn -0.240594 -0.477976 0.844780
vn -0.253262 -0.915156 0.313606
vn -0.253259 -0.915163 0.313588
vn -0.264737 -0.597239 0.757113
vn -0.264737 -0.597239 0.757113
vn -0.279472 -0.630480 0.724148
vn -0.217457 -0.968369 0.122368
vn -0.091492 -0.144480 0.985269
vn -0.091492 -0.144481 0.985269
vn -0.283755 -0.735600 0.615122
vn -0.294270 -0.762871 0.575702
vn -0.283755 -0.735612 0.615108
vn -0.177439 -0.313223 0.932956
vn -0.280207 -0.848198 0.449492
vn -0.280207 -0.848199 0.449492
vn -0.240591 -0.477973 0.844783
vn -0.257056 -0.928883 0.266643
vn -0.260233 -0.940372 0.219041
vn -0.257054 -0.928886 0.266633
vn -0.014134 -0.020069 0.999699
vn -0.014134 -0.020069 0.999699
vn -0.279472 -0.630479 0.724149
vn -0.219038 -0.975408 0.024543
vn -0.218510 -0.973060 0.073540
vn -0.219037 -0.975408 0.024547
vn -0.218509 -0.973060 0.073536
vn -0.117251 -0.185160 0.975688
vn -0.117250 -0.185158 0.975689
vn -0.294279 -0.762880 0.575685
vn -0.304088 -0.788309 0.534882
vn -0.199793 -0.352683 0.914165
vn -0.199793 -0.352685 0.914164
vn -0.286784 -0.868112 0.405138
vn -0.286785 -0.868110 0.405142
vn -0.258943 -0.514432 0.817501
vn -0.258943 -0.514430 0.817503
vn -0.260235 -0.940374 0.219032
vn -0.042371 -0.060163 0.997289
vn -0.042372 -0.060164 0.997289
vn -0.293538 -0.662207 0.689433
vn -0.293538 -0.662213 0.689427
vn -0.142732 -0.225399 0.963754
vn -0.167862 -0.265084 0.949501
vn -0.142732 -0.225399 0.963755
vn -0.304086 -0.788307 0.534887
vn -0.221665 -0.391294 0.893170
vn -0.221665 -0.391293 0.893171
vn -0.292672 -0.885939 0.359798
vn -0.292673 -0.885937 0.359802
vn -0.293725 -0.583529 0.757113
vn -0.276668 -0.549641 0.788257
vn -0.276668 -0.549645 0.788254
vn -0.262787 -0.949595 0.170915
vn -0.262788 -0.949594 0.170919
vn -0.070509 -0.100115 0.992474
vn -0.070508 -0.100114 0.992475
vn -0.306894 -0.692338 0.653057
vn -0.306895 -0.692345 0.653049
vn -0.167862 -0.265083 0.949502
vn -0.321491 -0.833427 0.449492
vn -0.313165 -0.811843 0.492787
vn -0.313165 -0.811844 0.492786
vn -0.243005 -0.428965 0.870022
vn -0.243004 -0.428963 0.870023
vn -0.297855 -0.901627 0.313609
vn -0.297854 -0.901629 0.313605
vn -0.293723 -0.583526 0.757116
vn -0.264706 -0.956534 0.122368
vn -0.265988 -0.961167 0.073540
vn -0.264708 -0.956532 0.122378
vn -0.098471 -0.139818 0.985269
vn -0.098471 -0.139818 0.985269
vn -0.319506 -0.720792 0.615122
vn -0.319506 -0.720797 0.615116
vn -0.192593 -0.304140 0.932956
vn -0.216856 -0.342455 0.914165
vn -0.192593 -0.304138 0.932957
vn -0.321481 -0.833419 0.449514
vn -0.329031 -0.852993 0.405143
vn -0.263754 -0.465592 0.844783
vn -0.263755 -0.465594 0.844781
vn -0.302327 -0.915150 0.266643
vn -0.302324 -0.915157 0.266623
vn -0.045273 -0.058011 0.997289
vn -0.015102 -0.019351 0.999699
vn -0.015102 -0.019351 0.999699
vn -0.325680 -0.647012 0.689426
vn -0.310073 -0.616009 0.724146
vn -0.310073 -0.616006 0.724149
vn -0.266631 -0.963486 0.024553
vn -0.265992 -0.961167 0.073527
vn -0.266633 -0.963486 0.024543
vn -0.126194 -0.179182 0.975689
vn -0.126195 -0.179184 0.975688
vn -0.331353 -0.747516 0.575695
vn -0.331353 -0.747524 0.575685
vn -0.216861 -0.342460 0.914162
vn -0.329039 -0.852999 0.405124
vn -0.335793 -0.870509 0.359802
vn -0.283873 -0.501106 0.817501
vn -0.283873 -0.501106 0.817502
vn -0.306064 -0.926472 0.219032
vn -0.306066 -0.926469 0.219042
vn -0.045272 -0.058011 0.997289
vn -0.075336 -0.096534 0.992474
vn -0.325677 -0.647009 0.689430
vn -0.153619 -0.218121 0.963755
vn -0.153620 -0.218125 0.963754
vn -0.342397 -0.772438 0.534887
vn -0.342397 -0.772439 0.534885
vn -0.240598 -0.379945 0.893171
vn -0.240599 -0.379946 0.893170
vn -0.263761 -0.416523 0.870023
vn -0.335793 -0.870508 0.359803
vn -0.303304 -0.535408 0.788254
vn -0.303304 -0.535408 0.788255
vn -0.311322 -0.942392 0.122378
vn -0.309065 -0.935556 0.170918
vn -0.309065 -0.935557 0.170915
vn -0.075336 -0.096534 0.992474
vn -0.340492 -0.676441 0.653064
vn -0.340492 -0.676447 0.653057
vn -0.180668 -0.256530 0.949501
vn -0.180667 -0.256527 0.949502
vn -0.352618 -0.795497 0.492793
vn -0.352618 -0.795501 0.492787
vn -0.263761 -0.416523 0.870022
vn -0.341743 -0.885924 0.313609
vn -0.341741 -0.885929 0.313597
vn -0.322002 -0.568413 0.757114
vn -0.322001 -0.568411 0.757116
vn -0.311323 -0.942392 0.122375
vn -0.105213 -0.134818 0.985269
vn -0.134835 -0.172776 0.975688
vn -0.105212 -0.134817 0.985269
vn -0.354490 -0.704251 0.615116
vn -0.354491 -0.704257 0.615108
vn -0.207287 -0.294324 0.932955
vn -0.207285 -0.294321 0.932957
vn -0.361994 -0.816652 0.449488
vn -0.361995 -0.816638 0.449514
vn -0.286283 -0.452091 0.844782
vn -0.286283 -0.452089 0.844782
vn -0.346866 -0.899220 0.266623
vn -0.346869 -0.899212 0.266644
vn -0.351154 -0.910336 0.219042
vn -0.016033 -0.018587 0.999699
vn -0.016033 -0.018586 0.999699
vn -0.339927 -0.600052 0.724146
vn -0.339927 -0.600055 0.724143
vn -0.357033 -0.630249 0.689430
vn -0.313591 -0.949242 0.024517
vn -0.359784 -0.932714 0.024517
vn -0.312828 -0.946959 0.073527
vn -0.313583 -0.949243 0.024553
vn -0.312831 -0.946957 0.073544
vn -0.134834 -0.172775 0.975689
vn -0.379888 -0.754708 0.534885
vn -0.367631 -0.730357 0.575696
vn -0.367631 -0.730358 0.575695
vn -0.233401 -0.331402 0.914164
vn -0.233403 -0.331407 0.914162
vn -0.370497 -0.835818 0.405143
vn -0.370496 -0.835827 0.405124
vn -0.308119 -0.486573 0.817502
vn -0.308119 -0.486573 0.817502
vn -0.351153 -0.910336 0.219043
vn -0.048064 -0.055720 0.997289
vn -0.048065 -0.055721 0.997289
vn -0.357029 -0.630246 0.689435
vn -0.164136 -0.210320 0.963756
vn -0.164138 -0.210326 0.963754
vn -0.193039 -0.247355 0.949501
vn -0.379893 -0.754712 0.534875
vn -0.258950 -0.367681 0.893172
vn -0.258950 -0.367682 0.893171
vn -0.378101 -0.852985 0.359801
vn -0.378101 -0.852984 0.359804
vn -0.329210 -0.519879 0.788255
vn -0.329210 -0.519880 0.788254
vn -0.354598 -0.919265 0.170914
vn -0.354598 -0.919264 0.170918
vn -0.079982 -0.092721 0.992475
vn -0.079982 -0.092722 0.992474
vn -0.111701 -0.129492 0.985269
vn -0.373275 -0.658924 0.653059
vn -0.373274 -0.658918 0.653064
vn -0.193036 -0.247353 0.949502
vn -0.391232 -0.777234 0.492793
vn -0.391232 -0.777238 0.492786
vn -0.401636 -0.797903 0.449488
vn -0.283879 -0.403080 0.870022
vn -0.283879 -0.403078 0.870023
vn -0.384797 -0.868094 0.313597
vn -0.384798 -0.868091 0.313605
vn -0.368961 -0.582653 0.724143
vn -0.349505 -0.551930 0.757113
vn -0.349505 -0.551929 0.757114
vn -0.357190 -0.925983 0.122359
vn -0.357193 -0.925979 0.122375
vn -0.111701 -0.129493 0.985269
vn -0.388622 -0.686014 0.615108
vn -0.388622 -0.686011 0.615112
vn -0.221479 -0.283799 0.932955
vn -0.249380 -0.319551 0.914164
vn -0.221479 -0.283799 0.932955
vn -0.401624 -0.797895 0.449513
vn -0.308121 -0.437501 0.844781
vn -0.308120 -0.437498 0.844782
vn -0.390569 -0.881115 0.266629
vn -0.390571 -0.881111 0.266643
vn -0.050741 -0.053295 0.997289
vn -0.016925 -0.017777 0.999699
vn -0.016925 -0.017777 0.999699
vn -0.368956 -0.582649 0.724149
vn -0.358921 -0.930466 0.073544
vn -0.359787 -0.932712 0.024533
vn -0.358923 -0.930465 0.073553
vn -0.143151 -0.165950 0.975689
vn -0.143152 -0.165952 0.975688
vn -0.403026 -0.711438 0.575697
vn -0.403026 -0.711439 0.575695
vn -0.249379 -0.319551 0.914165
vn -0.411057 -0.816634 0.405143
vn -0.411057 -0.816635 0.405141
vn -0.331624 -0.470867 0.817502
vn -0.331626 -0.470874 0.817497
vn -0.395401 -0.892008 0.219044
vn -0.395401 -0.892007 0.219046
vn -0.050742 -0.053296 0.997289
vn -0.387523 -0.611971 0.689433
vn -0.387523 -0.611968 0.689435
vn -0.174260 -0.202014 0.963755
vn -0.174262 -0.202018 0.963754
vn -0.204940 -0.237583 0.949502
vn -0.416463 -0.735165 0.534875
vn -0.416463 -0.735157 0.534886
vn -0.276679 -0.354532 0.893172
vn -0.303316 -0.388663 0.870023
vn -0.276680 -0.354534 0.893171
vn -0.419502 -0.833403 0.359801
vn -0.419501 -0.833410 0.359786
vn -0.354323 -0.503100 0.788255
vn -0.354322 -0.503096 0.788258
vn -0.399279 -0.900758 0.170915
vn -0.399279 -0.900758 0.170915
vn -0.084434 -0.088683 0.992475
vn -0.084435 -0.088685 0.992475
vn -0.405158 -0.639817 0.653055
vn -0.405158 -0.639814 0.653058
vn -0.204940 -0.237583 0.949502
vn -0.428894 -0.757107 0.492787
vn -0.428894 -0.757108 0.492786
vn -0.329219 -0.421854 0.844781
vn -0.303316 -0.388663 0.870023
vn -0.433338 -0.860887 0.266629
vn -0.426933 -0.848163 0.313605
vn -0.426933 -0.848165 0.313601
vn -0.376163 -0.534110 0.757118
vn -0.376165 -0.534116 0.757113
vn -0.402197 -0.907339 0.122368
vn -0.402195 -0.907341 0.122359
vn -0.117921 -0.123855 0.985269
vn -0.117922 -0.123858 0.985268
vn -0.151122 -0.158728 0.975688
vn -0.421813 -0.666116 0.615112
vn -0.421813 -0.666117 0.615112
vn -0.235137 -0.272589 0.932955
vn -0.264758 -0.306929 0.914165
vn -0.235137 -0.272590 0.932955
vn -0.440292 -0.777230 0.449508
vn -0.440292 -0.777226 0.449513
vn -0.329220 -0.421855 0.844779
vn -0.433333 -0.860885 0.266645
vn -0.438692 -0.871532 0.219046
vn -0.017777 -0.016925 0.999699
vn -0.017778 -0.016926 0.999699
vn -0.053296 -0.050742 0.997289
vn -0.397103 -0.563841 0.724149
vn -0.397105 -0.563848 0.724143
vn -0.405121 -0.913934 0.024532
vn -0.449478 -0.892954 0.024533
vn -0.404145 -0.911733 0.073553
vn -0.405120 -0.913934 0.024533
vn -0.404143 -0.911735 0.073543
vn -0.151120 -0.158727 0.975689
vn -0.452032 -0.713837 0.534886
vn -0.437448 -0.690807 0.575695
vn -0.437448 -0.690807 0.575695
vn -0.264759 -0.306930 0.914164
vn -0.450635 -0.795480 0.405142
vn -0.450635 -0.795484 0.405134
vn -0.354330 -0.454029 0.817501
vn -0.354331 -0.454035 0.817497
vn -0.438694 -0.871533 0.219038
vn -0.053295 -0.050741 0.997289
vn -0.417088 -0.592216 0.689433
vn -0.417088 -0.592219 0.689430
vn -0.183962 -0.193221 0.963755
vn -0.183962 -0.193222 0.963755
vn -0.452035 -0.713840 0.534881
vn -0.465529 -0.735148 0.492787
vn -0.293742 -0.340528 0.893172
vn -0.293743 -0.340531 0.893171
vn -0.322021 -0.373313 0.870023
vn -0.459889 -0.811823 0.359785
vn -0.459890 -0.811817 0.359798
vn -0.378580 -0.485105 0.788257
vn -0.378581 -0.485107 0.788256
vn -0.442997 -0.880081 0.170910
vn -0.442998 -0.880080 0.170915
vn -0.088685 -0.084435 0.992475
vn -0.088684 -0.084433 0.992475
vn -0.436066 -0.619165 0.653055
vn -0.436065 -0.619162 0.653059
vn -0.216353 -0.227242 0.949501
vn -0.216352 -0.227240 0.949502
vn -0.465526 -0.735147 0.492792
vn -0.322026 -0.373316 0.870020
vn -0.468034 -0.826195 0.313601
vn -0.468033 -0.826199 0.313592
vn -0.424295 -0.543683 0.724142
vn -0.401919 -0.515011 0.757116
vn -0.401918 -0.515009 0.757118
vn -0.448393 -0.890806 0.073542
vn -0.446234 -0.886509 0.122384
vn -0.446231 -0.886512 0.122368
vn -0.123855 -0.117919 0.985269
vn -0.123857 -0.117922 0.985268
vn -0.470819 -0.668510 0.575695
vn -0.453991 -0.644618 0.615110
vn -0.453991 -0.644616 0.615112
vn -0.248227 -0.260720 0.932957
vn -0.248229 -0.260724 0.932955
vn -0.477901 -0.754688 0.449507
vn -0.477901 -0.754688 0.449508
vn -0.349518 -0.405186 0.844785
vn -0.349521 -0.405195 0.844779
vn -0.475054 -0.838587 0.266637
vn -0.475054 -0.838585 0.266644
vn -0.018587 -0.016033 0.999699
vn -0.055721 -0.048065 0.997289
vn -0.018587 -0.016033 0.999699
vn -0.445644 -0.571041 0.689430
vn -0.424293 -0.543681 0.724146
vn -0.448395 -0.890806 0.073533
vn -0.449477 -0.892955 0.024527
vn -0.158728 -0.151122 0.975688
vn -0.158727 -0.151120 0.975689
vn -0.470812 -0.668505 0.575706
vn -0.279501 -0.293569 0.914164
vn -0.279501 -0.293570 0.914164
vn -0.489126 -0.772413 0.405134
vn -0.499169 -0.788274 0.359798
vn -0.489126 -0.772414 0.405133
vn -0.376179 -0.436098 0.817501
vn -0.376178 -0.436098 0.817501
vn -0.401927 -0.465948 0.788256
vn -0.480929 -0.848955 0.219047
vn -0.480929 -0.848958 0.219039
vn -0.055720 -0.048065 0.997289
vn -0.445645 -0.571041 0.689429
vn -0.227242 -0.216353 0.949501
vn -0.193221 -0.183961 0.963755
vn -0.193222 -0.183962 0.963755
vn -0.486516 -0.690801 0.534880
vn -0.486516 -0.690804 0.534876
vn -0.310097 -0.325705 0.893172
vn -0.310098 -0.325707 0.893171
vn -0.499169 -0.788274 0.359797
vn -0.401931 -0.465950 0.788252
vn -0.485646 -0.857285 0.170909
vn -0.485646 -0.857285 0.170909
vn -0.092721 -0.079982 0.992475
vn -0.092721 -0.079982 0.992475
vn -0.465920 -0.597021 0.653057
vn -0.465920 -0.597020 0.653059
vn -0.227240 -0.216351 0.949502
vn -0.260720 -0.248227 0.932957
vn -0.501037 -0.711419 0.492792
vn -0.501037 -0.711420 0.492791
vn -0.339953 -0.357063 0.870022
vn -0.339955 -0.357066 0.870020
vn -0.508009 -0.802234 0.313603
vn -0.515627 -0.814269 0.266637
vn -0.508009 -0.802239 0.313592
vn -0.426705 -0.494671 0.757115
vn -0.426705 -0.494670 0.757116
vn -0.450458 -0.522207 0.724146
vn -0.489194 -0.863548 0.122370
vn -0.489196 -0.863545 0.122384
vn -0.129492 -0.111701 0.985269
vn -0.129492 -0.111700 0.985269
vn -0.503048 -0.644597 0.575706
vn -0.485074 -0.621563 0.615112
vn -0.485074 -0.621565 0.615110
vn -0.260724 -0.248229 0.932955
vn -0.514356 -0.730329 0.449507
vn -0.514357 -0.730331 0.449503
vn -0.368979 -0.387552 0.844783
vn -0.368978 -0.387549 0.844785
vn -0.515630 -0.814269 0.266629
vn -0.058012 -0.045273 0.997289
vn -0.019351 -0.015102 0.999699
vn -0.019351 -0.015102 0.999699
vn -0.450461 -0.522208 0.724143
vn -0.492749 -0.869826 0.024525
vn -0.491566 -0.867729 0.073553
vn -0.492749 -0.869826 0.024527
vn -0.491563 -0.867732 0.073533
vn -0.165952 -0.143152 0.975688
vn -0.165953 -0.143152 0.975688
vn -0.202015 -0.174259 0.963755
vn -0.503049 -0.644597 0.575705
vn -0.293569 -0.279500 0.914164
vn -0.293570 -0.279501 0.914164
vn -0.526438 -0.747484 0.405130
vn -0.526438 -0.747482 0.405134
vn -0.397126 -0.417112 0.817501
vn -0.397129 -0.417116 0.817498
vn -0.527126 -0.832423 0.170909
vn -0.522004 -0.824336 0.219047
vn -0.522004 -0.824336 0.219047
vn -0.058012 -0.045273 0.997289
vn -0.494654 -0.573440 0.653057
vn -0.473128 -0.548486 0.689429
vn -0.473128 -0.548486 0.689429
vn -0.202013 -0.174259 0.963755
vn -0.519827 -0.666099 0.534876
vn -0.535341 -0.685979 0.492791
vn -0.519826 -0.666094 0.534883
vn -0.325707 -0.310098 0.893171
vn -0.325707 -0.310099 0.893171
vn -0.537246 -0.762828 0.359805
vn -0.537246 -0.762832 0.359797
vn -0.424310 -0.445668 0.788252
vn -0.424306 -0.445659 0.788259
vn -0.527126 -0.832423 0.170908
vn -0.096534 -0.075336 0.992475
vn -0.096534 -0.075336 0.992474
vn -0.494650 -0.573439 0.653061
vn -0.237586 -0.204944 0.949500
vn -0.237583 -0.204940 0.949502
vn -0.272590 -0.235136 0.932955
vn -0.535345 -0.685981 0.492784
vn -0.357062 -0.339950 0.870023
vn -0.387551 -0.368980 0.844783
vn -0.357063 -0.339953 0.870021
vn -0.546761 -0.776341 0.313603
vn -0.546761 -0.776341 0.313603
vn -0.450465 -0.473136 0.757115
vn -0.450467 -0.473141 0.757111
vn -0.530976 -0.838504 0.122374
vn -0.530976 -0.838505 0.122369
vn -0.533547 -0.842566 0.073553
vn -0.134817 -0.105212 0.985269
vn -0.134818 -0.105213 0.985269
vn -0.514987 -0.597015 0.615111
vn -0.514987 -0.597014 0.615112
vn -0.272586 -0.235135 0.932957
vn -0.549574 -0.704212 0.449503
vn -0.549574 -0.704214 0.449500
vn -0.562482 -0.720753 0.405129
vn -0.387554 -0.368982 0.844781
vn -0.554963 -0.787988 0.266631
vn -0.554963 -0.787988 0.266629
vn -0.020069 -0.014134 0.999699
vn -0.020069 -0.014134 0.999699
vn -0.475540 -0.499474 0.724146
vn -0.475542 -0.499477 0.724143
vn -0.534835 -0.844600 0.024534
vn -0.533549 -0.842565 0.073546
vn -0.534837 -0.844599 0.024525
vn -0.172776 -0.134835 0.975688
vn -0.210321 -0.164136 0.963755
vn -0.172777 -0.134837 0.975688
vn -0.534072 -0.619139 0.575703
vn -0.534071 -0.619137 0.575706
vn -0.306930 -0.264759 0.914164
vn -0.306930 -0.264761 0.914164
vn -0.574025 -0.735550 0.359806
vn -0.562475 -0.720750 0.405143
vn -0.417117 -0.397128 0.817498
vn -0.417116 -0.397127 0.817499
vn -0.445661 -0.424304 0.788259
vn -0.561825 -0.797728 0.219047
vn -0.561825 -0.797731 0.219038
vn -0.060163 -0.042371 0.997289
vn -0.060163 -0.042372 0.997289
vn -0.499466 -0.524606 0.689436
vn -0.499469 -0.524612 0.689429
vn -0.210324 -0.164137 0.963755
vn -0.551885 -0.639784 0.534883
vn -0.551887 -0.639790 0.534874
vn -0.568362 -0.658885 0.492784
vn -0.373311 -0.322021 0.870024
vn -0.340530 -0.293743 0.893171
vn -0.340530 -0.293744 0.893170
vn -0.574031 -0.735552 0.359794
vn -0.473140 -0.450468 0.757111
vn -0.445659 -0.424303 0.788261
vn -0.567337 -0.805554 0.170912
vn -0.567336 -0.805556 0.170907
vn -0.100114 -0.070508 0.992474
vn -0.100115 -0.070509 0.992474
vn -0.522192 -0.548476 0.653062
vn -0.522194 -0.548481 0.653056
vn -0.247356 -0.193039 0.949500
vn -0.247354 -0.193036 0.949502
vn -0.568355 -0.658882 0.492795
vn -0.373316 -0.322023 0.870021
vn -0.584197 -0.748576 0.313603
vn -0.592961 -0.759806 0.266631
vn -0.584197 -0.748579 0.313596
vn -0.499475 -0.475539 0.724146
vn -0.473142 -0.450469 0.757109
vn -0.571480 -0.811439 0.122382
vn -0.571479 -0.811441 0.122375
vn -0.139818 -0.098471 0.985269
vn -0.139818 -0.098471 0.985269
vn -0.543662 -0.571026 0.615111
vn -0.543661 -0.571026 0.615111
vn -0.283797 -0.221477 0.932956
vn -0.283795 -0.221475 0.932957
vn -0.583467 -0.676401 0.449497
vn -0.583467 -0.676399 0.449500
vn -0.597166 -0.692280 0.405144
vn -0.405187 -0.349515 0.844786
vn -0.405191 -0.349522 0.844781
vn -0.592960 -0.759806 0.266633
vn -0.020738 -0.013132 0.999699
vn -0.020738 -0.013132 0.999699
vn -0.499471 -0.475537 0.724150
vn -0.524605 -0.499467 0.689436
vn -0.575637 -0.817338 0.024528
vn -0.615045 -0.788111 0.024528
vn -0.575635 -0.817339 0.024535
vn -0.574248 -0.815372 0.073537
vn -0.574249 -0.815370 0.073546
vn -0.179182 -0.126194 0.975689
vn -0.179183 -0.126196 0.975689
vn -0.563808 -0.592187 0.575704
vn -0.563809 -0.592188 0.575703
vn -0.319552 -0.249379 0.914164
vn -0.319552 -0.249381 0.914164
vn -0.609432 -0.706499 0.359794
vn -0.597167 -0.692281 0.405141
vn -0.436099 -0.376183 0.817499
vn -0.436099 -0.376183 0.817499
vn -0.600291 -0.769203 0.219037
vn -0.606179 -0.776747 0.170913
vn -0.600292 -0.769201 0.219044
vn -0.062170 -0.039369 0.997289
vn -0.062170 -0.039368 0.997289
vn -0.524607 -0.499468 0.689433
vn -0.218123 -0.153620 0.963755
vn -0.218124 -0.153621 0.963754
vn -0.582613 -0.611941 0.534874
vn -0.582612 -0.611937 0.534880
vn -0.354530 -0.276677 0.893173
vn -0.354533 -0.276681 0.893171
vn -0.609428 -0.706498 0.359804
vn -0.465943 -0.401923 0.788261
vn -0.465948 -0.401932 0.788253
vn -0.606179 -0.776747 0.170912
vn -0.610607 -0.782421 0.122382
vn -0.103454 -0.065512 0.992474
vn -0.103453 -0.065511 0.992475
vn -0.548481 -0.522198 0.653053
vn -0.548480 -0.522195 0.653056
vn -0.294322 -0.207286 0.932956
vn -0.256526 -0.180667 0.949502
vn -0.256527 -0.180668 0.949502
vn -0.600002 -0.630199 0.492795
vn -0.600005 -0.630209 0.492779
vn -0.388667 -0.303320 0.870020
vn -0.388666 -0.303319 0.870021
vn -0.620223 -0.719013 0.313598
vn -0.620223 -0.719014 0.313596
vn -0.629525 -0.729798 0.266633
vn -0.494674 -0.426706 0.757113
vn -0.494676 -0.426710 0.757109
vn -0.522203 -0.450455 0.724150
vn -0.610609 -0.782420 0.122373
vn -0.144482 -0.091492 0.985269
vn -0.144481 -0.091491 0.985269
vn -0.571026 -0.543661 0.615111
vn -0.571026 -0.543662 0.615110
vn -0.294324 -0.207287 0.932955
vn -0.615952 -0.646951 0.449509
vn -0.615953 -0.646958 0.449497
vn -0.421851 -0.329217 0.844783
vn -0.421848 -0.329212 0.844786
vn -0.629526 -0.729798 0.266631
vn -0.021357 -0.012099 0.999699
vn -0.021357 -0.012099 0.999699
vn -0.522207 -0.450457 0.724146
vn -0.613567 -0.786210 0.073548
vn -0.613565 -0.786212 0.073537
vn -0.615046 -0.788110 0.024534
vn -0.185158 -0.117250 0.975689
vn -0.185158 -0.117250 0.975689
vn -0.592187 -0.563809 0.575703
vn -0.611937 -0.582612 0.534880
vn -0.592187 -0.563808 0.575704
vn -0.367680 -0.258947 0.893173
vn -0.331407 -0.233404 0.914162
vn -0.331404 -0.233399 0.914164
vn -0.630416 -0.662148 0.405137
vn -0.630415 -0.662146 0.405141
vn -0.454033 -0.354330 0.817499
vn -0.454033 -0.354329 0.817499
vn -0.637310 -0.738821 0.219045
vn -0.637310 -0.738821 0.219045
vn -0.064027 -0.036271 0.997289
vn -0.064027 -0.036271 0.997289
vn -0.573444 -0.494655 0.653053
vn -0.548482 -0.473122 0.689437
vn -0.548484 -0.473125 0.689433
vn -0.225399 -0.142733 0.963754
vn -0.225395 -0.142729 0.963756
vn -0.611934 -0.582611 0.534885
vn -0.630207 -0.600008 0.492778
vn -0.403083 -0.283881 0.870020
vn -0.367680 -0.258947 0.893173
vn -0.643361 -0.675743 0.359803
vn -0.643361 -0.675743 0.359804
vn -0.485109 -0.378582 0.788254
vn -0.485110 -0.378583 0.788253
vn -0.648264 -0.751517 0.122373
vn -0.643563 -0.746067 0.170912
vn -0.643562 -0.746069 0.170904
vn -0.106543 -0.060356 0.992475
vn -0.106542 -0.060355 0.992475
vn -0.573445 -0.494656 0.653052
vn -0.265087 -0.167866 0.949500
vn -0.265083 -0.167861 0.949502
vn -0.630206 -0.600007 0.492779
vn -0.403076 -0.283879 0.870025
vn -0.654758 -0.687712 0.313598
vn -0.654758 -0.687714 0.313594
vn -0.515011 -0.401919 0.757116
vn -0.515014 -0.401922 0.757112
vn -0.648261 -0.751518 0.122385
vn -0.148797 -0.084293 0.985269
vn -0.148797 -0.084293 0.985269
vn -0.597012 -0.514984 0.615117
vn -0.597014 -0.514988 0.615111
vn -0.304142 -0.192595 0.932955
vn -0.304141 -0.192594 0.932955
vn -0.646954 -0.615953 0.449502
vn -0.646953 -0.615949 0.449509
vn -0.662148 -0.630416 0.405137
vn -0.437498 -0.308121 0.844783
vn -0.437499 -0.308122 0.844782
vn -0.470871 -0.331625 0.817499
vn -0.664578 -0.698026 0.266638
vn -0.664578 -0.698029 0.266631
vn -0.021925 -0.011036 0.999699
vn -0.021925 -0.011036 0.999699
vn -0.543680 -0.424294 0.724146
vn -0.543680 -0.424293 0.724146
vn -0.652978 -0.756980 0.024533
vn -0.652978 -0.756980 0.024534
vn -0.651403 -0.755160 0.073533
vn -0.651405 -0.755157 0.073548
vn -0.232127 -0.131499 0.963756
vn -0.190689 -0.108025 0.975689
vn -0.190688 -0.108024 0.975689
vn -0.619139 -0.534074 0.575702
vn -0.619138 -0.534073 0.575703
vn -0.639784 -0.551882 0.534885
vn -0.342457 -0.216857 0.914164
vn -0.342461 -0.216861 0.914162
vn -0.662146 -0.630415 0.405141
vn -0.470870 -0.331625 0.817500
vn -0.672795 -0.706660 0.219038
vn -0.672795 -0.706658 0.219045
vn -0.065730 -0.033085 0.997289
vn -0.065730 -0.033086 0.997289
vn -0.571037 -0.445643 0.689434
vn -0.571036 -0.445640 0.689437
vn -0.232132 -0.131500 0.963755
vn -0.639789 -0.551884 0.534877
vn -0.379940 -0.240594 0.893174
vn -0.379942 -0.240597 0.893173
vn -0.675745 -0.643358 0.359803
vn -0.687716 -0.654756 0.313594
vn -0.675746 -0.643364 0.359792
vn -0.503101 -0.354324 0.788254
vn -0.503100 -0.354323 0.788254
vn -0.679394 -0.713593 0.170903
vn -0.679395 -0.713590 0.170916
vn -0.109375 -0.055055 0.992475
vn -0.109375 -0.055055 0.992475
vn -0.597026 -0.465923 0.653051
vn -0.597026 -0.465923 0.653052
vn -0.273002 -0.154653 0.949501
vn -0.313225 -0.177440 0.932955
vn -0.273005 -0.154656 0.949500
vn -0.658888 -0.568362 0.492779
vn -0.658886 -0.568356 0.492789
vn -0.416520 -0.263758 0.870025
vn -0.416522 -0.263761 0.870022
vn -0.687709 -0.654755 0.313611
vn -0.563846 -0.397104 0.724146
vn -0.534113 -0.376163 0.757116
vn -0.534115 -0.376167 0.757113
vn -0.684359 -0.718801 0.122386
vn -0.684357 -0.718806 0.122363
vn -0.152755 -0.076890 0.985268
vn -0.152754 -0.076890 0.985269
vn -0.621560 -0.485072 0.615117
vn -0.621557 -0.485067 0.615124
vn -0.313224 -0.177440 0.932955
vn -0.676399 -0.583466 0.449502
vn -0.676399 -0.583468 0.449499
vn -0.692281 -0.597166 0.405141
vn -0.452094 -0.286285 0.844779
vn -0.452091 -0.286282 0.844781
vn -0.698028 -0.664579 0.266631
vn -0.698027 -0.664576 0.266639
vn -0.706660 -0.672795 0.219038
vn -0.022441 -0.009947 0.999699
vn -0.022440 -0.009947 0.999699
vn -0.563843 -0.397103 0.724148
vn -0.592217 -0.417086 0.689433
vn -0.689333 -0.724029 0.024533
vn -0.687675 -0.722284 0.073546
vn -0.689333 -0.724029 0.024533
vn -0.687674 -0.722287 0.073532
vn -0.195760 -0.098537 0.975689
vn -0.238304 -0.119952 0.963754
vn -0.195759 -0.098536 0.975689
vn -0.644603 -0.503056 0.575692
vn -0.644600 -0.503049 0.575702
vn -0.352686 -0.199795 0.914163
vn -0.352685 -0.199794 0.914164
vn -0.391287 -0.221662 0.893174
vn -0.692282 -0.597166 0.405139
vn -0.486575 -0.308122 0.817500
vn -0.486569 -0.308115 0.817506
vn -0.713591 -0.679394 0.170916
vn -0.706660 -0.672795 0.219038
vn -0.067274 -0.029821 0.997289
vn -0.067274 -0.029820 0.997289
vn -0.592222 -0.417087 0.689428
vn -0.238306 -0.119953 0.963754
vn -0.666097 -0.519828 0.534877
vn -0.666094 -0.519823 0.534886
vn -0.391285 -0.221661 0.893176
vn -0.428963 -0.243006 0.870023
vn -0.706498 -0.609429 0.359800
vn -0.706499 -0.609433 0.359791
vn -0.519880 -0.329212 0.788254
vn -0.519880 -0.329212 0.788254
vn -0.718806 -0.684357 0.122363
vn -0.713593 -0.679393 0.170910
vn -0.111945 -0.049621 0.992475
vn -0.111946 -0.049622 0.992475
vn -0.644606 -0.453988 0.615124
vn -0.619158 -0.436057 0.653068
vn -0.619166 -0.436071 0.653051
vn -0.280262 -0.141071 0.949501
vn -0.280262 -0.141071 0.949501
vn -0.321554 -0.161856 0.932955
vn -0.685980 -0.535346 0.492784
vn -0.685979 -0.535343 0.492789
vn -0.704215 -0.549575 0.449499
vn -0.428969 -0.243007 0.870019
vn -0.719010 -0.620225 0.313602
vn -0.719009 -0.620221 0.313611
vn -0.551929 -0.349506 0.757113
vn -0.551931 -0.349509 0.757110
vn -0.718804 -0.684358 0.122371
vn -0.156342 -0.069301 0.985269
vn -0.200358 -0.088813 0.975689
vn -0.156344 -0.069302 0.985268
vn -0.668512 -0.470819 0.575692
vn -0.644616 -0.453990 0.615112
vn -0.321552 -0.161856 0.932956
vn -0.704216 -0.549575 0.449497
vn -0.465592 -0.263754 0.844783
vn -0.501100 -0.283871 0.817506
vn -0.465597 -0.263758 0.844779
vn -0.729795 -0.629525 0.266640
vn -0.729796 -0.629529 0.266630
vn -0.022901 -0.008834 0.999699
vn -0.022901 -0.008834 0.999699
vn -0.582649 -0.368958 0.724148
vn -0.582650 -0.368960 0.724146
vn -0.724028 -0.689334 0.024540
vn -0.756981 -0.652976 0.024541
vn -0.722286 -0.687673 0.073547
vn -0.724029 -0.689333 0.024532
vn -0.722286 -0.687673 0.073546
vn -0.200361 -0.088813 0.975688
vn -0.668514 -0.470820 0.575689
vn -0.362060 -0.182246 0.914166
vn -0.362064 -0.182250 0.914163
vn -0.720752 -0.562479 0.405134
vn -0.720751 -0.562477 0.405139
vn -0.501111 -0.283873 0.817498
vn -0.738820 -0.637313 0.219038
vn -0.738819 -0.637313 0.219038
vn -0.746066 -0.643564 0.170910
vn -0.068656 -0.026484 0.997289
vn -0.068656 -0.026484 0.997289
vn -0.611970 -0.387525 0.689432
vn -0.611972 -0.387529 0.689428
vn -0.243904 -0.108116 0.963754
vn -0.243899 -0.108112 0.963756
vn -0.690802 -0.486516 0.534878
vn -0.690799 -0.486512 0.534886
vn -0.401691 -0.202193 0.893176
vn -0.401698 -0.202200 0.893171
vn -0.735549 -0.574026 0.359807
vn -0.735550 -0.574029 0.359800
vn -0.568417 -0.322004 0.757110
vn -0.535403 -0.303299 0.788259
vn -0.535408 -0.303304 0.788254
vn -0.746068 -0.643564 0.170904
vn -0.114245 -0.044069 0.992475
vn -0.114246 -0.044070 0.992475
vn -0.639813 -0.405159 0.653058
vn -0.639808 -0.405152 0.653068
vn -0.329106 -0.145883 0.932956
vn -0.286848 -0.127152 0.949500
vn -0.286846 -0.127151 0.949501
vn -0.711420 -0.501034 0.492794
vn -0.711423 -0.501040 0.492785
vn -0.440375 -0.221667 0.870019
vn -0.440372 -0.221663 0.870022
vn -0.748578 -0.584196 0.313602
vn -0.748578 -0.584196 0.313603
vn -0.568415 -0.322004 0.757112
vn -0.600053 -0.339926 0.724146
vn -0.751516 -0.648266 0.122371
vn -0.751517 -0.648264 0.122381
vn -0.159554 -0.061547 0.985269
vn -0.159554 -0.061547 0.985269
vn -0.666114 -0.421810 0.615117
vn -0.666116 -0.421813 0.615112
vn -0.329109 -0.145884 0.932955
vn -0.730334 -0.514358 0.449496
vn -0.730335 -0.514359 0.449495
vn -0.477976 -0.240593 0.844780
vn -0.477973 -0.240590 0.844783
vn -0.759807 -0.592960 0.266631
vn -0.759806 -0.592956 0.266640
vn -0.023307 -0.007700 0.999699
vn -0.023308 -0.007700 0.999699
vn -0.600048 -0.339925 0.724150
vn -0.630247 -0.357033 0.689432
vn -0.755157 -0.651407 0.073526
vn -0.756982 -0.652975 0.024548
vn -0.755159 -0.651403 0.073546
vn -0.248909 -0.096016 0.963756
vn -0.204476 -0.078876 0.975688
vn -0.204475 -0.078875 0.975689
vn -0.690809 -0.437453 0.575689
vn -0.690805 -0.437447 0.575698
vn -0.370567 -0.164260 0.914165
vn -0.370570 -0.164262 0.914164
vn -0.747481 -0.526434 0.405141
vn -0.747482 -0.526437 0.405135
vn -0.514433 -0.258942 0.817501
vn -0.514436 -0.258945 0.817498
vn -0.769204 -0.600289 0.219038
vn -0.769204 -0.600290 0.219035
vn -0.069873 -0.023083 0.997289
vn -0.069872 -0.023082 0.997289
vn -0.630256 -0.357034 0.689423
vn -0.658924 -0.373274 0.653059
vn -0.248917 -0.096017 0.963754
vn -0.713841 -0.452038 0.534876
vn -0.713840 -0.452037 0.534878
vn -0.411130 -0.182240 0.893174
vn -0.411136 -0.182245 0.893171
vn -0.450717 -0.199790 0.870022
vn -0.762827 -0.537245 0.359809
vn -0.762827 -0.537245 0.359808
vn -0.583531 -0.293724 0.757112
vn -0.549639 -0.276665 0.788260
vn -0.549640 -0.276666 0.788259
vn -0.776748 -0.606180 0.170904
vn -0.776748 -0.606177 0.170914
vn -0.116271 -0.038411 0.992474
vn -0.162381 -0.053644 0.985269
vn -0.116270 -0.038411 0.992475
vn -0.686007 -0.388619 0.615117
vn -0.658919 -0.373274 0.653064
vn -0.292738 -0.112920 0.949502
vn -0.292742 -0.112923 0.949500
vn -0.754692 -0.477906 0.449495
vn -0.735145 -0.465528 0.492794
vn -0.735145 -0.465527 0.492795
vn -0.450718 -0.199790 0.870021
vn -0.776342 -0.546759 0.313603
vn -0.776344 -0.546765 0.313590
vn -0.787988 -0.554962 0.266631
vn -0.583527 -0.293724 0.757115
vn -0.782421 -0.610607 0.122376
vn -0.782421 -0.610606 0.122382
vn -0.162381 -0.053644 0.985269
vn -0.711437 -0.403025 0.575698
vn -0.686008 -0.388619 0.615117
vn -0.335871 -0.129559 0.932955
vn -0.335870 -0.129559 0.932955
vn -0.754692 -0.477906 0.449496
vn -0.489206 -0.216852 0.844780
vn -0.489204 -0.216850 0.844781
vn -0.797731 -0.561826 0.219035
vn -0.787985 -0.554962 0.266640
vn -0.023657 -0.006547 0.999699
vn -0.023657 -0.006547 0.999699
vn -0.616007 -0.310069 0.724150
vn -0.616014 -0.310077 0.724140
vn -0.786213 -0.613564 0.073543
vn -0.788110 -0.615046 0.024534
vn -0.788107 -0.615048 0.024549
vn -0.786211 -0.613568 0.073526
vn -0.208099 -0.068746 0.975689
vn -0.253329 -0.083688 0.963754
vn -0.208102 -0.068748 0.975688
vn -0.711441 -0.403025 0.575693
vn -0.378179 -0.145880 0.914166
vn -0.419576 -0.161850 0.893174
vn -0.378183 -0.145882 0.914164
vn -0.772411 -0.489126 0.405138
vn -0.772410 -0.489125 0.405142
vn -0.526518 -0.233389 0.817501
vn -0.526524 -0.233394 0.817496
vn -0.797731 -0.561826 0.219036
vn -0.070920 -0.019626 0.997289
vn -0.070920 -0.019626 0.997289
vn -0.647009 -0.325674 0.689431
vn -0.647015 -0.325680 0.689423
vn -0.253324 -0.083688 0.963755
vn -0.735164 -0.416463 0.534876
vn -0.735166 -0.416465 0.534872
vn -0.419587 -0.161850 0.893169
vn -0.802240 -0.508008 0.313590
vn -0.788276 -0.499172 0.359790
vn -0.788272 -0.499163 0.359809
vn -0.562553 -0.249363 0.788259
vn -0.562551 -0.249361 0.788261
vn -0.805554 -0.567336 0.170919
vn -0.805554 -0.567337 0.170915
vn -0.118015 -0.032659 0.992475
vn -0.118015 -0.032659 0.992475
vn -0.676444 -0.340494 0.653060
vn -0.676442 -0.340491 0.653064
vn -0.341823 -0.112923 0.932955
vn -0.297927 -0.098423 0.949501
vn -0.297926 -0.098422 0.949502
vn -0.757101 -0.428890 0.492800
vn -0.777233 -0.440297 0.449496
vn -0.757103 -0.428893 0.492794
vn -0.459976 -0.177430 0.870023
vn -0.459979 -0.177432 0.870021
vn -0.802236 -0.508009 0.313600
vn -0.597241 -0.264739 0.757111
vn -0.597237 -0.264736 0.757115
vn -0.630488 -0.279475 0.724140
vn -0.811439 -0.571482 0.122376
vn -0.811439 -0.571481 0.122378
vn -0.164818 -0.045611 0.985269
vn -0.164819 -0.045612 0.985269
vn -0.704251 -0.354488 0.615117
vn -0.704252 -0.354489 0.615116
vn -0.341825 -0.112923 0.932954
vn -0.777230 -0.440297 0.449502
vn -0.499256 -0.192583 0.844781
vn -0.499256 -0.192583 0.844781
vn -0.537343 -0.207275 0.817496
vn -0.814268 -0.515627 0.266639
vn -0.814268 -0.515628 0.266637
vn -0.023950 -0.005378 0.999699
vn -0.023950 -0.005378 0.999699
vn -0.024185 -0.004197 0.999699
vn -0.630479 -0.279474 0.724148
vn -0.817338 -0.575636 0.024537
vn -0.817339 -0.575635 0.024534
vn -0.815371 -0.574249 0.073544
vn -0.815370 -0.574251 0.073537
vn -0.211226 -0.058454 0.975688
vn -0.211225 -0.058453 0.975688
vn -0.730360 -0.367630 0.575693
vn -0.730361 -0.367631 0.575692
vn -0.427022 -0.141069 0.893169
vn -0.384881 -0.127147 0.914167
vn -0.384881 -0.127148 0.914166
vn -0.795483 -0.450637 0.405133
vn -0.795482 -0.450635 0.405138
vn -0.537332 -0.207274 0.817503
vn -0.574107 -0.221460 0.788261
vn -0.824337 -0.522007 0.219036
vn -0.824337 -0.522003 0.219047
vn -0.071798 -0.016123 0.997289
vn -0.071798 -0.016123 0.997289
vn -0.662208 -0.293539 0.689431
vn -0.662207 -0.293538 0.689433
vn -0.692335 -0.306894 0.653060
vn -0.257125 -0.071156 0.963755
vn -0.257123 -0.071155 0.963756
vn -0.754705 -0.379884 0.534891
vn -0.754713 -0.379895 0.534872
vn -0.427020 -0.141069 0.893171
vn -0.811819 -0.459890 0.359794
vn -0.811820 -0.459891 0.359790
vn -0.826195 -0.468035 0.313600
vn -0.574117 -0.221461 0.788254
vn -0.832422 -0.527124 0.170919
vn -0.832423 -0.527127 0.170909
vn -0.119476 -0.026829 0.992475
vn -0.166858 -0.037469 0.985269
vn -0.119476 -0.026829 0.992475
vn -0.692343 -0.306894 0.653052
vn -0.302397 -0.083684 0.949501
vn -0.302398 -0.083685 0.949501
vn -0.777238 -0.391233 0.492786
vn -0.777233 -0.391226 0.492800
vn -0.468130 -0.154650 0.870022
vn -0.468127 -0.154648 0.870023
vn -0.508104 -0.167855 0.844781
vn -0.826197 -0.468035 0.313596
vn -0.643433 -0.248201 0.724148
vn -0.609506 -0.235112 0.757116
vn -0.609511 -0.235116 0.757111
vn -0.838504 -0.530975 0.122377
vn -0.838504 -0.530975 0.122375
vn -0.166859 -0.037469 0.985269
vn -0.720792 -0.319505 0.615122
vn -0.720796 -0.319509 0.615116
vn -0.346953 -0.096017 0.932955
vn -0.346949 -0.096014 0.932956
vn -0.797900 -0.401625 0.449502
vn -0.797904 -0.401630 0.449492
vn -0.546855 -0.180658 0.817504
vn -0.508101 -0.167855 0.844783
vn -0.848955 -0.480930 0.219047
vn -0.838586 -0.475056 0.266637
vn -0.838584 -0.475052 0.266649
vn -0.024185 -0.004196 0.999699
vn -0.675813 -0.260690 0.689433
vn -0.643437 -0.248201 0.724145
vn -0.844601 -0.534834 0.024525
vn -0.842566 -0.533549 0.073537
vn -0.844599 -0.534837 0.024538
vn -0.842567 -0.533547 0.073548
vn -0.213836 -0.048018 0.975689
vn -0.213839 -0.048020 0.975688
vn -0.772435 -0.342397 0.534891
vn -0.747522 -0.331356 0.575685
vn -0.747519 -0.331352 0.575692
vn -0.390656 -0.108107 0.914167
vn -0.390666 -0.108114 0.914161
vn -0.816638 -0.411060 0.405133
vn -0.816635 -0.411056 0.405143
vn -0.584292 -0.193024 0.788254
vn -0.546859 -0.180658 0.817501
vn -0.857285 -0.485646 0.170909
vn -0.848959 -0.480929 0.219034
vn -0.072503 -0.012580 0.997289
vn -0.072503 -0.012580 0.997289
vn -0.675820 -0.260690 0.689426
vn -0.260304 -0.058454 0.963756
vn -0.306139 -0.068746 0.949501
vn -0.260305 -0.058454 0.963755
vn -0.772440 -0.342397 0.534884
vn -0.433427 -0.119946 0.893171
vn -0.433421 -0.119942 0.893174
vn -0.833406 -0.419504 0.359794
vn -0.833403 -0.419499 0.359805
vn -0.584297 -0.193024 0.788250
vn -0.857284 -0.485647 0.170914
vn -0.120648 -0.020935 0.992475
vn -0.168497 -0.029237 0.985269
vn -0.120648 -0.020934 0.992475
vn -0.706557 -0.272547 0.653067
vn -0.706567 -0.272556 0.653052
vn -0.735600 -0.283755 0.615122
vn -0.306143 -0.068746 0.949500
vn -0.795501 -0.352619 0.492787
vn -0.795501 -0.352619 0.492786
vn -0.475155 -0.131492 0.870022
vn -0.475158 -0.131494 0.870019
vn -0.848166 -0.426933 0.313597
vn -0.848166 -0.426933 0.313597
vn -0.654840 -0.216329 0.724145
vn -0.620308 -0.204922 0.757116
vn -0.620305 -0.204919 0.757119
vn -0.863547 -0.489195 0.122374
vn -0.863547 -0.489194 0.122375
vn -0.168496 -0.029237 0.985269
vn -0.735614 -0.283755 0.615105
vn -0.351243 -0.078873 0.932956
vn -0.351243 -0.078873 0.932956
vn -0.835818 -0.370497 0.405143
vn -0.816640 -0.361989 0.449514
vn -0.816648 -0.361999 0.449492
vn -0.515724 -0.142719 0.844784
vn -0.515725 -0.142720 0.844783
vn -0.860885 -0.433330 0.266649
vn -0.860888 -0.433337 0.266629
vn -0.024362 -0.003005 0.999699
vn -0.024362 -0.003005 0.999699
vn -0.687797 -0.227217 0.689426
vn -0.654840 -0.216329 0.724145
vn -0.869826 -0.492749 0.024527
vn -0.892955 -0.449477 0.024527
vn -0.869826 -0.492749 0.024525
vn -0.867731 -0.491562 0.073548
vn -0.867731 -0.491564 0.073538
vn -0.215935 -0.037469 0.975689
vn -0.262860 -0.045611 0.963755
vn -0.215935 -0.037468 0.975689
vn -0.762881 -0.294278 0.575685
vn -0.788309 -0.304086 0.534884
vn -0.762873 -0.294270 0.575700
vn -0.438784 -0.098533 0.893174
vn -0.395501 -0.088813 0.914161
vn -0.395497 -0.088811 0.914163
vn -0.835826 -0.370496 0.405128
vn -0.555065 -0.153606 0.817501
vn -0.555067 -0.153607 0.817500
vn -0.871534 -0.438694 0.219033
vn -0.871533 -0.438690 0.219046
vn -0.073033 -0.009008 0.997289
vn -0.073033 -0.009008 0.997289
vn -0.719077 -0.237554 0.653067
vn -0.687788 -0.227217 0.689434
vn -0.262861 -0.045611 0.963755
vn -0.788308 -0.304086 0.534885
vn -0.438788 -0.098532 0.893172
vn -0.852984 -0.378099 0.359805
vn -0.852986 -0.378103 0.359796
vn -0.593064 -0.164125 0.788250
vn -0.593055 -0.164119 0.788258
vn -0.880081 -0.442996 0.170915
vn -0.880081 -0.442996 0.170914
vn -0.121529 -0.014989 0.992475
vn -0.121529 -0.014989 0.992475
vn -0.719091 -0.237553 0.653052
vn -0.748652 -0.247318 0.615105
vn -0.309144 -0.053642 0.949501
vn -0.354690 -0.061545 0.932956
vn -0.309147 -0.053643 0.949500
vn -0.811844 -0.313165 0.492786
vn -0.811843 -0.313165 0.492787
vn -0.481034 -0.108019 0.870022
vn -0.481038 -0.108021 0.870019
vn -0.522105 -0.117243 0.844784
vn -0.868094 -0.384797 0.313597
vn -0.868094 -0.384797 0.313597
vn -0.629624 -0.174243 0.757108
vn -0.629613 -0.174235 0.757119
vn -0.886511 -0.446232 0.122375
vn -0.886511 -0.446233 0.122372
vn -0.169730 -0.020934 0.985268
vn -0.169728 -0.020933 0.985269
vn -0.776392 -0.256486 0.575700
vn -0.748642 -0.247319 0.615117
vn -0.354695 -0.061545 0.932954
vn -0.833426 -0.321490 0.449495
vn -0.833419 -0.321482 0.449514
vn -0.852999 -0.329035 0.405128
vn -0.522108 -0.117243 0.844782
vn -0.892006 -0.395403 0.219046
vn -0.881110 -0.390567 0.266651
vn -0.881113 -0.390574 0.266629
vn -0.024479 -0.001806 0.999699
vn -0.024539 -0.000602 0.999699
vn -0.024539 -0.000602 0.999699
vn -0.024480 -0.001806 0.999699
vn -0.664666 -0.183937 0.724145
vn -0.664661 -0.183934 0.724150
vn -0.890805 -0.448396 0.073538
vn -0.892955 -0.449478 0.024523
vn -0.890805 -0.448394 0.073547
vn -0.217513 -0.026827 0.975689
vn -0.217514 -0.026827 0.975689
vn -0.776398 -0.256486 0.575692
vn -0.399371 -0.069297 0.914167
vn -0.399378 -0.069300 0.914164
vn -0.852995 -0.329036 0.405137
vn -0.561935 -0.126189 0.817500
vn -0.561929 -0.126185 0.817504
vn -0.892008 -0.395402 0.219040
vn -0.073565 -0.001806 0.997289
vn -0.073388 -0.005414 0.997289
vn -0.073387 -0.005413 0.997289
vn -0.073564 -0.001806 0.997289
vn -0.698110 -0.193190 0.689434
vn -0.698116 -0.193194 0.689428
vn -0.264779 -0.032657 0.963756
vn -0.264782 -0.032658 0.963755
vn -0.802284 -0.265037 0.534879
vn -0.802281 -0.265034 0.534885
vn -0.443094 -0.076884 0.893172
vn -0.443099 -0.076886 0.893170
vn -0.870509 -0.335792 0.359802
vn -0.870511 -0.335794 0.359796
vn -0.600394 -0.134822 0.788258
vn -0.600403 -0.134827 0.788250
vn -0.900758 -0.399279 0.170915
vn -0.900758 -0.399280 0.170911
vn -0.907339 -0.402196 0.122372
vn -0.122120 -0.009008 0.992474
vn -0.122415 -0.003005 0.992474
vn -0.122118 -0.009007 0.992475
vn -0.122414 -0.003006 0.992475
vn -0.729880 -0.201984 0.653052
vn -0.729876 -0.201981 0.653058
vn -0.311405 -0.038408 0.949501
vn -0.311404 -0.038408 0.949501
vn -0.826227 -0.272945 0.492798
vn -0.848197 -0.280207 0.449495
vn -0.826233 -0.272951 0.492786
vn -0.485757 -0.084287 0.870020
vn -0.485755 -0.084286 0.870022
vn -0.885925 -0.341740 0.313609
vn -0.899211 -0.346868 0.266651
vn -0.885928 -0.341744 0.313597
vn -0.637405 -0.143133 0.757118
vn -0.637415 -0.143139 0.757108
vn -0.907340 -0.402195 0.122363
vn -0.911735 -0.404143 0.073547
vn -0.170548 -0.012579 0.985269
vn -0.170553 -0.012581 0.985268
vn -0.170960 -0.004197 0.985269
vn -0.170961 -0.004197 0.985269
vn -0.759875 -0.210286 0.615117
vn -0.759873 -0.210284 0.615121
vn -0.357288 -0.044068 0.932954
vn -0.357284 -0.044067 0.932956
vn -0.848197 -0.280207 0.449495
vn -0.868112 -0.286786 0.405137
vn -0.527233 -0.091483 0.844782
vn -0.527232 -0.091482 0.844782
vn -0.567444 -0.098459 0.817504
vn -0.910337 -0.351153 0.219040
vn -0.899219 -0.346865 0.266626
vn -0.672893 -0.151106 0.724142
vn -0.672886 -0.151101 0.724150
vn -0.913933 -0.405122 0.024537
vn -0.911734 -0.404144 0.073553
vn -0.913935 -0.405119 0.024523
vn -0.218567 -0.016123 0.975689
vn -0.219095 -0.005379 0.975689
vn -0.218567 -0.016123 0.975689
vn -0.219098 -0.005378 0.975688
vn -0.788045 -0.218082 0.575696
vn -0.788047 -0.218084 0.575692
vn -0.402298 -0.049620 0.914163
vn -0.402291 -0.049616 0.914167
vn -0.868113 -0.286785 0.405135
vn -0.567444 -0.098460 0.817504
vn -0.910335 -0.351154 0.219045
vn -0.706752 -0.158706 0.689430
vn -0.706754 -0.158707 0.689428
vn -0.266063 -0.019625 0.963756
vn -0.266068 -0.019627 0.963754
vn -0.266710 -0.006547 0.963754
vn -0.266710 -0.006547 0.963755
vn -0.814322 -0.225355 0.534879
vn -0.814322 -0.225355 0.534878
vn -0.446338 -0.055052 0.893170
vn -0.446330 -0.055048 0.893174
vn -0.885937 -0.292673 0.359802
vn -0.885939 -0.292674 0.359798
vn -0.606296 -0.105203 0.788250
vn -0.606289 -0.105200 0.788255
vn -0.919265 -0.354600 0.170911
vn -0.919264 -0.354598 0.170918
vn -0.738907 -0.165927 0.653058
vn -0.738907 -0.165927 0.653058
vn -0.769275 -0.172747 0.615121
vn -0.312915 -0.023082 0.949501
vn -0.313667 -0.007699 0.949502
vn -0.313668 -0.007699 0.949502
vn -0.312911 -0.023081 0.949502
vn -0.838626 -0.232081 0.492793
vn -0.838624 -0.232079 0.492798
vn -0.489311 -0.060352 0.870019
vn -0.489308 -0.060351 0.870020
vn -0.901627 -0.297856 0.313608
vn -0.901627 -0.297855 0.313609
vn -0.679497 -0.117903 0.724142
vn -0.643660 -0.111685 0.757118
vn -0.643665 -0.111688 0.757114
vn -0.925981 -0.357191 0.122372
vn -0.925981 -0.357193 0.122363
vn -0.769276 -0.172747 0.615120
vn -0.359020 -0.026483 0.932954
vn -0.359887 -0.008833 0.932954
vn -0.359016 -0.026482 0.932956
vn -0.359881 -0.008835 0.932956
vn -0.860924 -0.238250 0.449496
vn -0.860925 -0.238251 0.449495
vn -0.531085 -0.065504 0.844783
vn -0.531086 -0.065504 0.844782
vn -0.926468 -0.306066 0.219045
vn -0.915152 -0.302323 0.266640
vn -0.915155 -0.302328 0.266626
vn -0.679489 -0.117905 0.724150
vn -0.932714 -0.359783 0.024517
vn -0.949242 -0.313591 0.024517
vn -0.930465 -0.358923 0.073544
vn -0.930465 -0.358921 0.073553
vn -0.932712 -0.359787 0.024537
vn -0.797795 -0.179151 0.575698
vn -0.797796 -0.179152 0.575696
vn -0.405219 -0.009948 0.914165
vn -0.404243 -0.029818 0.914165
vn -0.404249 -0.029820 0.914163
vn -0.405220 -0.009948 0.914165
vn -0.449580 -0.011037 0.893172
vn -0.448493 -0.033084 0.893174
vn -0.881139 -0.243845 0.405135
vn -0.881138 -0.243845 0.405136
vn -0.571591 -0.070500 0.817504
vn -0.571592 -0.070500 0.817504
vn -0.926472 -0.306063 0.219032
vn -0.713689 -0.123839 0.689429
vn -0.746158 -0.129473 0.653058
vn -0.713688 -0.123838 0.689430
vn -0.824399 -0.185123 0.534878
vn -0.824404 -0.185127 0.534871
vn -0.448498 -0.033082 0.893171
vn -0.449581 -0.011037 0.893171
vn -0.899228 -0.248851 0.359809
vn -0.899231 -0.248855 0.359798
vn -0.610721 -0.075324 0.788255
vn -0.610725 -0.075327 0.788252
vn -0.935557 -0.309065 0.170918
vn -0.942392 -0.311323 0.122372
vn -0.935557 -0.309065 0.170918
vn -0.746164 -0.129471 0.653052
vn -0.849002 -0.190648 0.492797
vn -0.849004 -0.190649 0.492793
vn -0.491679 -0.036268 0.870021
vn -0.491682 -0.036269 0.870019
vn -0.492866 -0.012099 0.870021
vn -0.492862 -0.012101 0.870023
vn -0.915156 -0.253256 0.313608
vn -0.928884 -0.257055 0.266640
vn -0.915161 -0.253263 0.313588
vn -0.648370 -0.079970 0.757114
vn -0.648366 -0.079968 0.757118
vn -0.942392 -0.311323 0.122375
vn -0.776827 -0.134792 0.615119
vn -0.776826 -0.134791 0.615120
vn -0.871577 -0.195721 0.449495
vn -0.871573 -0.195717 0.449506
vn -0.533660 -0.039365 0.844783
vn -0.533661 -0.039366 0.844782
vn -0.534950 -0.013134 0.844782
vn -0.534951 -0.013134 0.844781
vn -0.575759 -0.014136 0.817497
vn -0.928886 -0.257054 0.266633
vn -0.684457 -0.084417 0.724150
vn -0.684466 -0.084422 0.724140
vn -0.946958 -0.312832 0.073530
vn -0.946958 -0.312828 0.073544
vn -0.949243 -0.313583 0.024550
vn -0.805625 -0.139788 0.575698
vn -0.805626 -0.139789 0.575696
vn -0.892043 -0.200317 0.405133
vn -0.892042 -0.200316 0.405136
vn -0.575754 -0.014134 0.817501
vn -0.574363 -0.042366 0.817504
vn -0.574367 -0.042368 0.817501
vn -0.940372 -0.260233 0.219041
vn -0.940374 -0.260235 0.219032
vn -0.718906 -0.088666 0.689429
vn -0.718906 -0.088666 0.689429
vn -0.857334 -0.148762 0.492797
vn -0.832492 -0.144450 0.534876
vn -0.832495 -0.144452 0.534870
vn -0.910361 -0.204430 0.359794
vn -0.910356 -0.204425 0.359809
vn -0.615161 -0.015101 0.788257
vn -0.613679 -0.045266 0.788257
vn -0.613686 -0.045269 0.788252
vn -0.615160 -0.015102 0.788258
vn -0.653091 -0.016033 0.757110
vn -0.949594 -0.262787 0.170919
vn -0.949595 -0.262788 0.170918
vn -0.751611 -0.092700 0.653060
vn -0.751618 -0.092703 0.653052
vn -0.857339 -0.148760 0.492788
vn -0.926487 -0.208049 0.313588
vn -0.926486 -0.208047 0.313593
vn -0.651518 -0.048059 0.757110
vn -0.651509 -0.048055 0.757118
vn -0.653091 -0.016033 0.757110
vn -0.961168 -0.265989 0.073530
vn -0.956533 -0.264708 0.122368
vn -0.956533 -0.264706 0.122375
vn -0.782508 -0.096513 0.615114
vn -0.782505 -0.096511 0.615119
vn -0.880127 -0.152714 0.449506
vn -0.880127 -0.152714 0.449506
vn -0.900798 -0.156301 0.405133
vn -0.940377 -0.211168 0.266643
vn -0.940380 -0.211171 0.266633
vn -0.689436 -0.016925 0.724149
vn -0.689437 -0.016925 0.724148
vn -0.724127 -0.017776 0.689438
vn -0.687775 -0.050730 0.724149
vn -0.687784 -0.050734 0.724140
vn -0.963486 -0.266631 0.024543
vn -0.963486 -0.266632 0.024550
vn -0.961166 -0.265991 0.073540
vn -0.811515 -0.100090 0.575696
vn -0.811514 -0.100089 0.575697
vn -0.900799 -0.156301 0.405132
vn -0.952007 -0.213784 0.219042
vn -0.952006 -0.213782 0.219049
vn -0.722390 -0.053290 0.689429
vn -0.724126 -0.017776 0.689439
vn -0.722381 -0.053286 0.689439
vn -0.838576 -0.103431 0.534876
vn -0.838568 -0.103426 0.534889
vn -0.919294 -0.159510 0.359799
vn -0.919295 -0.159512 0.359794
vn -0.935578 -0.162337 0.313593
vn -0.961347 -0.215881 0.170903
vn -0.961345 -0.215877 0.170919
vn -0.755254 -0.055711 0.653060
vn -0.755262 -0.055715 0.653050
vn -0.786302 -0.058002 0.615114
vn -0.757086 -0.018585 0.653051
vn -0.757086 -0.018585 0.653051
vn -0.788200 -0.019349 0.615115
vn -0.863605 -0.106515 0.492788
vn -0.863612 -0.106519 0.492776
vn -0.949605 -0.164776 0.266643
vn -0.935571 -0.162340 0.313611
vn -0.968368 -0.217454 0.122379
vn -0.968369 -0.217457 0.122368
vn -0.788203 -0.019350 0.615112
vn -0.817415 -0.020067 0.575700
vn -0.786304 -0.058001 0.615112
vn -0.886555 -0.109345 0.449515
vn -0.886559 -0.109348 0.449506
vn -0.949611 -0.164772 0.266626
vn -0.961349 -0.166809 0.219049
vn -0.973060 -0.218510 0.073537
vn -0.975408 -0.219037 0.024547
vn -0.975408 -0.219037 0.024543
vn -0.973060 -0.218509 0.073540
vn -0.815447 -0.060154 0.575697
vn -0.817410 -0.020065 0.575707
vn -0.815441 -0.060150 0.575707
vn -0.907382 -0.111919 0.405132
vn -0.907378 -0.111916 0.405141
vn -0.961348 -0.166810 0.219054
vn -0.844679 -0.020735 0.534872
vn -0.842644 -0.062160 0.534872
vn -0.842633 -0.062154 0.534889
vn -0.844670 -0.020738 0.534885
vn -0.869891 -0.021358 0.492782
vn -0.926014 -0.114217 0.359794
vn -0.926013 -0.114216 0.359799
vn -0.977872 -0.169676 0.122379
vn -0.970782 -0.168447 0.170900
vn -0.970782 -0.168446 0.170903
vn -0.890852 -0.065716 0.449515
vn -0.867799 -0.064015 0.492775
vn -0.867789 -0.064009 0.492792
vn -0.869885 -0.021355 0.492792
vn -0.893007 -0.021922 0.449508
vn -0.942416 -0.116239 0.313593
vn -0.942411 -0.116234 0.313611
vn -0.982610 -0.170500 0.073536
vn -0.977871 -0.169678 0.122387
vn -0.890855 -0.065715 0.449510
vn -0.893006 -0.021922 0.449510
vn -0.913980 -0.022436 0.405138
vn -0.956552 -0.117981 0.266626
vn -0.956549 -0.117977 0.266638
vn -0.984982 -0.170908 0.024527
vn -0.982609 -0.170501 0.073541
vn -0.984980 -0.170913 0.024547
vn -0.911777 -0.067255 0.405141
vn -0.911781 -0.067258 0.405131
vn -0.913983 -0.022439 0.405131
vn -0.968375 -0.119437 0.219054
vn -0.968377 -0.119439 0.219045
vn -0.932748 -0.022899 0.359800
vn -0.930502 -0.068636 0.359800
vn -0.946985 -0.069854 0.313593
vn -0.932755 -0.022895 0.359783
vn -0.949265 -0.023300 0.313614
vn -0.930504 -0.068638 0.359794
vn -0.977877 -0.120609 0.170909
vn -0.985018 -0.121492 0.122387
vn -0.977878 -0.120611 0.170900
vn -0.946982 -0.069855 0.313599
vn -0.949269 -0.023304 0.313600
vn -0.963506 -0.023654 0.266639
vn -0.989792 -0.122078 0.073541
vn -0.985020 -0.121489 0.122376
vn -0.961185 -0.070900 0.266638
vn -0.961188 -0.070903 0.266629
vn -0.963509 -0.023656 0.266629
vn -0.975425 -0.023949 0.219026
vn -0.992180 -0.122375 0.024546
vn -0.996990 -0.073540 0.024546
vn -0.992181 -0.122371 0.024527
vn -0.989793 -0.122076 0.073534
vn -0.973071 -0.071776 0.219045
vn -0.973072 -0.071777 0.219041
vn -0.975422 -0.023945 0.219041
vn -0.982617 -0.072481 0.170909
vn -0.982617 -0.072480 0.170913
vn -0.984989 -0.024180 0.170914
vn -0.984989 -0.024180 0.170913
vn -0.989795 -0.073011 0.122371
vn -0.989795 -0.073010 0.122377
vn -0.992186 -0.024356 0.122368
vn -0.992186 -0.024357 0.122371
vn -0.996991 -0.024474 0.073558
vn -0.994589 -0.073363 0.073558
vn -0.999398 -0.024532 0.024520
vn -0.996990 -0.073546 0.024519
vn -0.994590 -0.073369 0.073534
vn -0.996991 -0.024473 0.073553
vn 0.024539 -0.000602 0.999699
vn 0.024539 -0.000602 0.999699
vn 0.073564 -0.001806 0.997289
vn 0.073565 -0.001806 0.997289
vn 0.122414 -0.003006 0.992475
vn 0.122415 -0.003005 0.992474
vn 0.170961 -0.004197 0.985269
vn 0.170960 -0.004197 0.985269
vn 0.024480 -0.001806 0.999699
vn 0.024479 -0.001806 0.999699
vn 0.219098 -0.005378 0.975688
vn 0.219095 -0.005379 0.975689
vn 0.122120 -0.009008 0.992474
vn 0.073387 -0.005414 0.997289
vn 0.073388 -0.005413 0.997289
vn 0.266710 -0.006547 0.963754
vn 0.266710 -0.006547 0.963755
vn 0.122118 -0.009007 0.992475
vn 0.313667 -0.007699 0.949502
vn 0.313668 -0.007699 0.949502
vn 0.170548 -0.012581 0.985269
vn 0.170553 -0.012580 0.985268
vn 0.359881 -0.008835 0.932956
vn 0.359887 -0.008833 0.932954
vn 0.024362 -0.003005 0.999699
vn 0.024362 -0.003005 0.999699
vn 0.218567 -0.016123 0.975689
vn 0.218567 -0.016123 0.975689
vn 0.266068 -0.019627 0.963754
vn 0.405220 -0.009948 0.914165
vn 0.405219 -0.009948 0.914165
vn 0.073032 -0.009008 0.997289
vn 0.073033 -0.009008 0.997289
vn 0.266063 -0.019625 0.963756
vn 0.449580 -0.011037 0.893172
vn 0.449581 -0.011037 0.893171
vn 0.121529 -0.014989 0.992475
vn 0.121530 -0.014989 0.992475
vn 0.312915 -0.023081 0.949501
vn 0.312911 -0.023082 0.949502
vn 0.492866 -0.012099 0.870021
vn 0.492862 -0.012101 0.870023
vn 0.169730 -0.020934 0.985268
vn 0.169728 -0.020934 0.985269
vn 0.217513 -0.026827 0.975689
vn 0.359016 -0.026483 0.932956
vn 0.404243 -0.029818 0.914165
vn 0.359020 -0.026482 0.932954
vn 0.534951 -0.013134 0.844781
vn 0.534950 -0.013134 0.844782
vn 0.024185 -0.004197 0.999699
vn 0.024185 -0.004196 0.999699
vn 0.217514 -0.026827 0.975689
vn 0.404249 -0.029820 0.914163
vn 0.575759 -0.014134 0.817497
vn 0.575754 -0.014135 0.817501
vn 0.072503 -0.012580 0.997289
vn 0.072503 -0.012580 0.997289
vn 0.264779 -0.032658 0.963756
vn 0.264782 -0.032657 0.963755
vn 0.448498 -0.033082 0.893171
vn 0.448493 -0.033084 0.893174
vn 0.615160 -0.015102 0.788258
vn 0.615161 -0.015101 0.788257
vn 0.120648 -0.020934 0.992475
vn 0.120648 -0.020934 0.992475
vn 0.311404 -0.038408 0.949501
vn 0.311405 -0.038408 0.949501
vn 0.491682 -0.036268 0.870019
vn 0.491679 -0.036269 0.870021
vn 0.653091 -0.016033 0.757110
vn 0.653091 -0.016033 0.757110
vn 0.168497 -0.029237 0.985269
vn 0.168496 -0.029237 0.985269
vn 0.357284 -0.044068 0.932956
vn 0.357288 -0.044067 0.932954
vn 0.533659 -0.039366 0.844783
vn 0.533661 -0.039365 0.844782
vn 0.023950 -0.005378 0.999699
vn 0.023950 -0.005378 0.999699
vn 0.689437 -0.016925 0.724148
vn 0.689436 -0.016925 0.724149
vn 0.215935 -0.037469 0.975689
vn 0.215935 -0.037468 0.975689
vn 0.402290 -0.049619 0.914167
vn 0.402299 -0.049617 0.914163
vn 0.574363 -0.042367 0.817504
vn 0.574367 -0.042366 0.817501
vn 0.071798 -0.016123 0.997289
vn 0.071798 -0.016123 0.997289
vn 0.724127 -0.017776 0.689438
vn 0.724126 -0.017776 0.689439
vn 0.262860 -0.045611 0.963755
vn 0.262861 -0.045611 0.963755
vn 0.446338 -0.055049 0.893170
vn 0.446329 -0.055051 0.893174
vn 0.613686 -0.045267 0.788252
vn 0.613679 -0.045268 0.788257
vn 0.119476 -0.026829 0.992474
vn 0.119476 -0.026829 0.992475
vn 0.757086 -0.018585 0.653051
vn 0.757086 -0.018585 0.653051
vn 0.354695 -0.061546 0.932954
vn 0.309144 -0.053642 0.949501
vn 0.309147 -0.053642 0.949500
vn 0.489311 -0.060351 0.870019
vn 0.489308 -0.060352 0.870020
vn 0.651518 -0.048056 0.757109
vn 0.651508 -0.048059 0.757118
vn 0.166859 -0.037469 0.985269
vn 0.166858 -0.037469 0.985269
vn 0.788200 -0.019350 0.615114
vn 0.788203 -0.019349 0.615112
vn 0.354690 -0.061544 0.932956
vn 0.531085 -0.065504 0.844783
vn 0.531087 -0.065504 0.844782
vn 0.023657 -0.006547 0.999699
vn 0.023657 -0.006547 0.999699
vn 0.687784 -0.050731 0.724140
vn 0.687775 -0.050734 0.724149
vn 0.213836 -0.048019 0.975689
vn 0.213840 -0.048019 0.975688
vn 0.817415 -0.020065 0.575700
vn 0.817410 -0.020067 0.575707
vn 0.399378 -0.069298 0.914164
vn 0.399371 -0.069299 0.914167
vn 0.571592 -0.070500 0.817504
vn 0.571591 -0.070500 0.817504
vn 0.070920 -0.019626 0.997289
vn 0.070920 -0.019626 0.997289
vn 0.755262 -0.055715 0.653050
vn 0.722390 -0.053287 0.689429
vn 0.722381 -0.053290 0.689439
vn 0.306143 -0.068747 0.949500
vn 0.260304 -0.058454 0.963756
vn 0.260305 -0.058454 0.963755
vn 0.844670 -0.020738 0.534885
vn 0.844679 -0.020735 0.534872
vn 0.485757 -0.084287 0.870020
vn 0.443099 -0.076885 0.893170
vn 0.443094 -0.076886 0.893172
vn 0.610725 -0.075325 0.788252
vn 0.610720 -0.075326 0.788255
vn 0.118015 -0.032659 0.992475
vn 0.164819 -0.045612 0.985269
vn 0.118015 -0.032659 0.992475
vn 0.755254 -0.055711 0.653060
vn 0.306139 -0.068745 0.949501
vn 0.869891 -0.021355 0.492782
vn 0.869885 -0.021357 0.492792
vn 0.485755 -0.084286 0.870022
vn 0.527233 -0.091483 0.844782
vn 0.648370 -0.079968 0.757114
vn 0.648365 -0.079969 0.757118
vn 0.164818 -0.045611 0.985269
vn 0.786304 -0.058001 0.615112
vn 0.786302 -0.058002 0.615114
vn 0.395497 -0.088811 0.914163
vn 0.351243 -0.078873 0.932956
vn 0.351243 -0.078873 0.932956
vn 0.893006 -0.021922 0.449510
vn 0.893007 -0.021922 0.449508
vn 0.527232 -0.091482 0.844782
vn 0.023308 -0.007700 0.999699
vn 0.069872 -0.023082 0.997289
vn 0.023307 -0.007700 0.999699
vn 0.684467 -0.084418 0.724140
vn 0.684456 -0.084421 0.724150
vn 0.211226 -0.058453 0.975688
vn 0.211224 -0.058453 0.975688
vn 0.815448 -0.060151 0.575697
vn 0.815441 -0.060153 0.575706
vn 0.395501 -0.088813 0.914161
vn 0.913980 -0.022438 0.405138
vn 0.913984 -0.022436 0.405131
vn 0.567444 -0.098459 0.817504
vn 0.567444 -0.098460 0.817504
vn 0.606289 -0.105200 0.788255
vn 0.069873 -0.023083 0.997289
vn 0.718907 -0.088666 0.689429
vn 0.718906 -0.088666 0.689429
vn 0.257123 -0.071155 0.963756
vn 0.257125 -0.071155 0.963755
vn 0.842644 -0.062155 0.534872
vn 0.842633 -0.062159 0.534889
vn 0.438788 -0.098532 0.893172
vn 0.438784 -0.098533 0.893174
vn 0.932755 -0.022895 0.359783
vn 0.932748 -0.022899 0.359800
vn 0.606296 -0.105203 0.788250
vn 0.116271 -0.038411 0.992475
vn 0.162381 -0.053644 0.985269
vn 0.116270 -0.038411 0.992475
vn 0.751618 -0.092701 0.653052
vn 0.751611 -0.092702 0.653060
vn 0.302397 -0.083685 0.949501
vn 0.302398 -0.083685 0.949501
vn 0.867789 -0.064014 0.492792
vn 0.867799 -0.064010 0.492775
vn 0.890855 -0.065716 0.449510
vn 0.481034 -0.108020 0.870022
vn 0.481038 -0.108020 0.870019
vn 0.522108 -0.117244 0.844782
vn 0.949269 -0.023300 0.313600
vn 0.949265 -0.023304 0.313614
vn 0.643665 -0.111686 0.757114
vn 0.643660 -0.111687 0.757118
vn 0.679490 -0.117902 0.724150
vn 0.162381 -0.053644 0.985269
vn 0.782505 -0.096513 0.615119
vn 0.782509 -0.096512 0.615114
vn 0.346954 -0.096015 0.932955
vn 0.346949 -0.096015 0.932956
vn 0.890852 -0.065714 0.449515
vn 0.522105 -0.117242 0.844784
vn 0.561929 -0.126185 0.817504
vn 0.963506 -0.023656 0.266639
vn 0.963509 -0.023654 0.266629
vn 0.022901 -0.008834 0.999699
vn 0.022901 -0.008834 0.999699
vn 0.679497 -0.117906 0.724142
vn 0.208098 -0.068747 0.975689
vn 0.208102 -0.068747 0.975688
vn 0.811514 -0.100090 0.575697
vn 0.811515 -0.100089 0.575696
vn 0.390655 -0.108111 0.914167
vn 0.390667 -0.108110 0.914162
vn 0.911777 -0.067258 0.405141
vn 0.911782 -0.067255 0.405131
vn 0.561935 -0.126189 0.817500
vn 0.975422 -0.023949 0.219041
vn 0.975425 -0.023945 0.219026
vn 0.068656 -0.026484 0.997289
vn 0.068656 -0.026484 0.997289
vn 0.713689 -0.123839 0.689429
vn 0.713688 -0.123839 0.689430
vn 0.746163 -0.129473 0.653052
vn 0.297927 -0.098423 0.949501
vn 0.253324 -0.083688 0.963755
vn 0.253329 -0.083688 0.963754
vn 0.838576 -0.103427 0.534876
vn 0.838568 -0.103430 0.534889
vn 0.433421 -0.119944 0.893174
vn 0.433428 -0.119944 0.893171
vn 0.930502 -0.068638 0.359800
vn 0.930504 -0.068636 0.359794
vn 0.637405 -0.143133 0.757118
vn 0.600404 -0.134824 0.788250
vn 0.600393 -0.134825 0.788258
vn 0.984989 -0.024180 0.170914
vn 0.984989 -0.024180 0.170913
vn 0.114246 -0.044069 0.992475
vn 0.114245 -0.044069 0.992475
vn 0.746158 -0.129470 0.653058
vn 0.297926 -0.098422 0.949502
vn 0.863613 -0.106516 0.492776
vn 0.886555 -0.109345 0.449515
vn 0.863605 -0.106518 0.492788
vn 0.475154 -0.131493 0.870022
vn 0.475158 -0.131493 0.870020
vn 0.946982 -0.069855 0.313599
vn 0.946985 -0.069854 0.313593
vn 0.961188 -0.070903 0.266629
vn 0.637415 -0.143139 0.757108
vn 0.992186 -0.024356 0.122368
vn 0.992186 -0.024357 0.122371
vn 0.159554 -0.061547 0.985269
vn 0.159554 -0.061547 0.985269
vn 0.776826 -0.134792 0.615120
vn 0.776827 -0.134792 0.615119
vn 0.341825 -0.112923 0.932954
vn 0.341823 -0.112923 0.932955
vn 0.886559 -0.109348 0.449506
vn 0.515725 -0.142720 0.844783
vn 0.515724 -0.142720 0.844784
vn 0.961185 -0.070900 0.266638
vn 0.022441 -0.009947 0.999699
vn 0.022440 -0.009947 0.999699
vn 0.672885 -0.151104 0.724150
vn 0.672893 -0.151103 0.724142
vn 0.996991 -0.024474 0.073558
vn 0.996991 -0.024473 0.073553
vn 0.999398 -0.024532 0.024531
vn 0.999398 -0.024535 0.024520
vn 0.248917 -0.096019 0.963754
vn 0.204477 -0.078876 0.975688
vn 0.204474 -0.078876 0.975689
vn 0.805625 -0.139789 0.575698
vn 0.805626 -0.139788 0.575696
vn 0.384881 -0.127147 0.914166
vn 0.384881 -0.127147 0.914167
vn 0.907378 -0.111919 0.405141
vn 0.907382 -0.111917 0.405132
vn 0.555065 -0.153607 0.817501
vn 0.555067 -0.153606 0.817500
vn 0.973071 -0.071777 0.219045
vn 0.973072 -0.071776 0.219041
vn 0.067274 -0.029821 0.997289
vn 0.067274 -0.029821 0.997289
vn 0.706752 -0.158707 0.689430
vn 0.706754 -0.158707 0.689428
vn 0.248910 -0.096014 0.963756
vn 0.292738 -0.112920 0.949502
vn 0.857338 -0.148763 0.492788
vn 0.832491 -0.144451 0.534876
vn 0.832495 -0.144450 0.534870
vn 0.468130 -0.154650 0.870022
vn 0.427020 -0.141069 0.893171
vn 0.427022 -0.141069 0.893169
vn 0.926013 -0.114217 0.359799
vn 0.926015 -0.114216 0.359794
vn 0.593055 -0.164122 0.788258
vn 0.593065 -0.164122 0.788250
vn 0.989795 -0.073011 0.122371
vn 0.982617 -0.072480 0.170909
vn 0.982617 -0.072481 0.170913
vn 0.111946 -0.049622 0.992475
vn 0.156342 -0.069301 0.985269
vn 0.111945 -0.049621 0.992475
vn 0.738907 -0.165927 0.653058
vn 0.769276 -0.172747 0.615120
vn 0.738907 -0.165927 0.653058
vn 0.292742 -0.112923 0.949500
vn 0.857334 -0.148760 0.492797
vn 0.468127 -0.154648 0.870023
vn 0.942417 -0.116234 0.313593
vn 0.942410 -0.116238 0.313611
vn 0.629626 -0.174238 0.757108
vn 0.629612 -0.174239 0.757120
vn 0.989795 -0.073010 0.122377
vn 0.994589 -0.073363 0.073558
vn 0.156344 -0.069302 0.985268
vn 0.769275 -0.172747 0.615121
vn 0.335871 -0.129559 0.932955
vn 0.335870 -0.129559 0.932955
vn 0.900799 -0.156301 0.405132
vn 0.880127 -0.152714 0.449506
vn 0.880126 -0.152714 0.449506
vn 0.508101 -0.167855 0.844783
vn 0.508104 -0.167855 0.844781
vn 0.546859 -0.180659 0.817501
vn 0.956548 -0.117980 0.266638
vn 0.956552 -0.117978 0.266626
vn 0.021925 -0.011036 0.999699
vn 0.021926 -0.011036 0.999699
vn 0.664661 -0.183936 0.724150
vn 0.664667 -0.183935 0.724145
vn 0.994590 -0.073369 0.073534
vn 0.996990 -0.073546 0.024519
vn 0.996990 -0.073540 0.024546
vn 0.992180 -0.122375 0.024546
vn 0.200361 -0.088813 0.975688
vn 0.200358 -0.088813 0.975689
vn 0.797795 -0.179151 0.575698
vn 0.797796 -0.179151 0.575696
vn 0.824404 -0.185127 0.534871
vn 0.378183 -0.145881 0.914164
vn 0.378179 -0.145881 0.914166
vn 0.919294 -0.159510 0.359799
vn 0.900798 -0.156301 0.405133
vn 0.546856 -0.180657 0.817504
vn 0.968375 -0.119439 0.219054
vn 0.968377 -0.119437 0.219045
vn 0.065730 -0.033086 0.997289
vn 0.065730 -0.033085 0.997289
vn 0.729876 -0.201981 0.653058
vn 0.698110 -0.193192 0.689434
vn 0.698116 -0.193192 0.689428
vn 0.243898 -0.108114 0.963756
vn 0.243905 -0.108114 0.963754
vn 0.824399 -0.185123 0.534878
vn 0.419587 -0.161850 0.893169
vn 0.419576 -0.161850 0.893174
vn 0.919295 -0.159512 0.359794
vn 0.620305 -0.204919 0.757119
vn 0.584292 -0.193024 0.788254
vn 0.584297 -0.193024 0.788250
vn 0.977879 -0.120609 0.170900
vn 0.977877 -0.120611 0.170909
vn 0.109375 -0.055055 0.992475
vn 0.109375 -0.055055 0.992475
vn 0.729880 -0.201984 0.653052
vn 0.286846 -0.127151 0.949501
vn 0.286848 -0.127152 0.949500
vn 0.849002 -0.190649 0.492797
vn 0.849004 -0.190648 0.492793
vn 0.459976 -0.177431 0.870023
vn 0.459979 -0.177431 0.870021
vn 0.949610 -0.164776 0.266626
vn 0.935571 -0.162340 0.313611
vn 0.935578 -0.162337 0.313593
vn 0.654840 -0.216329 0.724145
vn 0.620308 -0.204922 0.757116
vn 0.985020 -0.121489 0.122376
vn 0.985018 -0.121492 0.122387
vn 0.152755 -0.076890 0.985268
vn 0.152754 -0.076890 0.985269
vn 0.759873 -0.210285 0.615121
vn 0.759876 -0.210285 0.615117
vn 0.329106 -0.145883 0.932956
vn 0.329109 -0.145884 0.932955
vn 0.370570 -0.164262 0.914164
vn 0.871572 -0.195720 0.449506
vn 0.871578 -0.195718 0.449495
vn 0.499256 -0.192583 0.844781
vn 0.499256 -0.192583 0.844781
vn 0.949606 -0.164771 0.266643
vn 0.021357 -0.012099 0.999699
vn 0.021357 -0.012099 0.999699
vn 0.654840 -0.216329 0.724145
vn 0.989792 -0.122078 0.073541
vn 0.989793 -0.122076 0.073534
vn 0.992181 -0.122371 0.024527
vn 0.195759 -0.098537 0.975689
vn 0.195760 -0.098537 0.975689
vn 0.788048 -0.218083 0.575691
vn 0.788044 -0.218083 0.575696
vn 0.370567 -0.164260 0.914166
vn 0.892043 -0.200316 0.405133
vn 0.892041 -0.200317 0.405136
vn 0.537343 -0.207275 0.817496
vn 0.537332 -0.207274 0.817503
vn 0.961348 -0.166810 0.219054
vn 0.961349 -0.166809 0.219049
vn 0.064027 -0.036271 0.997289
vn 0.064027 -0.036271 0.997289
vn 0.687797 -0.227217 0.689426
vn 0.719089 -0.237558 0.653052
vn 0.687788 -0.227217 0.689434
vn 0.238304 -0.119952 0.963754
vn 0.238306 -0.119953 0.963754
vn 0.814322 -0.225355 0.534879
vn 0.814322 -0.225355 0.534878
vn 0.450718 -0.199791 0.870021
vn 0.411137 -0.182243 0.893171
vn 0.411130 -0.182242 0.893174
vn 0.910355 -0.204428 0.359809
vn 0.910362 -0.204426 0.359794
vn 0.574107 -0.221460 0.788261
vn 0.574117 -0.221461 0.788254
vn 0.970783 -0.168446 0.170900
vn 0.970782 -0.168447 0.170903
vn 0.106543 -0.060356 0.992475
vn 0.106542 -0.060356 0.992475
vn 0.719079 -0.237549 0.653067
vn 0.748643 -0.247315 0.615117
vn 0.280262 -0.141071 0.949501
vn 0.280262 -0.141071 0.949501
vn 0.838626 -0.232080 0.492793
vn 0.838623 -0.232080 0.492798
vn 0.450717 -0.199790 0.870022
vn 0.489204 -0.216850 0.844781
vn 0.926485 -0.208048 0.313593
vn 0.926488 -0.208047 0.313588
vn 0.609512 -0.235114 0.757111
vn 0.609506 -0.235114 0.757116
vn 0.977871 -0.169678 0.122387
vn 0.977872 -0.169676 0.122379
vn 0.148797 -0.084293 0.985269
vn 0.148797 -0.084293 0.985269
vn 0.748650 -0.247322 0.615105
vn 0.321552 -0.161856 0.932956
vn 0.321554 -0.161856 0.932955
vn 0.860924 -0.238251 0.449496
vn 0.860925 -0.238250 0.449495
vn 0.489206 -0.216852 0.844780
vn 0.940377 -0.211170 0.266643
vn 0.940380 -0.211168 0.266633
vn 0.020738 -0.013132 0.999699
vn 0.020738 -0.013132 0.999699
vn 0.643433 -0.248201 0.724148
vn 0.643437 -0.248201 0.724145
vn 0.975408 -0.219037 0.024547
vn 0.982610 -0.170500 0.073536
vn 0.982609 -0.170501 0.073541
vn 0.984981 -0.170913 0.024527
vn 0.984981 -0.170908 0.024547
vn 0.190689 -0.108025 0.975689
vn 0.190688 -0.108024 0.975689
vn 0.776392 -0.256486 0.575700
vn 0.776398 -0.256486 0.575692
vn 0.802284 -0.265037 0.534879
vn 0.362065 -0.182248 0.914163
vn 0.362060 -0.182248 0.914166
vn 0.881138 -0.243845 0.405136
vn 0.881139 -0.243845 0.405135
vn 0.526518 -0.233391 0.817501
vn 0.526525 -0.233392 0.817496
vn 0.952007 -0.213782 0.219042
vn 0.952005 -0.213783 0.219049
vn 0.062169 -0.039369 0.997289
vn 0.062171 -0.039369 0.997289
vn 0.103453 -0.065511 0.992475
vn 0.675813 -0.260690 0.689433
vn 0.675820 -0.260690 0.689426
vn 0.232127 -0.131499 0.963756
vn 0.232132 -0.131500 0.963755
vn 0.273002 -0.154653 0.949501
vn 0.802281 -0.265035 0.534885
vn 0.401689 -0.202196 0.893176
vn 0.401699 -0.202197 0.893171
vn 0.899232 -0.248852 0.359798
vn 0.899227 -0.248854 0.359809
vn 0.562554 -0.249362 0.788259
vn 0.562550 -0.249362 0.788261
vn 0.968368 -0.217454 0.122379
vn 0.961344 -0.215880 0.170919
vn 0.961348 -0.215877 0.170903
vn 0.103454 -0.065512 0.992474
vn 0.706555 -0.272551 0.653067
vn 0.706569 -0.272551 0.653052
vn 0.313224 -0.177440 0.932955
vn 0.273005 -0.154656 0.949500
vn 0.826234 -0.272947 0.492786
vn 0.826226 -0.272948 0.492798
vn 0.440371 -0.221665 0.870022
vn 0.440376 -0.221665 0.870019
vn 0.915163 -0.253258 0.313588
vn 0.915155 -0.253261 0.313608
vn 0.597242 -0.264738 0.757111
vn 0.597236 -0.264737 0.757115
vn 0.968369 -0.217457 0.122368
vn 0.144482 -0.091492 0.985269
vn 0.144481 -0.091492 0.985269
vn 0.735614 -0.283755 0.615105
vn 0.762873 -0.294270 0.575700
vn 0.735600 -0.283755 0.615122
vn 0.313225 -0.177441 0.932955
vn 0.848197 -0.280207 0.449495
vn 0.848197 -0.280207 0.449495
vn 0.477977 -0.240592 0.844780
vn 0.477973 -0.240592 0.844783
vn 0.928884 -0.257055 0.266640
vn 0.928886 -0.257054 0.266633
vn 0.020069 -0.014134 0.999699
vn 0.020069 -0.014134 0.999699
vn 0.060163 -0.042371 0.997289
vn 0.630479 -0.279474 0.724148
vn 0.630488 -0.279475 0.724140
vn 0.662207 -0.293538 0.689433
vn 0.973060 -0.218510 0.073540
vn 0.973060 -0.218509 0.073536
vn 0.975408 -0.219037 0.024543
vn 0.185158 -0.117250 0.975689
vn 0.185158 -0.117250 0.975689
vn 0.762881 -0.294278 0.575685
vn 0.352686 -0.199794 0.914163
vn 0.352685 -0.199794 0.914164
vn 0.868113 -0.286785 0.405135
vn 0.868112 -0.286786 0.405137
vn 0.885939 -0.292674 0.359798
vn 0.514436 -0.258944 0.817498
vn 0.514432 -0.258943 0.817501
vn 0.940374 -0.260233 0.219032
vn 0.940372 -0.260235 0.219041
vn 0.060163 -0.042372 0.997289
vn 0.662208 -0.293539 0.689431
vn 0.225395 -0.142731 0.963756
vn 0.225400 -0.142732 0.963754
vn 0.788309 -0.304086 0.534884
vn 0.788308 -0.304086 0.534885
vn 0.428968 -0.243008 0.870019
vn 0.391285 -0.221661 0.893176
vn 0.391287 -0.221662 0.893174
vn 0.885937 -0.292673 0.359802
vn 0.549639 -0.276665 0.788260
vn 0.549640 -0.276665 0.788259
vn 0.949595 -0.262787 0.170918
vn 0.949594 -0.262787 0.170919
vn 0.100114 -0.070509 0.992475
vn 0.100115 -0.070509 0.992474
vn 0.692335 -0.306894 0.653060
vn 0.720792 -0.319505 0.615122
vn 0.692343 -0.306894 0.653052
vn 0.304142 -0.192595 0.932955
vn 0.265082 -0.167862 0.949502
vn 0.265088 -0.167864 0.949500
vn 0.833426 -0.321490 0.449495
vn 0.811843 -0.313165 0.492787
vn 0.811844 -0.313165 0.492786
vn 0.428964 -0.243004 0.870022
vn 0.901627 -0.297856 0.313609
vn 0.901627 -0.297856 0.313608
vn 0.583530 -0.293724 0.757112
vn 0.583527 -0.293724 0.757115
vn 0.956534 -0.264706 0.122368
vn 0.956532 -0.264707 0.122375
vn 0.139818 -0.098471 0.985269
vn 0.139819 -0.098471 0.985269
vn 0.720796 -0.319509 0.615116
vn 0.304141 -0.192594 0.932955
vn 0.833419 -0.321482 0.449514
vn 0.501109 -0.283876 0.817498
vn 0.465591 -0.263755 0.844783
vn 0.465598 -0.263757 0.844779
vn 0.915151 -0.302327 0.266640
vn 0.915156 -0.302325 0.266626
vn 0.019351 -0.015102 0.999699
vn 0.019351 -0.015102 0.999699
vn 0.616016 -0.310073 0.724140
vn 0.616005 -0.310072 0.724150
vn 0.963486 -0.266631 0.024550
vn 0.961168 -0.265989 0.073530
vn 0.961166 -0.265991 0.073540
vn 0.963486 -0.266633 0.024543
vn 0.179181 -0.126195 0.975689
vn 0.179184 -0.126195 0.975688
vn 0.747518 -0.331354 0.575692
vn 0.772439 -0.342399 0.534884
vn 0.747523 -0.331354 0.575685
vn 0.342462 -0.216860 0.914162
vn 0.342457 -0.216858 0.914164
vn 0.852999 -0.329035 0.405128
vn 0.852995 -0.329036 0.405137
vn 0.501102 -0.283868 0.817506
vn 0.926472 -0.306063 0.219032
vn 0.926468 -0.306066 0.219046
vn 0.058012 -0.045273 0.997289
vn 0.058012 -0.045273 0.997289
vn 0.096534 -0.075336 0.992474
vn 0.647008 -0.325677 0.689431
vn 0.647017 -0.325678 0.689423
vn 0.218123 -0.153621 0.963755
vn 0.218124 -0.153621 0.963754
vn 0.772436 -0.342395 0.534891
vn 0.379942 -0.240596 0.893173
vn 0.379939 -0.240595 0.893174
vn 0.870511 -0.335792 0.359796
vn 0.870509 -0.335793 0.359802
vn 0.535409 -0.303302 0.788254
vn 0.535402 -0.303301 0.788259
vn 0.935557 -0.309065 0.170918
vn 0.935557 -0.309065 0.170918
vn 0.096534 -0.075336 0.992475
vn 0.676445 -0.340492 0.653060
vn 0.676441 -0.340492 0.653064
vn 0.256527 -0.180667 0.949502
vn 0.256526 -0.180667 0.949502
vn 0.816640 -0.361989 0.449514
vn 0.795501 -0.352619 0.492786
vn 0.795501 -0.352619 0.492787
vn 0.452094 -0.286285 0.844779
vn 0.416519 -0.263759 0.870025
vn 0.416523 -0.263760 0.870023
vn 0.885929 -0.341741 0.313597
vn 0.885924 -0.341743 0.313609
vn 0.568415 -0.322004 0.757112
vn 0.568417 -0.322004 0.757110
vn 0.942392 -0.311323 0.122375
vn 0.942392 -0.311323 0.122372
vn 0.172776 -0.134835 0.975688
vn 0.134818 -0.105213 0.985269
vn 0.134817 -0.105212 0.985269
vn 0.704251 -0.354489 0.615117
vn 0.704252 -0.354489 0.615116
vn 0.294322 -0.207286 0.932956
vn 0.294324 -0.207287 0.932955
vn 0.816648 -0.361999 0.449492
vn 0.452091 -0.286282 0.844781
vn 0.899211 -0.346868 0.266651
vn 0.899219 -0.346865 0.266626
vn 0.910336 -0.351152 0.219045
vn 0.018587 -0.016033 0.999699
vn 0.018587 -0.016033 0.999699
vn 0.055720 -0.048065 0.997289
vn 0.600053 -0.339926 0.724146
vn 0.600048 -0.339925 0.724150
vn 0.949243 -0.313583 0.024550
vn 0.949242 -0.313591 0.024517
vn 0.946959 -0.312829 0.073530
vn 0.946957 -0.312831 0.073544
vn 0.172777 -0.134837 0.975688
vn 0.730361 -0.367630 0.575692
vn 0.730360 -0.367630 0.575693
vn 0.331408 -0.233402 0.914162
vn 0.331403 -0.233401 0.914164
vn 0.835826 -0.370496 0.405128
vn 0.852986 -0.378103 0.359796
vn 0.835818 -0.370497 0.405143
vn 0.519880 -0.329212 0.788254
vn 0.486576 -0.308119 0.817500
vn 0.486568 -0.308117 0.817506
vn 0.910336 -0.351154 0.219040
vn 0.055720 -0.048065 0.997289
vn 0.630246 -0.357033 0.689432
vn 0.630256 -0.357034 0.689423
vn 0.658920 -0.373272 0.653064
vn 0.210321 -0.164136 0.963755
vn 0.247354 -0.193036 0.949502
vn 0.210324 -0.164137 0.963755
vn 0.754702 -0.379889 0.534891
vn 0.754716 -0.379890 0.534872
vn 0.367680 -0.258947 0.893173
vn 0.367680 -0.258947 0.893173
vn 0.852984 -0.378099 0.359805
vn 0.519880 -0.329212 0.788254
vn 0.919266 -0.354599 0.170911
vn 0.919264 -0.354600 0.170918
vn 0.092721 -0.079982 0.992475
vn 0.092721 -0.079982 0.992475
vn 0.686007 -0.388619 0.615117
vn 0.658923 -0.373276 0.653059
vn 0.247356 -0.193039 0.949500
vn 0.777231 -0.391229 0.492800
vn 0.777240 -0.391229 0.492786
vn 0.797904 -0.401630 0.449492
vn 0.403076 -0.283879 0.870025
vn 0.403083 -0.283881 0.870020
vn 0.868094 -0.384797 0.313597
vn 0.868094 -0.384797 0.313597
vn 0.551929 -0.349507 0.757113
vn 0.551932 -0.349508 0.757110
vn 0.930465 -0.358923 0.073544
vn 0.925982 -0.357191 0.122363
vn 0.925980 -0.357193 0.122372
vn 0.129491 -0.111700 0.985269
vn 0.165953 -0.143152 0.975688
vn 0.129492 -0.111701 0.985269
vn 0.686007 -0.388619 0.615117
vn 0.283798 -0.221477 0.932956
vn 0.319552 -0.249379 0.914164
vn 0.283795 -0.221476 0.932957
vn 0.797900 -0.401625 0.449502
vn 0.437499 -0.308122 0.844782
vn 0.437497 -0.308121 0.844783
vn 0.881115 -0.390569 0.266629
vn 0.881108 -0.390572 0.266651
vn 0.017777 -0.016925 0.999699
vn 0.017778 -0.016926 0.999699
vn 0.611970 -0.387526 0.689432
vn 0.582648 -0.368959 0.724148
vn 0.582651 -0.368959 0.724146
vn 0.932713 -0.359783 0.024537
vn 0.932712 -0.359787 0.024517
vn 0.930465 -0.358921 0.073553
vn 0.165952 -0.143152 0.975688
vn 0.711437 -0.403025 0.575698
vn 0.711441 -0.403025 0.575693
vn 0.319553 -0.249381 0.914164
vn 0.833403 -0.419499 0.359805
vn 0.816634 -0.411058 0.405143
vn 0.816639 -0.411058 0.405133
vn 0.470871 -0.331625 0.817499
vn 0.470870 -0.331625 0.817500
vn 0.892006 -0.395403 0.219046
vn 0.892008 -0.395402 0.219040
vn 0.900758 -0.399280 0.170911
vn 0.053296 -0.050742 0.997289
vn 0.053295 -0.050741 0.997289
vn 0.639813 -0.405159 0.653058
vn 0.611972 -0.387529 0.689428
vn 0.202013 -0.174259 0.963755
vn 0.202015 -0.174259 0.963755
vn 0.237586 -0.204944 0.949500
vn 0.735164 -0.416464 0.534876
vn 0.735166 -0.416464 0.534872
vn 0.354534 -0.276680 0.893171
vn 0.354529 -0.276679 0.893173
vn 0.388667 -0.303320 0.870020
vn 0.833406 -0.419504 0.359794
vn 0.503100 -0.354324 0.788254
vn 0.503101 -0.354324 0.788254
vn 0.900758 -0.399279 0.170915
vn 0.088685 -0.084434 0.992475
vn 0.088683 -0.084434 0.992475
vn 0.639808 -0.405152 0.653068
vn 0.666114 -0.421810 0.615117
vn 0.237583 -0.204940 0.949502
vn 0.757100 -0.428891 0.492800
vn 0.757104 -0.428892 0.492794
vn 0.421851 -0.329217 0.844783
vn 0.388666 -0.303319 0.870021
vn 0.848166 -0.426933 0.313597
vn 0.848166 -0.426933 0.313597
vn 0.860888 -0.433337 0.266629
vn 0.534112 -0.376164 0.757116
vn 0.534116 -0.376166 0.757113
vn 0.907339 -0.402196 0.122372
vn 0.907340 -0.402195 0.122363
vn 0.123858 -0.117922 0.985268
vn 0.123854 -0.117920 0.985269
vn 0.666116 -0.421813 0.615112
vn 0.306930 -0.264761 0.914164
vn 0.272590 -0.235137 0.932955
vn 0.272586 -0.235135 0.932957
vn 0.777233 -0.440297 0.449496
vn 0.777230 -0.440297 0.449503
vn 0.421848 -0.329212 0.844786
vn 0.871533 -0.438690 0.219046
vn 0.860885 -0.433330 0.266649
vn 0.016926 -0.017777 0.999699
vn 0.016925 -0.017777 0.999699
vn 0.563846 -0.397104 0.724146
vn 0.563843 -0.397103 0.724148
vn 0.913934 -0.405122 0.024523
vn 0.911734 -0.404144 0.073553
vn 0.913935 -0.405119 0.024537
vn 0.911735 -0.404143 0.073547
vn 0.158729 -0.151122 0.975688
vn 0.158726 -0.151121 0.975689
vn 0.690803 -0.437449 0.575699
vn 0.690811 -0.437451 0.575689
vn 0.306930 -0.264759 0.914164
vn 0.795484 -0.450636 0.405133
vn 0.795481 -0.450636 0.405138
vn 0.454033 -0.354329 0.817499
vn 0.454033 -0.354330 0.817499
vn 0.871534 -0.438694 0.219033
vn 0.050741 -0.053295 0.997289
vn 0.050742 -0.053296 0.997289
vn 0.084434 -0.088683 0.992475
vn 0.592222 -0.417087 0.689428
vn 0.592217 -0.417086 0.689433
vn 0.193222 -0.183962 0.963755
vn 0.193221 -0.183962 0.963755
vn 0.713840 -0.452037 0.534878
vn 0.735145 -0.465528 0.492794
vn 0.713842 -0.452038 0.534876
vn 0.340530 -0.293744 0.893171
vn 0.340531 -0.293744 0.893170
vn 0.373315 -0.322024 0.870021
vn 0.811818 -0.459891 0.359794
vn 0.811820 -0.459890 0.359791
vn 0.485111 -0.378583 0.788253
vn 0.485109 -0.378582 0.788254
vn 0.880081 -0.442996 0.170914
vn 0.880081 -0.442996 0.170915
vn 0.084435 -0.088685 0.992475
vn 0.619170 -0.436066 0.653051
vn 0.619154 -0.436062 0.653068
vn 0.227240 -0.216352 0.949502
vn 0.227242 -0.216353 0.949501
vn 0.735145 -0.465527 0.492795
vn 0.373312 -0.322020 0.870024
vn 0.826195 -0.468035 0.313600
vn 0.826197 -0.468035 0.313596
vn 0.543680 -0.424294 0.724145
vn 0.515015 -0.401921 0.757112
vn 0.515011 -0.401920 0.757116
vn 0.886511 -0.446232 0.122374
vn 0.886511 -0.446232 0.122372
vn 0.890805 -0.448394 0.073547
vn 0.117922 -0.123857 0.985268
vn 0.117920 -0.123856 0.985269
vn 0.644606 -0.453988 0.615124
vn 0.644616 -0.453990 0.615112
vn 0.260724 -0.248229 0.932955
vn 0.260720 -0.248227 0.932957
vn 0.772411 -0.489126 0.405138
vn 0.754691 -0.477906 0.449496
vn 0.754692 -0.477906 0.449495
vn 0.405193 -0.349520 0.844781
vn 0.405185 -0.349517 0.844786
vn 0.838587 -0.475054 0.266637
vn 0.838583 -0.475055 0.266649
vn 0.016033 -0.018587 0.999699
vn 0.048065 -0.055721 0.997289
vn 0.016033 -0.018587 0.999699
vn 0.543680 -0.424293 0.724146
vn 0.571037 -0.445643 0.689434
vn 0.892955 -0.449477 0.024527
vn 0.892955 -0.449478 0.024523
vn 0.890805 -0.448396 0.073538
vn 0.151122 -0.158728 0.975688
vn 0.151120 -0.158727 0.975689
vn 0.690802 -0.486516 0.534878
vn 0.668514 -0.470820 0.575689
vn 0.668512 -0.470819 0.575692
vn 0.293569 -0.279501 0.914164
vn 0.293570 -0.279501 0.914164
vn 0.772410 -0.489125 0.405142
vn 0.465948 -0.401932 0.788253
vn 0.436099 -0.376183 0.817499
vn 0.436099 -0.376183 0.817499
vn 0.848959 -0.480929 0.219034
vn 0.848955 -0.480930 0.219047
vn 0.048064 -0.055720 0.997289
vn 0.597026 -0.465923 0.653051
vn 0.571036 -0.445640 0.689437
vn 0.183961 -0.193221 0.963755
vn 0.216353 -0.227242 0.949501
vn 0.183962 -0.193222 0.963755
vn 0.690799 -0.486512 0.534886
vn 0.325707 -0.310098 0.893171
vn 0.325707 -0.310098 0.893171
vn 0.788269 -0.499168 0.359809
vn 0.788278 -0.499167 0.359790
vn 0.465943 -0.401923 0.788261
vn 0.857285 -0.485646 0.170909
vn 0.857284 -0.485647 0.170914
vn 0.079982 -0.092721 0.992474
vn 0.079982 -0.092721 0.992475
vn 0.597026 -0.465923 0.653052
vn 0.216352 -0.227240 0.949502
vn 0.248227 -0.260720 0.932957
vn 0.711418 -0.501037 0.492794
vn 0.711425 -0.501037 0.492784
vn 0.357061 -0.339951 0.870023
vn 0.357064 -0.339953 0.870022
vn 0.802240 -0.508008 0.313590
vn 0.802236 -0.508009 0.313600
vn 0.494677 -0.426709 0.757109
vn 0.494673 -0.426708 0.757112
vn 0.863547 -0.489194 0.122375
vn 0.863547 -0.489194 0.122374
vn 0.111701 -0.129492 0.985269
vn 0.111701 -0.129493 0.985269
vn 0.143152 -0.165952 0.975688
vn 0.644603 -0.503056 0.575692
vn 0.621555 -0.485069 0.615124
vn 0.621561 -0.485070 0.615117
vn 0.248229 -0.260724 0.932955
vn 0.730334 -0.514359 0.449497
vn 0.730335 -0.514359 0.449495
vn 0.387551 -0.368980 0.844783
vn 0.387554 -0.368982 0.844781
vn 0.814267 -0.515628 0.266639
vn 0.824337 -0.522003 0.219047
vn 0.814268 -0.515628 0.266637
vn 0.015102 -0.019351 0.999699
vn 0.015102 -0.019351 0.999699
vn 0.548482 -0.473122 0.689437
vn 0.522203 -0.450455 0.724150
vn 0.522207 -0.450457 0.724146
vn 0.869826 -0.492749 0.024525
vn 0.869826 -0.492749 0.024527
vn 0.867730 -0.491564 0.073548
vn 0.867732 -0.491562 0.073538
vn 0.143151 -0.165950 0.975689
vn 0.644600 -0.503049 0.575702
vn 0.279501 -0.293570 0.914164
vn 0.279500 -0.293569 0.914164
vn 0.747483 -0.526436 0.405134
vn 0.762827 -0.537245 0.359809
vn 0.747480 -0.526436 0.405141
vn 0.417117 -0.397128 0.817498
vn 0.417116 -0.397127 0.817499
vn 0.832423 -0.527127 0.170909
vn 0.824337 -0.522007 0.219036
vn 0.045272 -0.058011 0.997289
vn 0.045273 -0.058011 0.997289
vn 0.548484 -0.473125 0.689433
vn 0.174259 -0.202015 0.963755
vn 0.174263 -0.202017 0.963754
vn 0.666098 -0.519826 0.534877
vn 0.666092 -0.519825 0.534886
vn 0.339953 -0.357063 0.870022
vn 0.310097 -0.325705 0.893172
vn 0.310099 -0.325706 0.893171
vn 0.762828 -0.537245 0.359807
vn 0.445661 -0.424304 0.788259
vn 0.445659 -0.424303 0.788261
vn 0.832422 -0.527124 0.170919
vn 0.075336 -0.096534 0.992474
vn 0.075336 -0.096534 0.992474
vn 0.573444 -0.494655 0.653053
vn 0.573445 -0.494656 0.653052
vn 0.204940 -0.237583 0.949502
vn 0.204940 -0.237583 0.949502
vn 0.685981 -0.535345 0.492784
vn 0.704216 -0.549575 0.449497
vn 0.685978 -0.535344 0.492789
vn 0.339955 -0.357066 0.870020
vn 0.776340 -0.546762 0.313603
vn 0.776346 -0.546762 0.313590
vn 0.473140 -0.450468 0.757111
vn 0.473142 -0.450469 0.757109
vn 0.838504 -0.530975 0.122377
vn 0.838505 -0.530975 0.122375
vn 0.105212 -0.134817 0.985269
vn 0.105213 -0.134818 0.985269
vn 0.134834 -0.172775 0.975689
vn 0.597015 -0.514987 0.615111
vn 0.597010 -0.514986 0.615117
vn 0.235137 -0.272590 0.932955
vn 0.235137 -0.272589 0.932955
vn 0.264759 -0.306930 0.914164
vn 0.720752 -0.562479 0.405134
vn 0.704215 -0.549574 0.449499
vn 0.368977 -0.387549 0.844785
vn 0.368980 -0.387551 0.844783
vn 0.787985 -0.554962 0.266640
vn 0.787988 -0.554962 0.266631
vn 0.014134 -0.020069 0.999699
vn 0.014134 -0.020069 0.999699
vn 0.499474 -0.475539 0.724146
vn 0.499471 -0.475537 0.724150
vn 0.844601 -0.534834 0.024538
vn 0.842567 -0.533547 0.073537
vn 0.844599 -0.534837 0.024525
vn 0.842565 -0.533549 0.073548
vn 0.134835 -0.172776 0.975689
vn 0.619139 -0.534073 0.575702
vn 0.619138 -0.534073 0.575703
vn 0.264759 -0.306929 0.914165
vn 0.720751 -0.562477 0.405140
vn 0.397125 -0.417113 0.817501
vn 0.397130 -0.417115 0.817498
vn 0.424306 -0.445659 0.788259
vn 0.797731 -0.561826 0.219036
vn 0.797731 -0.561826 0.219035
vn 0.805554 -0.567336 0.170919
vn 0.042371 -0.060163 0.997289
vn 0.042372 -0.060163 0.997289
vn 0.524608 -0.499469 0.689433
vn 0.524605 -0.499467 0.689436
vn 0.164135 -0.210321 0.963756
vn 0.164140 -0.210324 0.963754
vn 0.639784 -0.551882 0.534885
vn 0.639789 -0.551884 0.534877
vn 0.658886 -0.568356 0.492789
vn 0.322025 -0.373317 0.870020
vn 0.293741 -0.340529 0.893172
vn 0.293743 -0.340530 0.893171
vn 0.748578 -0.584196 0.313603
vn 0.735548 -0.574028 0.359807
vn 0.735552 -0.574028 0.359799
vn 0.450467 -0.473141 0.757111
vn 0.424310 -0.445668 0.788252
vn 0.805554 -0.567337 0.170915
vn 0.070509 -0.100115 0.992474
vn 0.070508 -0.100114 0.992475
vn 0.548481 -0.522197 0.653053
vn 0.548479 -0.522196 0.653056
vn 0.193039 -0.247355 0.949501
vn 0.193036 -0.247353 0.949502
vn 0.658888 -0.568362 0.492779
vn 0.322022 -0.373312 0.870023
vn 0.748578 -0.584196 0.313602
vn 0.450465 -0.473136 0.757115
vn 0.811439 -0.571482 0.122376
vn 0.811439 -0.571482 0.122378
vn 0.098471 -0.139818 0.985269
vn 0.098471 -0.139818 0.985269
vn 0.571026 -0.543661 0.615111
vn 0.571026 -0.543662 0.615111
vn 0.221479 -0.283799 0.932955
vn 0.221479 -0.283799 0.932955
vn 0.249379 -0.319550 0.914165
vn 0.676398 -0.583467 0.449502
vn 0.692282 -0.597167 0.405139
vn 0.676400 -0.583467 0.449499
vn 0.349523 -0.405193 0.844779
vn 0.349516 -0.405188 0.844785
vn 0.759805 -0.592958 0.266641
vn 0.759809 -0.592958 0.266631
vn 0.013132 -0.020738 0.999699
vn 0.013132 -0.020738 0.999699
vn 0.475542 -0.499476 0.724143
vn 0.475539 -0.499475 0.724146
vn 0.817338 -0.575636 0.024534
vn 0.788110 -0.615046 0.024534
vn 0.815370 -0.574250 0.073543
vn 0.817338 -0.575635 0.024537
vn 0.815371 -0.574250 0.073537
vn 0.126194 -0.179182 0.975689
vn 0.126196 -0.179183 0.975688
vn 0.592187 -0.563808 0.575704
vn 0.592188 -0.563809 0.575703
vn 0.249380 -0.319551 0.914164
vn 0.692282 -0.597166 0.405141
vn 0.376178 -0.436098 0.817501
vn 0.376179 -0.436098 0.817501
vn 0.776748 -0.606177 0.170914
vn 0.769204 -0.600290 0.219038
vn 0.769205 -0.600290 0.219035
vn 0.039369 -0.062170 0.997289
vn 0.039369 -0.062170 0.997289
vn 0.522194 -0.548481 0.653056
vn 0.499471 -0.524611 0.689429
vn 0.499465 -0.524608 0.689436
vn 0.153621 -0.218124 0.963754
vn 0.153618 -0.218121 0.963755
vn 0.611934 -0.582611 0.534885
vn 0.611937 -0.582612 0.534880
vn 0.276679 -0.354532 0.893172
vn 0.276681 -0.354533 0.893171
vn 0.706497 -0.609431 0.359800
vn 0.719010 -0.620225 0.313602
vn 0.706501 -0.609432 0.359791
vn 0.401931 -0.465950 0.788252
vn 0.401927 -0.465948 0.788256
vn 0.776748 -0.606180 0.170904
vn 0.065511 -0.103453 0.992475
vn 0.065511 -0.103453 0.992474
vn 0.522192 -0.548476 0.653062
vn 0.180668 -0.256529 0.949501
vn 0.180666 -0.256528 0.949502
vn 0.630207 -0.600007 0.492778
vn 0.630206 -0.600007 0.492779
vn 0.303316 -0.388663 0.870023
vn 0.303316 -0.388663 0.870023
vn 0.719009 -0.620221 0.313611
vn 0.729795 -0.629525 0.266641
vn 0.426705 -0.494670 0.757116
vn 0.426705 -0.494671 0.757115
vn 0.782421 -0.610607 0.122381
vn 0.782422 -0.610606 0.122376
vn 0.786213 -0.613564 0.073543
vn 0.117250 -0.185158 0.975689
vn 0.091492 -0.144481 0.985269
vn 0.091491 -0.144481 0.985269
vn 0.543661 -0.571026 0.615111
vn 0.543662 -0.571026 0.615111
vn 0.563808 -0.592187 0.575704
vn 0.207287 -0.294324 0.932955
vn 0.207285 -0.294322 0.932957
vn 0.646955 -0.615951 0.449502
vn 0.646952 -0.615951 0.449509
vn 0.329218 -0.421854 0.844781
vn 0.329220 -0.421855 0.844779
vn 0.729795 -0.629529 0.266631
vn 0.738820 -0.637313 0.219038
vn 0.012099 -0.021357 0.999699
vn 0.012099 -0.021357 0.999699
vn 0.450458 -0.522207 0.724146
vn 0.450461 -0.522208 0.724143
vn 0.786211 -0.613568 0.073526
vn 0.788107 -0.615048 0.024549
vn 0.117251 -0.185160 0.975688
vn 0.563809 -0.592188 0.575703
vn 0.233404 -0.331406 0.914162
vn 0.233400 -0.331403 0.914164
vn 0.662148 -0.630416 0.405137
vn 0.662146 -0.630415 0.405141
vn 0.354333 -0.454034 0.817497
vn 0.354328 -0.454031 0.817501
vn 0.738819 -0.637313 0.219038
vn 0.060356 -0.106543 0.992475
vn 0.036270 -0.064026 0.997289
vn 0.036271 -0.064027 0.997289
vn 0.473128 -0.548486 0.689429
vn 0.473128 -0.548486 0.689429
vn 0.142732 -0.225399 0.963754
vn 0.142732 -0.225399 0.963755
vn 0.582611 -0.611938 0.534880
vn 0.582614 -0.611940 0.534874
vn 0.600005 -0.630209 0.492779
vn 0.258949 -0.367681 0.893172
vn 0.258950 -0.367682 0.893171
vn 0.675743 -0.643361 0.359803
vn 0.675748 -0.643362 0.359792
vn 0.378581 -0.485107 0.788256
vn 0.378580 -0.485106 0.788258
vn 0.746066 -0.643564 0.170910
vn 0.746068 -0.643564 0.170904
vn 0.751517 -0.648264 0.122381
vn 0.060356 -0.106544 0.992474
vn 0.494654 -0.573440 0.653057
vn 0.494650 -0.573439 0.653061
vn 0.167862 -0.265084 0.949501
vn 0.192593 -0.304138 0.932957
vn 0.167862 -0.265083 0.949502
vn 0.600002 -0.630199 0.492795
vn 0.283880 -0.403080 0.870023
vn 0.283878 -0.403079 0.870023
vn 0.687709 -0.654755 0.313611
vn 0.687716 -0.654756 0.313594
vn 0.401918 -0.515010 0.757118
vn 0.401920 -0.515011 0.757116
vn 0.751516 -0.648266 0.122371
vn 0.108024 -0.190691 0.975688
vn 0.084292 -0.148796 0.985269
vn 0.084292 -0.148796 0.985269
vn 0.514987 -0.597014 0.615111
vn 0.514987 -0.597014 0.615112
vn 0.192593 -0.304140 0.932956
vn 0.615956 -0.646955 0.449497
vn 0.630416 -0.662148 0.405137
vn 0.615949 -0.646953 0.449509
vn 0.308120 -0.437499 0.844782
vn 0.308122 -0.437500 0.844781
vn 0.331626 -0.470874 0.817497
vn 0.698029 -0.664578 0.266631
vn 0.698026 -0.664578 0.266639
vn 0.011036 -0.021925 0.999699
vn 0.011036 -0.021925 0.999699
vn 0.424295 -0.543683 0.724142
vn 0.424293 -0.543681 0.724146
vn 0.445645 -0.571041 0.689429
vn 0.755156 -0.651406 0.073546
vn 0.756981 -0.652976 0.024541
vn 0.756982 -0.652975 0.024549
vn 0.755160 -0.651404 0.073526
vn 0.108024 -0.190689 0.975689
vn 0.534071 -0.619138 0.575706
vn 0.534073 -0.619139 0.575703
vn 0.551887 -0.639790 0.534874
vn 0.216856 -0.342455 0.914165
vn 0.216861 -0.342460 0.914162
vn 0.240598 -0.379944 0.893171
vn 0.630415 -0.662146 0.405141
vn 0.331624 -0.470867 0.817502
vn 0.706660 -0.672795 0.219038
vn 0.706660 -0.672795 0.219038
vn 0.033086 -0.065730 0.997289
vn 0.033085 -0.065729 0.997289
vn 0.445644 -0.571040 0.689430
vn 0.131501 -0.232131 0.963755
vn 0.131500 -0.232129 0.963755
vn 0.551885 -0.639784 0.534883
vn 0.240599 -0.379946 0.893170
vn 0.263761 -0.416523 0.870022
vn 0.643361 -0.675743 0.359804
vn 0.643360 -0.675743 0.359804
vn 0.654758 -0.687714 0.313594
vn 0.354321 -0.503097 0.788258
vn 0.354324 -0.503099 0.788255
vn 0.713591 -0.679394 0.170916
vn 0.713593 -0.679393 0.170910
vn 0.055056 -0.109377 0.992474
vn 0.055055 -0.109376 0.992475
vn 0.465921 -0.597021 0.653057
vn 0.465919 -0.597020 0.653059
vn 0.154654 -0.273001 0.949501
vn 0.154654 -0.273002 0.949501
vn 0.568362 -0.658885 0.492784
vn 0.568355 -0.658882 0.492795
vn 0.263761 -0.416523 0.870022
vn 0.664578 -0.698026 0.266638
vn 0.654758 -0.687712 0.313598
vn 0.376162 -0.534112 0.757118
vn 0.376167 -0.534115 0.757113
vn 0.718804 -0.684358 0.122371
vn 0.718806 -0.684357 0.122363
vn 0.076889 -0.152753 0.985269
vn 0.076889 -0.152753 0.985269
vn 0.485073 -0.621564 0.615112
vn 0.485075 -0.621565 0.615110
vn 0.177440 -0.313225 0.932955
vn 0.177439 -0.313223 0.932956
vn 0.583468 -0.676401 0.449497
vn 0.583466 -0.676400 0.449500
vn 0.286284 -0.452091 0.844782
vn 0.286283 -0.452090 0.844782
vn 0.308119 -0.486573 0.817502
vn 0.664578 -0.698029 0.266631
vn 0.672795 -0.706660 0.219039
vn 0.009947 -0.022440 0.999699
vn 0.009947 -0.022440 0.999699
vn 0.029821 -0.067274 0.997289
vn 0.417088 -0.592219 0.689430
vn 0.397101 -0.563843 0.724149
vn 0.397107 -0.563847 0.724143
vn 0.724028 -0.689334 0.024532
vn 0.724029 -0.689333 0.024540
vn 0.722286 -0.687673 0.073546
vn 0.722286 -0.687673 0.073547
vn 0.098538 -0.195761 0.975688
vn 0.098537 -0.195760 0.975689
vn 0.503048 -0.644597 0.575706
vn 0.503049 -0.644597 0.575705
vn 0.221665 -0.391294 0.893170
vn 0.199793 -0.352685 0.914164
vn 0.199792 -0.352684 0.914165
vn 0.597166 -0.692280 0.405144
vn 0.597167 -0.692281 0.405141
vn 0.308119 -0.486573 0.817502
vn 0.672795 -0.706658 0.219045
vn 0.029821 -0.067274 0.997289
vn 0.417088 -0.592216 0.689433
vn 0.119951 -0.238302 0.963755
vn 0.119950 -0.238301 0.963755
vn 0.519828 -0.666098 0.534876
vn 0.519824 -0.666096 0.534883
vn 0.221665 -0.391293 0.893171
vn 0.243004 -0.428963 0.870023
vn 0.609432 -0.706499 0.359794
vn 0.609428 -0.706498 0.359804
vn 0.329211 -0.519880 0.788254
vn 0.349505 -0.551930 0.757113
vn 0.329210 -0.519880 0.788255
vn 0.679393 -0.713592 0.170916
vn 0.679397 -0.713591 0.170903
vn 0.049622 -0.111946 0.992474
vn 0.049622 -0.111946 0.992475
vn 0.436064 -0.619163 0.653059
vn 0.453991 -0.644617 0.615110
vn 0.436067 -0.619165 0.653055
vn 0.141072 -0.280262 0.949501
vn 0.141071 -0.280261 0.949501
vn 0.535341 -0.685979 0.492791
vn 0.535345 -0.685981 0.492784
vn 0.243005 -0.428965 0.870022
vn 0.620223 -0.719013 0.313598
vn 0.620224 -0.719013 0.313596
vn 0.368958 -0.582648 0.724149
vn 0.349505 -0.551929 0.757114
vn 0.684361 -0.718803 0.122363
vn 0.684355 -0.718804 0.122386
vn 0.069301 -0.156342 0.985269
vn 0.069301 -0.156342 0.985269
vn 0.453991 -0.644616 0.615112
vn 0.161856 -0.321554 0.932955
vn 0.161857 -0.321555 0.932955
vn 0.549573 -0.704213 0.449503
vn 0.549575 -0.704214 0.449500
vn 0.263754 -0.465592 0.844783
vn 0.263755 -0.465594 0.844781
vn 0.629525 -0.729798 0.266633
vn 0.629526 -0.729798 0.266631
vn 0.008834 -0.022901 0.999699
vn 0.008834 -0.022901 0.999699
vn 0.368959 -0.582654 0.724143
vn 0.689333 -0.724029 0.024533
vn 0.652978 -0.756980 0.024533
vn 0.687676 -0.722284 0.073532
vn 0.689333 -0.724029 0.024533
vn 0.687673 -0.722286 0.073546
vn 0.088813 -0.200359 0.975689
vn 0.088814 -0.200360 0.975688
vn 0.108114 -0.243900 0.963755
vn 0.470812 -0.668505 0.575706
vn 0.470819 -0.668510 0.575695
vn 0.182247 -0.362064 0.914164
vn 0.182247 -0.362064 0.914164
vn 0.562475 -0.720750 0.405143
vn 0.574028 -0.735554 0.359794
vn 0.562482 -0.720753 0.405129
vn 0.283873 -0.501106 0.817501
vn 0.283873 -0.501106 0.817502
vn 0.637310 -0.738821 0.219045
vn 0.637310 -0.738821 0.219045
vn 0.643562 -0.746069 0.170904
vn 0.026484 -0.068656 0.997289
vn 0.026484 -0.068656 0.997289
vn 0.387522 -0.611969 0.689435
vn 0.405158 -0.639817 0.653055
vn 0.387524 -0.611970 0.689433
vn 0.108114 -0.243903 0.963755
vn 0.486517 -0.690803 0.534876
vn 0.501037 -0.711420 0.492791
vn 0.486514 -0.690802 0.534880
vn 0.202199 -0.401698 0.893171
vn 0.202195 -0.401694 0.893173
vn 0.574028 -0.735549 0.359806
vn 0.303304 -0.535408 0.788254
vn 0.303304 -0.535408 0.788254
vn 0.643563 -0.746067 0.170912
vn 0.044070 -0.114247 0.992474
vn 0.044070 -0.114246 0.992474
vn 0.405158 -0.639814 0.653058
vn 0.127149 -0.286844 0.949502
vn 0.127149 -0.286845 0.949502
vn 0.501037 -0.711419 0.492792
vn 0.221666 -0.440373 0.870021
vn 0.221665 -0.440371 0.870022
vn 0.592961 -0.759806 0.266633
vn 0.584199 -0.748578 0.313596
vn 0.584196 -0.748578 0.313603
vn 0.322001 -0.568411 0.757116
vn 0.322003 -0.568413 0.757114
vn 0.648261 -0.751518 0.122385
vn 0.651403 -0.755160 0.073533
vn 0.648264 -0.751517 0.122373
vn 0.061547 -0.159554 0.985269
vn 0.061546 -0.159553 0.985269
vn 0.421813 -0.666116 0.615112
vn 0.421813 -0.666116 0.615112
vn 0.164262 -0.370570 0.914164
vn 0.145884 -0.329109 0.932955
vn 0.145884 -0.329109 0.932955
vn 0.514356 -0.730330 0.449507
vn 0.514358 -0.730331 0.449503
vn 0.240591 -0.477973 0.844783
vn 0.240594 -0.477976 0.844780
vn 0.592961 -0.759806 0.266631
vn 0.007700 -0.023307 0.999699
vn 0.007700 -0.023307 0.999699
vn 0.339926 -0.600053 0.724146
vn 0.357031 -0.630245 0.689435
vn 0.339928 -0.600055 0.724143
vn 0.651405 -0.755157 0.073548
vn 0.615045 -0.788111 0.024534
vn 0.652978 -0.756980 0.024534
vn 0.078875 -0.204476 0.975689
vn 0.078876 -0.204476 0.975688
vn 0.437448 -0.690807 0.575695
vn 0.437448 -0.690807 0.575695
vn 0.164262 -0.370568 0.914165
vn 0.526437 -0.747483 0.405134
vn 0.526439 -0.747484 0.405130
vn 0.537246 -0.762828 0.359805
vn 0.258943 -0.514432 0.817501
vn 0.258942 -0.514430 0.817503
vn 0.600293 -0.769202 0.219037
vn 0.600290 -0.769202 0.219044
vn 0.606179 -0.776747 0.170912
vn 0.023083 -0.069872 0.997289
vn 0.023083 -0.069873 0.997289
vn 0.357032 -0.630250 0.689430
vn 0.096016 -0.248912 0.963755
vn 0.112922 -0.292738 0.949502
vn 0.096017 -0.248913 0.963755
vn 0.452035 -0.713840 0.534880
vn 0.452032 -0.713837 0.534886
vn 0.182241 -0.411132 0.893173
vn 0.182245 -0.411136 0.893171
vn 0.199789 -0.450720 0.870021
vn 0.537246 -0.762832 0.359797
vn 0.276669 -0.549644 0.788254
vn 0.293724 -0.583526 0.757116
vn 0.276667 -0.549642 0.788257
vn 0.610607 -0.782421 0.122373
vn 0.606179 -0.776747 0.170913
vn 0.038411 -0.116272 0.992474
vn 0.038411 -0.116271 0.992474
vn 0.373277 -0.658922 0.653059
vn 0.373273 -0.658919 0.653065
vn 0.112922 -0.292739 0.949501
vn 0.465529 -0.735148 0.492787
vn 0.465526 -0.735147 0.492792
vn 0.199789 -0.450717 0.870022
vn 0.546761 -0.776341 0.313603
vn 0.546761 -0.776341 0.313603
vn 0.293724 -0.583529 0.757113
vn 0.610608 -0.782419 0.122382
vn 0.053644 -0.162383 0.985269
vn 0.053643 -0.162381 0.985269
vn 0.388623 -0.686013 0.615108
vn 0.388621 -0.686011 0.615112
vn 0.129559 -0.335870 0.932956
vn 0.129560 -0.335870 0.932955
vn 0.477901 -0.754688 0.449508
vn 0.477901 -0.754688 0.449507
vn 0.216852 -0.489206 0.844780
vn 0.233390 -0.526516 0.817502
vn 0.216847 -0.489200 0.844784
vn 0.554962 -0.787988 0.266631
vn 0.561825 -0.797731 0.219038
vn 0.554963 -0.787988 0.266629
vn 0.006547 -0.023657 0.999699
vn 0.006547 -0.023657 0.999699
vn 0.310074 -0.616009 0.724146
vn 0.325678 -0.647008 0.689430
vn 0.310072 -0.616006 0.724149
vn 0.613565 -0.786212 0.073548
vn 0.615046 -0.788110 0.024528
vn 0.613567 -0.786211 0.073537
vn 0.068747 -0.208100 0.975689
vn 0.083687 -0.253324 0.963755
vn 0.068747 -0.208101 0.975688
vn 0.403025 -0.711438 0.575697
vn 0.403026 -0.711439 0.575695
vn 0.145881 -0.378182 0.914165
vn 0.161851 -0.419583 0.893171
vn 0.145882 -0.378183 0.914164
vn 0.489125 -0.772413 0.405134
vn 0.489126 -0.772414 0.405133
vn 0.233391 -0.526521 0.817499
vn 0.561825 -0.797728 0.219047
vn 0.019626 -0.070921 0.997289
vn 0.019627 -0.070921 0.997289
vn 0.325679 -0.647012 0.689426
vn 0.083687 -0.253324 0.963755
vn 0.416466 -0.735163 0.534875
vn 0.416460 -0.735159 0.534886
vn 0.428894 -0.757107 0.492787
vn 0.161851 -0.419580 0.893173
vn 0.499169 -0.788274 0.359798
vn 0.499169 -0.788274 0.359797
vn 0.249364 -0.562557 0.788256
vn 0.249363 -0.562555 0.788257
vn 0.571480 -0.811439 0.122382
vn 0.567336 -0.805555 0.170912
vn 0.567338 -0.805555 0.170907
vn 0.032659 -0.118015 0.992475
vn 0.032659 -0.118015 0.992475
vn 0.340495 -0.676446 0.653057
vn 0.340490 -0.676442 0.653064
vn 0.098422 -0.297927 0.949501
vn 0.098422 -0.297928 0.949501
vn 0.428894 -0.757108 0.492786
vn 0.177435 -0.459979 0.870021
vn 0.177433 -0.459977 0.870022
vn 0.508011 -0.802237 0.313592
vn 0.508007 -0.802236 0.313603
vn 0.279472 -0.630479 0.724149
vn 0.264737 -0.597239 0.757113
vn 0.264737 -0.597239 0.757113
vn 0.574248 -0.815372 0.073537
vn 0.571479 -0.811441 0.122375
vn 0.045611 -0.164819 0.985269
vn 0.045611 -0.164819 0.985269
vn 0.354493 -0.704256 0.615108
vn 0.354488 -0.704252 0.615116
vn 0.112923 -0.341822 0.932956
vn 0.112923 -0.341822 0.932956
vn 0.440293 -0.777229 0.449508
vn 0.440291 -0.777227 0.449513
vn 0.192581 -0.499252 0.844784
vn 0.192585 -0.499257 0.844780
vn 0.515627 -0.814269 0.266637
vn 0.515630 -0.814269 0.266629
vn 0.005378 -0.023950 0.999699
vn 0.005378 -0.023950 0.999699
vn 0.279472 -0.630480 0.724148
vn 0.575637 -0.817338 0.024535
vn 0.575635 -0.817339 0.024528
vn 0.574249 -0.815370 0.073546
vn 0.058453 -0.211222 0.975689
vn 0.058453 -0.211222 0.975689
vn 0.367631 -0.730357 0.575696
vn 0.367631 -0.730358 0.575695
vn 0.127149 -0.384886 0.914164
vn 0.127150 -0.384889 0.914163
vn 0.450637 -0.795483 0.405134
vn 0.459890 -0.811817 0.359798
vn 0.450633 -0.795481 0.405142
vn 0.207270 -0.537332 0.817505
vn 0.207275 -0.537338 0.817499
vn 0.221462 -0.574115 0.788256
vn 0.522004 -0.824336 0.219047
vn 0.522004 -0.824336 0.219047
vn 0.016123 -0.071799 0.997289
vn 0.016123 -0.071799 0.997289
vn 0.293540 -0.662212 0.689427
vn 0.293536 -0.662208 0.689433
vn 0.071156 -0.257125 0.963755
vn 0.071156 -0.257125 0.963755
vn 0.379888 -0.754708 0.534885
vn 0.379893 -0.754712 0.534875
vn 0.141066 -0.427015 0.893173
vn 0.141067 -0.427016 0.893173
vn 0.459889 -0.811823 0.359785
vn 0.221462 -0.574115 0.788256
vn 0.527126 -0.832423 0.170909
vn 0.527126 -0.832423 0.170908
vn 0.026829 -0.119476 0.992475
vn 0.037469 -0.166858 0.985269
vn 0.026829 -0.119476 0.992475
vn 0.306897 -0.692344 0.653049
vn 0.319506 -0.720797 0.615116
vn 0.306892 -0.692339 0.653057
vn 0.083685 -0.302398 0.949501
vn 0.083684 -0.302397 0.949501
vn 0.391230 -0.777235 0.492793
vn 0.391233 -0.777237 0.492786
vn 0.154648 -0.468129 0.870023
vn 0.154650 -0.468131 0.870021
vn 0.475054 -0.838587 0.266637
vn 0.468032 -0.826196 0.313601
vn 0.468035 -0.826198 0.313592
vn 0.235115 -0.609508 0.757113
vn 0.235114 -0.609507 0.757114
vn 0.530977 -0.838504 0.122369
vn 0.530975 -0.838504 0.122374
vn 0.037469 -0.166857 0.985269
vn 0.319506 -0.720792 0.615122
vn 0.096015 -0.346953 0.932955
vn 0.096014 -0.346951 0.932956
vn 0.401624 -0.797895 0.449513
vn 0.401636 -0.797903 0.449488
vn 0.411057 -0.816635 0.405141
vn 0.167855 -0.508102 0.844782
vn 0.167857 -0.508105 0.844780
vn 0.475054 -0.838585 0.266644
vn 0.004197 -0.024185 0.999699
vn 0.004196 -0.024185 0.999699
vn 0.248202 -0.643434 0.724147
vn 0.248200 -0.643433 0.724148
vn 0.534835 -0.844600 0.024525
vn 0.533549 -0.842565 0.073546
vn 0.534837 -0.844599 0.024534
vn 0.533547 -0.842566 0.073553
vn 0.048019 -0.213836 0.975689
vn 0.058454 -0.260307 0.963755
vn 0.048018 -0.213835 0.975689
vn 0.342397 -0.772439 0.534885
vn 0.331355 -0.747523 0.575685
vn 0.331350 -0.747518 0.575695
vn 0.108110 -0.390660 0.914165
vn 0.108112 -0.390664 0.914163
vn 0.419501 -0.833410 0.359785
vn 0.411057 -0.816634 0.405143
vn 0.180659 -0.546858 0.817501
vn 0.180656 -0.546854 0.817505
vn 0.480930 -0.848957 0.219038
vn 0.480928 -0.848956 0.219047
vn 0.012581 -0.072503 0.997289
vn 0.020935 -0.120648 0.992475
vn 0.012581 -0.072504 0.997289
vn 0.260694 -0.675820 0.689424
vn 0.260688 -0.675814 0.689433
vn 0.058454 -0.260308 0.963755
vn 0.342397 -0.772438 0.534887
vn 0.119945 -0.433422 0.893173
vn 0.119946 -0.433424 0.893172
vn 0.419502 -0.833403 0.359801
vn 0.193026 -0.584297 0.788250
vn 0.193021 -0.584291 0.788256
vn 0.485646 -0.857285 0.170909
vn 0.485646 -0.857285 0.170909
vn 0.489194 -0.863548 0.122370
vn 0.020935 -0.120649 0.992474
vn 0.272547 -0.706558 0.653065
vn 0.272557 -0.706569 0.653049
vn 0.068745 -0.306139 0.949501
vn 0.078874 -0.351246 0.932955
vn 0.068746 -0.306140 0.949501
vn 0.352617 -0.795498 0.492793
vn 0.352620 -0.795500 0.492787
vn 0.131494 -0.475158 0.870019
vn 0.131491 -0.475154 0.870022
vn 0.142719 -0.515727 0.844782
vn 0.433336 -0.860884 0.266645
vn 0.426932 -0.848163 0.313605
vn 0.426934 -0.848164 0.313601
vn 0.204918 -0.620304 0.757121
vn 0.216329 -0.654839 0.724146
vn 0.204923 -0.620310 0.757115
vn 0.489196 -0.863545 0.122384
vn 0.029237 -0.168495 0.985269
vn 0.029237 -0.168495 0.985269
vn 0.283760 -0.735611 0.615108
vn 0.283751 -0.735602 0.615122
vn 0.078874 -0.351243 0.932956
vn 0.362000 -0.816649 0.449488
vn 0.361988 -0.816640 0.449514
vn 0.142720 -0.515724 0.844784
vn 0.153607 -0.555065 0.817501
vn 0.433335 -0.860889 0.266629
vn 0.003005 -0.024362 0.999699
vn 0.003005 -0.024361 0.999699
vn 0.216329 -0.654840 0.724145
vn 0.491562 -0.867731 0.073553
vn 0.492749 -0.869826 0.024527
vn 0.449478 -0.892955 0.024527
vn 0.491567 -0.867730 0.073533
vn 0.492749 -0.869826 0.024525
vn 0.037469 -0.215935 0.975689
vn 0.037468 -0.215935 0.975689
vn 0.294270 -0.762871 0.575702
vn 0.294279 -0.762880 0.575685
vn 0.088812 -0.395497 0.914164
vn 0.098532 -0.438788 0.893172
vn 0.088810 -0.395494 0.914165
vn 0.370500 -0.835825 0.405124
vn 0.370492 -0.835820 0.405143
vn 0.153606 -0.555067 0.817500
vn 0.164122 -0.593065 0.788250
vn 0.438694 -0.871533 0.219038
vn 0.438692 -0.871532 0.219046
vn 0.009008 -0.073033 0.997289
vn 0.009008 -0.073033 0.997289
vn 0.227219 -0.687797 0.689424
vn 0.227215 -0.687793 0.689431
vn 0.237554 -0.719079 0.653065
vn 0.045611 -0.262861 0.963755
vn 0.045612 -0.262863 0.963755
vn 0.304086 -0.788307 0.534887
vn 0.304088 -0.788309 0.534882
vn 0.098532 -0.438788 0.893172
vn 0.378101 -0.852984 0.359804
vn 0.378102 -0.852984 0.359801
vn 0.164122 -0.593055 0.788258
vn 0.442998 -0.880081 0.170910
vn 0.446234 -0.886509 0.122384
vn 0.442997 -0.880081 0.170915
vn 0.014989 -0.121531 0.992474
vn 0.020934 -0.169726 0.985269
vn 0.014989 -0.121530 0.992475
vn 0.237553 -0.719089 0.653054
vn 0.053642 -0.309144 0.949501
vn 0.053643 -0.309147 0.949500
vn 0.313165 -0.811844 0.492786
vn 0.313165 -0.811843 0.492787
vn 0.108021 -0.481038 0.870019
vn 0.117243 -0.522105 0.844784
vn 0.108019 -0.481034 0.870022
vn 0.384799 -0.868093 0.313597
vn 0.384796 -0.868092 0.313605
vn 0.174234 -0.629612 0.757121
vn 0.174243 -0.629624 0.757108
vn 0.183935 -0.664667 0.724145
vn 0.446231 -0.886512 0.122368
vn 0.020934 -0.169727 0.985269
vn 0.247316 -0.748643 0.615117
vn 0.247321 -0.748649 0.615107
vn 0.061544 -0.354688 0.932957
vn 0.061545 -0.354690 0.932956
vn 0.329034 -0.853001 0.405124
vn 0.321491 -0.833427 0.449492
vn 0.321481 -0.833419 0.449514
vn 0.117243 -0.522108 0.844782
vn 0.126187 -0.561936 0.817499
vn 0.390572 -0.881114 0.266629
vn 0.390568 -0.881112 0.266643
vn 0.001806 -0.024480 0.999699
vn 0.000602 -0.024539 0.999699
vn 0.000602 -0.024539 0.999699
vn 0.001806 -0.024480 0.999699
vn 0.183935 -0.664661 0.724150
vn 0.449477 -0.892955 0.024533
vn 0.448395 -0.890806 0.073533
vn 0.448393 -0.890806 0.073542
vn 0.026828 -0.217513 0.975689
vn 0.026828 -0.217514 0.975689
vn 0.256483 -0.776391 0.575702
vn 0.256488 -0.776397 0.575692
vn 0.069299 -0.399375 0.914165
vn 0.069300 -0.399378 0.914164
vn 0.329036 -0.852991 0.405143
vn 0.126187 -0.561929 0.817504
vn 0.134825 -0.600393 0.788258
vn 0.395401 -0.892008 0.219044
vn 0.395401 -0.892008 0.219046
vn 0.001806 -0.073564 0.997289
vn 0.005413 -0.073388 0.997289
vn 0.005413 -0.073387 0.997289
vn 0.001806 -0.073564 0.997289
vn 0.193191 -0.698113 0.689431
vn 0.201982 -0.729879 0.653054
vn 0.193193 -0.698116 0.689428
vn 0.032657 -0.264782 0.963755
vn 0.032658 -0.264784 0.963755
vn 0.265034 -0.802283 0.534882
vn 0.265037 -0.802286 0.534877
vn 0.076886 -0.443099 0.893170
vn 0.076884 -0.443094 0.893172
vn 0.335793 -0.870509 0.359802
vn 0.335793 -0.870508 0.359803
vn 0.134824 -0.600404 0.788250
vn 0.399279 -0.900758 0.170915
vn 0.399279 -0.900758 0.170915
vn 0.009008 -0.122119 0.992474
vn 0.003005 -0.122414 0.992475
vn 0.009008 -0.122119 0.992475
vn 0.012581 -0.170549 0.985269
vn 0.003005 -0.122414 0.992475
vn 0.004197 -0.170963 0.985269
vn 0.201983 -0.729875 0.653058
vn 0.210285 -0.759876 0.615117
vn 0.038408 -0.311406 0.949501
vn 0.038408 -0.311407 0.949500
vn 0.272944 -0.826226 0.492800
vn 0.272951 -0.826233 0.492786
vn 0.280207 -0.848199 0.449492
vn 0.084287 -0.485757 0.870020
vn 0.084286 -0.485755 0.870022
vn 0.346869 -0.899212 0.266644
vn 0.341740 -0.885925 0.313609
vn 0.341744 -0.885928 0.313597
vn 0.143133 -0.637405 0.757118
vn 0.143139 -0.637415 0.757108
vn 0.151104 -0.672885 0.724150
vn 0.402197 -0.907340 0.122359
vn 0.402195 -0.907340 0.122368
vn 0.012580 -0.170550 0.985269
vn 0.004197 -0.170962 0.985269
vn 0.210285 -0.759873 0.615121
vn 0.044066 -0.357281 0.932957
vn 0.044066 -0.357281 0.932957
vn 0.280207 -0.848198 0.449492
vn 0.091483 -0.527233 0.844782
vn 0.091482 -0.527232 0.844782
vn 0.346866 -0.899220 0.266623
vn 0.351153 -0.910336 0.219043
vn 0.158707 -0.706754 0.689428
vn 0.151103 -0.672893 0.724142
vn 0.405121 -0.913934 0.024533
vn 0.359784 -0.932713 0.024533
vn 0.404142 -0.911734 0.073553
vn 0.405120 -0.913934 0.024532
vn 0.404145 -0.911734 0.073543
vn 0.016122 -0.218567 0.975689
vn 0.005378 -0.219095 0.975689
vn 0.005378 -0.219096 0.975689
vn 0.016123 -0.218567 0.975689
vn 0.218084 -0.788047 0.575692
vn 0.218082 -0.788045 0.575696
vn 0.049617 -0.402295 0.914165
vn 0.049619 -0.402299 0.914163
vn 0.286784 -0.868110 0.405142
vn 0.286785 -0.868111 0.405138
vn 0.098460 -0.567444 0.817504
vn 0.098459 -0.567444 0.817504
vn 0.351153 -0.910336 0.219042
vn 0.165927 -0.738907 0.653058
vn 0.158707 -0.706752 0.689430
vn 0.006547 -0.266710 0.963755
vn 0.019626 -0.266068 0.963754
vn 0.019626 -0.266068 0.963754
vn 0.006547 -0.266708 0.963755
vn 0.225356 -0.814323 0.534877
vn 0.232080 -0.838622 0.492800
vn 0.225355 -0.814322 0.534878
vn 0.055048 -0.446330 0.893174
vn 0.055052 -0.446338 0.893170
vn 0.297855 -0.901627 0.313609
vn 0.292672 -0.885938 0.359802
vn 0.292674 -0.885939 0.359798
vn 0.105203 -0.606296 0.788250
vn 0.105200 -0.606289 0.788255
vn 0.354597 -0.919265 0.170918
vn 0.354598 -0.919265 0.170915
vn 0.357190 -0.925983 0.122359
vn 0.165927 -0.738907 0.653058
vn 0.172747 -0.769275 0.615121
vn 0.023082 -0.312915 0.949501
vn 0.007700 -0.313670 0.949501
vn 0.007700 -0.313671 0.949500
vn 0.023082 -0.312914 0.949501
vn 0.232080 -0.838626 0.492793
vn 0.060352 -0.489311 0.870019
vn 0.060351 -0.489308 0.870020
vn 0.297854 -0.901629 0.313605
vn 0.111688 -0.643665 0.757114
vn 0.111685 -0.643660 0.757118
vn 0.357193 -0.925979 0.122375
vn 0.358923 -0.930465 0.073553
vn 0.172747 -0.769276 0.615120
vn 0.008834 -0.359883 0.932955
vn 0.026482 -0.359013 0.932957
vn 0.008835 -0.359881 0.932956
vn 0.026483 -0.359017 0.932955
vn 0.238250 -0.860924 0.449496
vn 0.238252 -0.860925 0.449492
vn 0.065504 -0.531086 0.844782
vn 0.065504 -0.531085 0.844783
vn 0.302322 -0.915152 0.266643
vn 0.302328 -0.915156 0.266623
vn 0.117902 -0.679490 0.724150
vn 0.117906 -0.679497 0.724142
vn 0.358921 -0.930466 0.073544
vn 0.359787 -0.932712 0.024517
vn 0.179151 -0.797795 0.575698
vn 0.179152 -0.797796 0.575696
vn 0.009948 -0.405219 0.914165
vn 0.029818 -0.404243 0.914165
vn 0.029820 -0.404249 0.914163
vn 0.009948 -0.405220 0.914165
vn 0.243845 -0.881138 0.405136
vn 0.243844 -0.881138 0.405138
vn 0.070500 -0.571591 0.817504
vn 0.070500 -0.571592 0.817504
vn 0.075326 -0.610720 0.788255
vn 0.306063 -0.926469 0.219042
vn 0.306066 -0.926471 0.219032
vn 0.123839 -0.713689 0.689429
vn 0.123838 -0.713688 0.689430
vn 0.185123 -0.824399 0.534878
vn 0.185127 -0.824404 0.534871
vn 0.011037 -0.449581 0.893171
vn 0.033082 -0.448493 0.893174
vn 0.011037 -0.449580 0.893172
vn 0.033084 -0.448498 0.893171
vn 0.248855 -0.899231 0.359798
vn 0.248851 -0.899228 0.359809
vn 0.075325 -0.610725 0.788252
vn 0.309065 -0.935557 0.170918
vn 0.309066 -0.935557 0.170915
vn 0.129470 -0.746158 0.653058
vn 0.129473 -0.746163 0.653052
vn 0.195718 -0.871578 0.449495
vn 0.190649 -0.849004 0.492793
vn 0.190648 -0.849002 0.492797
vn 0.036269 -0.491682 0.870019
vn 0.039366 -0.533659 0.844783
vn 0.012099 -0.492866 0.870021
vn 0.036268 -0.491679 0.870021
vn 0.012101 -0.492862 0.870023
vn 0.013134 -0.534951 0.844781
vn 0.253257 -0.915157 0.313606
vn 0.253263 -0.915161 0.313588
vn 0.257056 -0.928883 0.266643
vn 0.084421 -0.684456 0.724150
vn 0.079968 -0.648366 0.757118
vn 0.079970 -0.648370 0.757114
vn 0.311323 -0.942392 0.122375
vn 0.311323 -0.942392 0.122378
vn 0.134792 -0.776827 0.615119
vn 0.134791 -0.776826 0.615120
vn 0.200317 -0.892041 0.405136
vn 0.195720 -0.871572 0.449506
vn 0.013134 -0.534950 0.844781
vn 0.039365 -0.533661 0.844782
vn 0.257054 -0.928886 0.266633
vn 0.260233 -0.940374 0.219032
vn 0.084418 -0.684467 0.724140
vn 0.312832 -0.946958 0.073527
vn 0.313591 -0.949241 0.024553
vn 0.313583 -0.949244 0.024517
vn 0.312828 -0.946958 0.073543
vn 0.139788 -0.805625 0.575698
vn 0.139789 -0.805626 0.575696
vn 0.200316 -0.892043 0.405133
vn 0.042366 -0.574363 0.817504
vn 0.014134 -0.575759 0.817497
vn 0.042368 -0.574367 0.817501
vn 0.014135 -0.575754 0.817501
vn 0.260235 -0.940372 0.219041
vn 0.088666 -0.718906 0.689429
vn 0.092701 -0.751618 0.653052
vn 0.088666 -0.718906 0.689429
vn 0.144452 -0.832495 0.534870
vn 0.144450 -0.832492 0.534876
vn 0.204430 -0.910361 0.359794
vn 0.204425 -0.910356 0.359809
vn 0.208047 -0.926488 0.313588
vn 0.045266 -0.613679 0.788257
vn 0.015101 -0.615161 0.788257
vn 0.045269 -0.613686 0.788252
vn 0.015102 -0.615160 0.788258
vn 0.262787 -0.949594 0.170919
vn 0.262788 -0.949595 0.170915
vn 0.092702 -0.751611 0.653060
vn 0.148763 -0.857338 0.492788
vn 0.148760 -0.857334 0.492797
vn 0.208048 -0.926485 0.313593
vn 0.016033 -0.653091 0.757110
vn 0.048059 -0.651518 0.757110
vn 0.016033 -0.653091 0.757110
vn 0.016925 -0.689437 0.724147
vn 0.048055 -0.651509 0.757118
vn 0.264708 -0.956533 0.122368
vn 0.264706 -0.956533 0.122377
vn 0.100089 -0.811515 0.575696
vn 0.096513 -0.782508 0.615114
vn 0.096511 -0.782505 0.615119
vn 0.152714 -0.880127 0.449506
vn 0.152714 -0.880127 0.449506
vn 0.213782 -0.952007 0.219042
vn 0.211168 -0.940377 0.266643
vn 0.211171 -0.940380 0.266633
vn 0.050734 -0.687784 0.724140
vn 0.050730 -0.687775 0.724149
vn 0.016925 -0.689436 0.724149
vn 0.266631 -0.963486 0.024543
vn 0.265992 -0.961167 0.073527
vn 0.265988 -0.961167 0.073540
vn 0.266633 -0.963485 0.024553
vn 0.100090 -0.811514 0.575697
vn 0.156301 -0.900799 0.405132
vn 0.156301 -0.900798 0.405133
vn 0.213783 -0.952005 0.219049
vn 0.053286 -0.722381 0.689439
vn 0.017776 -0.724127 0.689438
vn 0.017776 -0.724126 0.689439
vn 0.018585 -0.757086 0.653051
vn 0.053290 -0.722390 0.689429
vn 0.106518 -0.863605 0.492788
vn 0.103426 -0.838568 0.534889
vn 0.103431 -0.838576 0.534876
vn 0.159512 -0.919295 0.359794
vn 0.159510 -0.919294 0.359799
vn 0.215877 -0.961345 0.170919
vn 0.217454 -0.968370 0.122368
vn 0.215881 -0.961347 0.170903
vn 0.055711 -0.755254 0.653060
vn 0.058002 -0.786302 0.615114
vn 0.055715 -0.755262 0.653050
vn 0.018585 -0.757086 0.653051
vn 0.106516 -0.863613 0.492776
vn 0.162341 -0.935577 0.313593
vn 0.162336 -0.935572 0.313611
vn 0.217456 -0.968368 0.122379
vn 0.218510 -0.973060 0.073540
vn 0.058001 -0.786304 0.615112
vn 0.019349 -0.788203 0.615112
vn 0.019350 -0.788200 0.615114
vn 0.109345 -0.886555 0.449515
vn 0.109348 -0.886559 0.449506
vn 0.111917 -0.907382 0.405132
vn 0.164776 -0.949610 0.266626
vn 0.164771 -0.949606 0.266643
vn 0.218509 -0.973060 0.073537
vn 0.219037 -0.975408 0.024547
vn 0.219037 -0.975408 0.024543
vn 0.020067 -0.817410 0.575707
vn 0.062159 -0.842633 0.534889
vn 0.060150 -0.815441 0.575707
vn 0.060154 -0.815447 0.575697
vn 0.020065 -0.817415 0.575700
vn 0.020734 -0.844670 0.534885
vn 0.111919 -0.907378 0.405141
vn 0.166809 -0.961348 0.219054
vn 0.166810 -0.961349 0.219049
vn 0.062155 -0.842644 0.534872
vn 0.020739 -0.844679 0.534872
vn 0.114217 -0.926014 0.359794
vn 0.114216 -0.926013 0.359799
vn 0.116238 -0.942410 0.313611
vn 0.168446 -0.970782 0.170903
vn 0.168447 -0.970782 0.170900
vn 0.064009 -0.867789 0.492792
vn 0.021357 -0.869885 0.492792
vn 0.021355 -0.869891 0.492782
vn 0.064015 -0.867799 0.492775
vn 0.117978 -0.956552 0.266626
vn 0.116234 -0.942417 0.313593
vn 0.169678 -0.977872 0.122379
vn 0.169676 -0.977871 0.122387
vn 0.021922 -0.893006 0.449510
vn 0.065714 -0.890852 0.449515
vn 0.065716 -0.890855 0.449510
vn 0.021922 -0.893007 0.449508
vn 0.119439 -0.968375 0.219054
vn 0.117980 -0.956548 0.266638
vn 0.170908 -0.984982 0.024527
vn 0.170913 -0.984980 0.024547
vn 0.170500 -0.982610 0.073541
vn 0.170501 -0.982610 0.073536
vn 0.067258 -0.911781 0.405131
vn 0.067255 -0.911777 0.405141
vn 0.022436 -0.913984 0.405131
vn 0.022438 -0.913980 0.405138
vn 0.119437 -0.968377 0.219045
vn 0.068638 -0.930504 0.359794
vn 0.068636 -0.930502 0.359800
vn 0.022899 -0.932748 0.359800
vn 0.022895 -0.932755 0.359783
vn 0.120611 -0.977878 0.170900
vn 0.120609 -0.977877 0.170909
vn 0.121492 -0.985018 0.122387
vn 0.069855 -0.946985 0.313593
vn 0.069853 -0.946983 0.313599
vn 0.023300 -0.949269 0.313600
vn 0.023304 -0.949265 0.313614
vn 0.122078 -0.989792 0.073541
vn 0.121489 -0.985020 0.122376
vn 0.070903 -0.961188 0.266629
vn 0.070900 -0.961185 0.266638
vn 0.023654 -0.963509 0.266629
vn 0.023656 -0.963506 0.266639
vn 0.122375 -0.992180 0.024546
vn 0.073540 -0.996990 0.024546
vn 0.122371 -0.992181 0.024527
vn 0.122076 -0.989793 0.073534
vn 0.071776 -0.973071 0.219045
vn 0.071777 -0.973072 0.219041
vn 0.023949 -0.975422 0.219041
vn 0.023945 -0.975425 0.219026
vn 0.072480 -0.982617 0.170913
vn 0.072481 -0.982617 0.170909
vn 0.024180 -0.984989 0.170914
vn 0.024180 -0.984989 0.170913
vn 0.073010 -0.989795 0.122377
vn 0.073011 -0.989795 0.122371
vn 0.024356 -0.992186 0.122368
vn 0.024357 -0.992186 0.122371
vn 0.024474 -0.996991 0.073558
vn 0.024535 -0.999398 0.024520
vn 0.073363 -0.994589 0.073558
vn 0.073546 -0.996990 0.024519
vn 0.073369 -0.994590 0.073534
vn 0.024473 -0.996991 0.073553
vn 0.024532 -0.999398 0.024531
vn 0.000000 -0.024539 0.999699
vn 0.000000 -0.073564 0.997290
vn 0.000000 -0.024539 0.999699
vn 0.000000 -0.122415 0.992479
vn 0.000000 -0.073564 0.997290
vn 0.000000 -0.170964 0.985277
vn 0.000000 -0.122415 0.992479
vn 0.000000 -0.219099 0.975703
vn 0.000000 -0.170964 0.985277
vn 0.000000 -0.266713 0.963776
vn 0.000000 -0.219099 0.975703
vn 0.000000 -0.313681 0.949529
vn 0.000000 -0.266713 0.963776
vn 0.000000 -0.359896 0.932993
vn 0.000000 -0.313681 0.949529
vn 0.000000 -0.359896 0.932993
vn 0.000000 -0.405240 0.914210
vn 0.000000 -0.405240 0.914210
vn 0.000000 -0.449608 0.893226
vn 0.000000 -0.492898 0.870087
vn 0.000000 -0.449608 0.893226
vn 0.000000 -0.534997 0.844854
vn 0.000000 -0.492898 0.870087
vn 0.000000 -0.575816 0.817579
vn 0.000000 -0.534997 0.844854
vn 0.000000 -0.615230 0.788348
vn 0.000000 -0.575816 0.817579
vn 0.000000 -0.653175 0.757207
vn 0.000000 -0.615230 0.788348
vn 0.000000 -0.689536 0.724251
vn 0.000000 -0.653175 0.757207
vn 0.000000 -0.724241 0.689547
vn 0.000000 -0.689536 0.724251
vn 0.000000 -0.757216 0.653164
vn 0.000000 -0.724241 0.689547
vn 0.000000 -0.788348 0.615230
vn 0.000000 -0.757216 0.653164
vn 0.000000 -0.817579 0.575816
vn 0.000000 -0.788348 0.615230
vn 0.000000 -0.844852 0.535000
vn 0.000000 -0.817579 0.575816
vn 0.000000 -0.870089 0.492895
vn 0.000000 -0.844852 0.535000
vn 0.000000 -0.893222 0.449616
vn 0.000000 -0.870089 0.492895
vn 0.000000 -0.914210 0.405240
vn 0.000000 -0.893222 0.449616
vn 0.000000 -0.914210 0.405240
vn 0.000000 -0.933000 0.359877
vn 0.000000 -0.949522 0.313699
vn 0.000000 -0.933000 0.359877
vn 0.000000 -0.963776 0.266713
vn 0.000000 -0.949522 0.313699
vn 0.000000 -0.963776 0.266713
vn 0.000000 -0.975705 0.219089
vn 0.000000 -0.985277 0.170964
vn 0.000000 -0.975705 0.219089
vn 0.000000 -0.992480 0.122405
vn 0.000000 -0.985277 0.170964
vn 0.000000 -0.997290 0.073575
vn 0.000000 -0.992480 0.122405
vn 0.000000 -0.999699 0.024539
vn 0.000000 -0.997290 0.073575
vn 0.000000 -0.999699 0.024539
vn -1.000000 0.000000 0.000000
vn -1.000000 0.000000 0.000000
vn 0.000000 0.000000 1.000000
vn 0.000000 0.000000 1.000000
vn 0.000000 0.000000 1.000000
vn 0.000000 0.000000 1.000000
vn 0.000000 0.000000 1.000000
vn 0.000000 0.000000 1.000000
vn 0.000000 0.000000 1.000000
vn 0.000000 0.000000 1.000000
vn 0.000000 0.000000 1.000000
vn 0.000000 0.000000 1.000000
vn 0.000000 0.000000 1.000000
vn 0.000000 0.000000 1.000000
vn 0.000000 0.000000 1.000000
vn 0.000000 0.000000 1.000000
vn 0.000000 0.000000 1.000000
vn 0.000000 0.000000 1.000000
vn 0.000000 0.000000 1.000000
vn 0.000000 0.000000 1.000000
vn 0.000000 0.000000 1.000000
vn 0.000000 0.000000 1.000000
vn 0.000000 0.000000 1.000000
vn 0.000000 0.000000 1.000000
vn 0.000000 0.000000 1.000000
vn 0.000000 0.000000 1.000000
vn 0.000000 0.000000 1.000000
vn 0.000000 0.000000 1.000000
vn 0.000000 0.000000 1.000000
vn 0.000000 0.000000 1.000000
vn 0.000000 0.000000 1.000000
vn 0.000000 0.000000 1.000000
vn 0.000000 0.000000 1.000000
vn 0.000000 0.000000 1.000000
vn 0.000000 0.000000 1.000000
vn 0.000000 0.000000 1.000000
vn 0.000000 0.000000 1.000000
vn 0.000000 0.000000 1.000000
vn 0.000000 0.000000 1.000000
vn 0.000000 0.000000 1.000000
vn 0.000000 0.000000 1.000000
vn 0.000000 0.000000 1.000000
vn 0.000000 0.000000 1.000000
vn 0.000000 0.000000 1.000000
vn 0.000000 0.000000 1.000000
vn 0.000000 0.000000 1.000000
vn 0.000000 0.000000 1.000000
vn 0.000000 0.000000 1.000000
vn 0.000000 0.000000 1.000000
vn 0.000000 0.000000 1.000000
vn 0.000000 0.000000 1.000000
vn 0.000000 0.000000 1.000000
vn 0.000000 0.000000 1.000000
vn 0.000000 0.000000 1.000000
vn 0.000000 0.000000 1.000000
vn 0.000000 0.000000 1.000000
vn 0.000000 0.000000 1.000000
vn 0.000000 0.000000 1.000000
vn 0.000000 0.000000 1.000000
vn 0.000000 0.000000 1.000000
vn 0.000000 0.000000 1.000000
vn 0.000000 0.000000 1.000000
vn 0.000000 0.000000 1.000000
vn 0.000000 0.000000 1.000000
vn 0.000000 0.000000 1.000000
vn 0.000000 0.000000 1.000000
vn 0.000000 0.000000 1.000000
vn 0.000000 0.000000 1.000000
vn 0.000000 0.000000 1.000000
vn 0.000000 0.000000 1.000000
vn 0.000000 0.000000 1.000000
vn 0.000000 0.000000 1.000000
vn 0.000000 0.000000 1.000000
vn 0.000000 0.000000 1.000000
vn 0.000000 0.000000 1.000000
vn 0.000000 0.000000 1.000000
vn 0.000000 0.000000 1.000000
vn 0.000000 0.000000 1.000000
vn 0.000000 0.000000 1.000000
vn 0.000000 0.000000 1.000000
vn 0.000000 0.000000 1.000000
vn 0.000000 0.000000 1.000000
vn 0.000000 0.000000 1.000000
vn 0.000000 0.000000 1.000000
vn 0.000000 0.000000 1.000000
vn 0.000000 0.000000 1.000000
vn 0.000000 0.000000 1.000000
vn 0.000000 0.000000 1.000000
vn 0.000000 0.000000 1.000000
vn 0.000000 0.000000 1.000000
vn 0.000000 0.000000 1.000000
vn 0.000000 0.000000 1.000000
vn 0.000000 0.000000 1.000000
vn 0.000000 0.000000 1.000000
vn 0.000000 0.000000 1.000000
vn 0.000000 0.000000 1.000000
vn 0.000000 0.000000 1.000000
vn 0.000000 0.000000 1.000000
vn 0.000000 0.000000 1.000000
vn 0.000000 0.000000 1.000000
vn 0.000000 0.000000 1.000000
vn 0.000000 0.000000 1.000000
vn 0.000000 0.000000 1.000000
vn 0.000000 0.000000 1.000000
vn 0.000000 0.000000 1.000000
vn 0.000000 0.000000 1.000000
vn 0.000000 0.000000 1.000000
vn 0.000000 0.000000 1.000000
vn 0.000000 0.000000 1.000000
vn 0.000000 0.000000 1.000000
vn 0.000000 0.000000 1.000000
vn 0.000000 0.000000 1.000000
vn 0.000000 0.000000 1.000000
vn 0.000000 0.000000 1.000000
vn 0.000000 0.000000 1.000000
vn 0.000000 0.000000 1.000000
vn 0.000000 0.000000 1.000000
vn 0.000000 0.000000 1.000000
vn 0.000000 0.000000 1.000000
vn 0.000000 0.000000 1.000000
vn 0.000000 0.000000 1.000000
vn 0.000000 0.000000 1.000000
vn 0.000000 0.000000 1.000000
vn 0.000000 0.000000 1.000000
vn 0.000000 0.000000 1.000000
vn 0.000000 0.000000 1.000000
vn 0.000000 0.000000 1.000000
vn 0.000000 0.000000 1.000000
vn 0.000000 0.000000 1.000000
vn 0.000000 0.000000 1.000000
vn 0.000000 0.000000 1.000000
vn 0.000000 0.000000 1.000000
vn 1.000000 0.000000 0.000000
vn 1.000000 -0.000000 0.000000
vn -0.024539 0.000000 0.999699
vn -0.024539 0.000000 0.999699
vn -0.073564 0.000000 0.997291
vn -0.122415 0.000000 0.992479
vn -0.073564 0.000000 0.997291
vn -0.122415 0.000000 0.992479
vn -0.170962 0.000000 0.985278
vn -0.170962 0.000000 0.985278
vn -0.219101 0.000000 0.975702
vn -0.219101 0.000000 0.975702
vn -0.266716 0.000000 0.963775
vn -0.266716 0.000000 0.963775
vn -0.313677 0.000000 0.949530
vn -0.313677 0.000000 0.949530
vn -0.359895 0.000000 0.932993
vn -0.359895 0.000000 0.932993
vn -0.405240 0.000000 0.914210
vn -0.405240 0.000000 0.914210
vn -0.449608 0.000000 0.893226
vn -0.449608 0.000000 0.893226
vn -0.492898 0.000000 0.870087
vn -0.492898 0.000000 0.870087
vn -0.534997 0.000000 0.844854
vn -0.534997 0.000000 0.844854
vn -0.575816 0.000000 0.817579
vn -0.575816 0.000000 0.817579
vn -0.615230 0.000000 0.788348
vn -0.615230 0.000000 0.788348
vn -0.653175 0.000000 0.757207
vn -0.653175 0.000000 0.757207
vn -0.689536 0.000000 0.724251
vn -0.689536 0.000000 0.724251
vn -0.724241 0.000000 0.689547
vn -0.724241 0.000000 0.689547
vn -0.757216 0.000000 0.653164
vn -0.757216 0.000000 0.653164
vn -0.788348 0.000000 0.615230
vn -0.788348 0.000000 0.615230
vn -0.817579 0.000000 0.575816
vn -0.817579 0.000000 0.575816
vn -0.844852 0.000000 0.535000
vn -0.844852 0.000000 0.535000
vn -0.870089 0.000000 0.492895
vn -0.870089 0.000000 0.492895
vn -0.893222 0.000000 0.449616
vn -0.893222 0.000000 0.449616
vn -0.914210 0.000000 0.405240
vn -0.914210 0.000000 0.405240
vn -0.933000 0.000000 0.359877
vn -0.933000 0.000000 0.359877
vn -0.949522 0.000000 0.313699
vn -0.963776 0.000000 0.266713
vn -0.949522 0.000000 0.313699
vn -0.963776 0.000000 0.266713
vn -0.975705 0.000000 0.219089
vn -0.975705 0.000000 0.219089
vn -0.985277 0.000000 0.170964
vn -0.985277 0.000000 0.170964
vn -0.992480 0.000000 0.122405
vn -0.992480 0.000000 0.122405
vn -0.997290 0.000000 0.073575
vn -0.997290 0.000000 0.073575
vn -0.999699 0.000000 0.024539
vn -0.999699 0.000000 0.024539
vn 0.024539 0.000000 0.999699
vn 0.024539 0.000000 0.999699
vn 0.073564 0.000000 0.997291
vn 0.073564 0.000000 0.997291
vn 0.122415 0.000000 0.992479
vn 0.122415 0.000000 0.992479
vn 0.170962 0.000000 0.985278
vn 0.219101 0.000000 0.975702
vn 0.170962 0.000000 0.985278
vn 0.266716 0.000000 0.963775
vn 0.219101 0.000000 0.975702
vn 0.266716 0.000000 0.963775
vn 0.313677 0.000000 0.949530
vn 0.313677 0.000000 0.949530
vn 0.359895 0.000000 0.932993
vn 0.359895 0.000000 0.932993
vn 0.405240 0.000000 0.914210
vn 0.405240 0.000000 0.914210
vn 0.449608 0.000000 0.893226
vn 0.449608 0.000000 0.893226
vn 0.492898 0.000000 0.870087
vn 0.492898 0.000000 0.870087
vn 0.534997 0.000000 0.844854
vn 0.534997 0.000000 0.844854
vn 0.575816 0.000000 0.817579
vn 0.615230 0.000000 0.788348
vn 0.575816 0.000000 0.817579
vn 0.615230 0.000000 0.788348
vn 0.653175 0.000000 0.757207
vn 0.653175 0.000000 0.757207
vn 0.689536 0.000000 0.724251
vn 0.724241 0.000000 0.689547
vn 0.689536 0.000000 0.724251
vn 0.724241 0.000000 0.689547
vn 0.757216 0.000000 0.653164
vn 0.788348 0.000000 0.615230
vn 0.757216 0.000000 0.653164
vn 0.788348 0.000000 0.615230
vn 0.817579 0.000000 0.575816
vn 0.817579 0.000000 0.575816
vn 0.844852 0.000000 0.535000
vn 0.844852 0.000000 0.535000
vn 0.870089 0.000000 0.492895
vn 0.870089 0.000000 0.492895
vn 0.893222 0.000000 0.449616
vn 0.893222 0.000000 0.449616
vn 0.914210 0.000000 0.405240
vn 0.914210 0.000000 0.405240
vn 0.933000 0.000000 0.359877
vn 0.933000 0.000000 0.359877
vn 0.949522 0.000000 0.313699
vn 0.949522 0.000000 0.313699
vn 0.963776 0.000000 0.266713
vn 0.963776 0.000000 0.266713
vn 0.975705 0.000000 0.219089
vn 0.985277 0.000000 0.170964
vn 0.975705 0.000000 0.219089
vn 0.985277 0.000000 0.170964
vn 0.992480 0.000000 0.122405
vn 0.992480 0.000000 0.122405
vn 0.997290 0.000000 0.073575
vn 0.997290 0.000000 0.073575
vn 0.999699 0.000000 0.024539
vn 0.999699 0.000000 0.024539
f 1//1 2//1 3//1
f 3//2 4//2 1//2
f 1//3 5//3 2//3
f 4//4 6//4 1//4
f 1//5 7//5 5//5
f 6//6 8//6 1//6
f 1//7 9//7 7//7
f 8//8 10//8 1//8
f 1//9 11//9 9//9
f 10//10 12//10 1//10
f 1//11 13//11 11//11
f 12//12 14//12 1//12
f 1//13 15//13 13//13
f 14//14 16//14 1//14
f 1//15 17//15 15//15
f 16//16 18//16 1//16
f 1//17 19//17 17//17
f 18//18 20//18 1//18
f 1//19 21//19 19//19
f 20//20 22//20 1//20
f 1//21 23//21 21//21
f 22//22 24//22 1//22
f 1//23 25//23 23//23
f 24//24 26//24 1//24
f 1//25 27//25 25//25
f 26//26 28//26 1//26
f 1//27 29//27 27//27
f 30//28 29//28 1//28
f 28//29 31//29 1//29
f 30//30 32//30 29//30
f 31//31 33//31 1//31
f 30//32 34//32 32//32
f 30//33 35//33 34//33
f 30//34 36//34 35//34
f 30//35 37//35 36//35
f 30//36 38//36 37//36
f 30//37 39//37 38//37
f 30//38 40//38 39//38
f 30//39 41//39 40//39
f 30//40 42//40 41//40
f 30//41 43//41 42//41
f 30//42 44//42 43//42
f 30//43 45//43 44//43
f 30//44 46//44 45//44
f 30//45 47//45 46//45
f 48//46 49//46 50//46
f 50//47 49//47 51//47
f 51//48 49//48 52//48
f 52//49 49//49 53//49
f 53//50 49//50 54//50
f 54//51 49//51 55//51
f 55//52 49//52 56//52
f 56//53 49//53 57//53
f 57//54 49//54 58//54
f 58//55 49//55 59//55
f 59//56 49//56 60//56
f 60//57 49//57 61//57
f 61//58 49//58 62//58
f 62//59 49//59 63//59
f 63//60 49//60 64//60
f 64//61 49//61 65//61
f 65//62 49//62 66//62
f 66//63 49//63 67//63
f 67//64 49//64 68//64
f 68//65 49//65 69//65
f 69//66 49//66 70//66
f 70//67 49//67 71//67
f 71//68 49//68 72//68
f 72//69 49//69 73//69
f 73//70 49//70 74//70
f 74//71 49//71 75//71
f 75//72 49//72 76//72
f 76//73 49//73 77//73
f 77//74 49//74 33//74
f 78//75 79//75 80//75
f 80//76 79//76 81//76
f 81//77 79//77 82//77
f 82//78 79//78 83//78
f 83//79 79//79 84//79
f 84//80 79//80 85//80
f 85//81 79//81 86//81
f 86//82 79//82 87//82
f 87//83 79//83 88//83
f 88//84 79//84 89//84
f 89//85 79//85 90//85
f 90//86 79//86 91//86
f 91//87 79//87 92//87
f 92//88 79//88 93//88
f 93//89 79//89 94//89
f 94//90 79//90 48//90
f 48//91 79//91 49//91
f 49//92 1//92 33//92
f 79//93 95//93 49//93
f 49//94 95//94 96//94
f 96//95 97//95 98//95
f 95//96 97//96 96//96
f 98//97 99//97 100//97
f 97//98 99//98 98//98
f 100//99 101//99 102//99
f 99//100 101//100 100//100
f 102//101 103//101 104//101
f 101//102 103//102 102//102
f 104//103 105//103 106//103
f 103//104 105//104 104//104
f 106//105 107//105 108//105
f 105//106 107//106 106//106
f 107//107 109//107 108//107
f 108//108 109//108 110//108
f 109//109 111//109 110//109
f 110//110 111//110 112//110
f 112//111 113//111 114//111
f 111//112 113//112 112//112
f 114//113 115//113 116//113
f 113//114 115//114 114//114
f 116//115 117//115 118//115
f 115//116 117//116 116//116
f 118//117 119//117 120//117
f 117//118 119//118 118//118
f 120//119 121//119 122//119
f 119//120 121//120 120//120
f 122//121 123//121 124//121
f 121//122 123//122 122//122
f 124//123 125//123 126//123
f 123//124 125//124 124//124
f 126//125 127//125 128//125
f 125//126 127//126 126//126
f 128//127 129//127 130//127
f 127//128 129//128 128//128
f 130//129 131//129 132//129
f 129//130 131//130 130//130
f 132//131 133//131 134//131
f 131//132 133//132 132//132
f 134//133 135//133 136//133
f 133//134 135//134 134//134
f 136//135 137//135 138//135
f 138//136 137//136 139//136
f 135//137 137//137 136//137
f 137//138 140//138 139//138
f 139//139 141//139 142//139
f 140//140 141//140 139//140
f 142//141 143//141 144//141
f 141//142 143//142 142//142
f 144//143 145//143 146//143
f 146//144 145//144 147//144
f 143//145 145//145 144//145
f 145//146 148//146 147//146
f 147//147 149//147 150//147
f 148//148 149//148 147//148
f 150//149 151//149 152//149
f 149//150 151//150 150//150
f 152//151 153//151 154//151
f 151//152 153//152 152//152
f 154//153 155//153 156//153
f 153//154 155//154 154//154
f 156//155 157//155 158//155
f 155//156 157//156 156//156
f 159//157 160//157 161//157
f 162//158 161//158 163//158
f 162//159 159//159 161//159
f 164//160 163//160 165//160
f 164//161 162//161 163//161
f 166//162 165//162 167//162
f 166//163 164//163 165//163
f 168//164 167//164 169//164
f 168//165 166//165 167//165
f 170//166 169//166 171//166
f 170//167 168//167 169//167
f 172//168 171//168 173//168
f 172//169 170//169 171//169
f 174//170 173//170 175//170
f 174//171 172//171 173//171
f 176//172 174//172 175//172
f 176//173 175//173 177//173
f 178//174 176//174 177//174
f 178//175 177//175 179//175
f 180//176 179//176 181//176
f 180//177 178//177 179//177
f 182//178 181//178 183//178
f 182//179 180//179 181//179
f 184//180 183//180 185//180
f 184//181 182//181 183//181
f 186//182 185//182 187//182
f 186//183 184//183 185//183
f 188//184 187//184 189//184
f 188//185 186//185 187//185
f 190//186 189//186 191//186
f 190//187 188//187 189//187
f 192//188 191//188 193//188
f 192//189 190//189 191//189
f 194//190 193//190 195//190
f 194//191 192//191 193//191
f 196//192 195//192 197//192
f 196//193 194//193 195//193
f 198//194 197//194 199//194
f 198//195 196//195 197//195
f 200//196 199//196 201//196
f 200//197 198//197 199//197
f 202//198 201//198 203//198
f 202//199 200//199 201//199
f 204//200 203//200 205//200
f 204//201 202//201 203//201
f 206//202 205//202 207//202
f 206//203 204//203 205//203
f 208//204 206//204 207//204
f 209//205 207//205 210//205
f 209//206 210//206 211//206
f 209//207 208//207 207//207
f 212//208 211//208 213//208
f 212//209 209//209 211//209
f 214//210 212//210 213//210
f 215//211 213//211 216//211
f 215//212 216//212 217//212
f 215//213 214//213 213//213
f 218//214 217//214 219//214
f 218//215 215//215 217//215
f 220//216 219//216 221//216
f 220//217 218//217 219//217
f 222//218 221//218 1//218
f 222//219 220//219 221//219
f 49//220 222//220 1//220
f 223//221 224//221 225//221
f 225//222 224//222 226//222
f 226//223 224//223 227//223
f 227//224 228//224 229//224
f 224//225 228//225 227//225
f 229//226 230//226 231//226
f 228//227 230//227 229//227
f 231//228 232//228 233//228
f 230//229 232//229 231//229
f 233//230 234//230 235//230
f 232//231 234//231 233//231
f 235//232 236//232 237//232
f 234//233 236//233 235//233
f 237//234 238//234 239//234
f 236//235 238//235 237//235
f 238//236 240//236 239//236
f 239//237 240//237 241//237
f 240//238 242//238 241//238
f 241//239 242//239 243//239
f 242//240 244//240 243//240
f 243//241 244//241 245//241
f 245//242 246//242 247//242
f 244//243 246//243 245//243
f 247//244 248//244 249//244
f 246//245 248//245 247//245
f 249//246 250//246 251//246
f 248//247 250//247 249//247
f 251//248 252//248 253//248
f 250//249 252//249 251//249
f 253//250 254//250 255//250
f 252//251 254//251 253//251
f 255//252 256//252 257//252
f 254//253 256//253 255//253
f 257//254 258//254 259//254
f 256//255 258//255 257//255
f 259//256 260//256 261//256
f 258//257 260//257 259//257
f 261//258 262//258 263//258
f 260//259 262//259 261//259
f 263//260 264//260 265//260
f 262//261 264//261 263//261
f 265//262 266//262 267//262
f 264//263 266//263 265//263
f 267//264 268//264 269//264
f 266//265 268//265 267//265
f 269//266 270//266 271//266
f 268//267 270//267 269//267
f 271//268 272//268 273//268
f 270//269 272//269 271//269
f 273//270 274//270 275//270
f 272//271 274//271 273//271
f 275//272 276//272 277//272
f 274//273 276//273 275//273
f 277//274 278//274 279//274
f 276//275 278//275 277//275
f 279//276 280//276 281//276
f 278//277 280//277 279//277
f 281//278 282//278 283//278
f 280//279 282//279 281//279
f 283//280 284//280 285//280
f 282//281 284//281 283//281
f 285//282 286//282 1//282
f 284//283 286//283 285//283
f 286//284 30//284 1//284
f 78//285 80//285 287//285
f 287//286 80//286 288//286
f 288//287 81//287 289//287
f 80//288 81//288 288//288
f 289//289 82//289 290//289
f 81//290 82//290 289//290
f 290//291 83//291 291//291
f 82//292 83//292 290//292
f 291//293 84//293 292//293
f 83//294 84//294 291//294
f 84//295 85//295 292//295
f 292//296 85//296 293//296
f 293//297 86//297 294//297
f 85//298 86//298 293//298
f 86//299 87//299 294//299
f 294//300 87//300 295//300
f 295//301 88//301 296//301
f 87//302 88//302 295//302
f 296//303 89//303 297//303
f 88//304 89//304 296//304
f 297//305 90//305 298//305
f 89//306 90//306 297//306
f 298//307 91//307 299//307
f 90//308 91//308 298//308
f 299//309 92//309 300//309
f 91//310 92//310 299//310
f 300//311 93//311 301//311
f 92//312 93//312 300//312
f 301//313 94//313 302//313
f 93//314 94//314 301//314
f 302//315 48//315 303//315
f 94//316 48//316 302//316
f 303//317 50//317 304//317
f 48//318 50//318 303//318
f 304//319 51//319 305//319
f 50//320 51//320 304//320
f 305//321 52//321 306//321
f 51//322 52//322 305//322
f 306//323 53//323 307//323
f 52//324 53//324 306//324
f 307//325 54//325 308//325
f 53//326 54//326 307//326
f 308//327 55//327 309//327
f 54//328 55//328 308//328
f 309//329 56//329 310//329
f 55//330 56//330 309//330
f 310//331 57//331 311//331
f 56//332 57//332 310//332
f 311//333 58//333 312//333
f 57//334 58//334 311//334
f 312//335 59//335 313//335
f 58//336 59//336 312//336
f 313//337 60//337 314//337
f 59//338 60//338 313//338
f 314//339 61//339 315//339
f 60//340 61//340 314//340
f 315//341 62//341 316//341
f 61//342 62//342 315//342
f 62//343 63//343 316//343
f 316//344 63//344 317//344
f 63//345 64//345 317//345
f 317//346 64//346 318//346
f 64//347 65//347 318//347
f 318//348 65//348 319//348
f 65//349 66//349 319//349
f 319//350 66//350 320//350
f 66//351 67//351 320//351
f 320//352 67//352 321//352
f 67//353 68//353 321//353
f 321//354 68//354 322//354
f 68//355 69//355 322//355
f 322//356 69//356 323//356
f 69//357 70//357 323//357
f 323//358 70//358 324//358
f 70//359 71//359 324//359
f 324//360 71//360 325//360
f 71//361 72//361 325//361
f 325//362 72//362 326//362
f 72//363 73//363 326//363
f 326//364 73//364 327//364
f 327//365 74//365 328//365
f 73//366 74//366 327//366
f 328//367 75//367 329//367
f 74//368 75//368 328//368
f 329//369 76//369 330//369
f 75//370 76//370 329//370
f 330//371 77//371 331//371
f 76//372 77//372 330//372
f 331//373 33//373 332//373
f 77//374 33//374 331//374
f 332//375 31//375 333//375
f 33//376 31//376 332//376
f 333//377 28//377 334//377
f 31//378 28//378 333//378
f 334//379 26//379 335//379
f 28//380 26//380 334//380
f 335//381 24//381 336//381
f 26//382 24//382 335//382
f 336//383 22//383 337//383
f 24//384 22//384 336//384
f 337//385 20//385 338//385
f 22//386 20//386 337//386
f 338//387 18//387 339//387
f 20//388 18//388 338//388
f 339//389 16//389 340//389
f 18//390 16//390 339//390
f 340//391 14//391 341//391
f 16//392 14//392 340//392
f 341//393 12//393 342//393
f 14//394 12//394 341//394
f 12//395 10//395 342//395
f 342//396 10//396 343//396
f 10//397 8//397 343//397
f 343//398 8//398 344//398
f 8//399 6//399 344//399
f 344//400 6//400 345//400
f 6//401 4//401 345//401
f 345//402 4//402 346//402
f 4//403 3//403 346//403
f 346//404 3//404 347//404
f 3//405 2//405 347//405
f 347//406 2//406 348//406
f 2//407 5//407 348//407
f 348//408 5//408 349//408
f 5//409 7//409 349//409
f 349//410 7//410 350//410
f 7//411 9//411 350//411
f 350//412 9//412 351//412
f 9//413 11//413 351//413
f 351//414 11//414 352//414
f 11//415 13//415 352//415
f 352//416 13//416 353//416
f 13//417 15//417 353//417
f 353//418 15//418 354//418
f 15//419 17//419 354//419
f 354//420 17//420 355//420
f 17//421 19//421 355//421
f 355//422 19//422 356//422
f 19//423 21//423 356//423
f 356//424 21//424 357//424
f 21//425 23//425 357//425
f 357//426 23//426 358//426
f 23//427 25//427 358//427
f 358//428 25//428 359//428
f 359//429 27//429 360//429
f 25//430 27//430 359//430
f 27//431 29//431 360//431
f 360//432 29//432 361//432
f 361//433 32//433 362//433
f 29//434 32//434 361//434
f 362//435 34//435 363//435
f 32//436 34//436 362//436
f 363//437 35//437 364//437
f 34//438 35//438 363//438
f 364//439 36//439 365//439
f 35//440 36//440 364//440
f 365//441 37//441 366//441
f 36//442 37//442 365//442
f 366//443 38//443 367//443
f 37//444 38//444 366//444
f 38//445 39//445 367//445
f 367//446 39//446 368//446
f 39//447 40//447 368//447
f 368//448 40//448 369//448
f 40//449 41//449 369//449
f 369//450 41//450 370//450
f 41//451 42//451 370//451
f 370//452 42//452 371//452
f 42//453 43//453 371//453
f 371//454 43//454 372//454
f 43//455 44//455 372//455
f 372//456 44//456 373//456
f 44//457 45//457 373//457
f 373//458 45//458 374//458
f 45//459 46//459 374//459
f 374//460 46//460 375//460
f 46//461 47//461 375//461
f 375//462 47//462 376//462
f 162//463 377//463 159//463
f 159//464 377//464 378//464
f 164//465 379//465 162//465
f 162//466 379//466 377//466
f 166//467 380//467 164//467
f 164//468 380//468 379//468
f 168//469 381//469 166//469
f 166//470 381//470 380//470
f 378//471 382//471 383//471
f 377//472 382//472 378//472
f 170//473 384//473 168//473
f 168//474 384//474 381//474
f 377//475 385//475 382//475
f 379//476 385//476 377//476
f 172//477 386//477 170//477
f 170//478 386//478 384//478
f 379//479 387//479 385//479
f 380//480 387//480 379//480
f 172//481 388//481 386//481
f 174//482 388//482 172//482
f 381//483 389//483 380//483
f 380//484 389//484 387//484
f 176//485 390//485 174//485
f 174//486 390//486 388//486
f 383//487 391//487 392//487
f 385//488 391//488 382//488
f 382//489 391//489 383//489
f 384//490 393//490 381//490
f 381//491 393//491 389//491
f 178//492 394//492 176//492
f 176//493 394//493 390//493
f 385//494 395//494 391//494
f 387//495 395//495 385//495
f 384//496 396//496 393//496
f 386//497 396//497 384//497
f 180//498 397//498 178//498
f 178//499 397//499 394//499
f 387//500 398//500 395//500
f 386//501 399//501 396//501
f 390//502 399//502 388//502
f 388//503 399//503 386//503
f 182//504 400//504 180//504
f 180//505 400//505 397//505
f 389//506 401//506 387//506
f 387//507 401//507 398//507
f 393//508 401//508 389//508
f 390//509 402//509 399//509
f 184//510 403//510 182//510
f 182//511 403//511 400//511
f 392//512 404//512 405//512
f 391//513 404//513 392//513
f 393//514 406//514 401//514
f 390//515 407//515 402//515
f 394//516 407//516 390//516
f 397//517 407//517 394//517
f 186//518 408//518 184//518
f 184//519 408//519 403//519
f 391//520 409//520 404//520
f 395//521 409//521 391//521
f 396//522 410//522 393//522
f 393//523 410//523 406//523
f 399//524 410//524 396//524
f 397//525 411//525 407//525
f 188//526 412//526 186//526
f 186//527 412//527 408//527
f 398//528 413//528 395//528
f 395//529 413//529 409//529
f 399//530 414//530 410//530
f 397//531 415//531 411//531
f 400//532 415//532 397//532
f 190//533 416//533 188//533
f 188//534 416//534 412//534
f 401//535 417//535 398//535
f 398//536 417//536 413//536
f 399//537 418//537 414//537
f 402//538 418//538 399//538
f 400//539 419//539 415//539
f 403//540 419//540 400//540
f 408//541 419//541 403//541
f 404//542 420//542 405//542
f 405//543 420//543 421//543
f 190//544 422//544 416//544
f 192//545 422//545 190//545
f 406//546 423//546 401//546
f 401//547 423//547 417//547
f 407//548 424//548 402//548
f 402//549 424//549 418//549
f 408//550 425//550 419//550
f 404//551 426//551 420//551
f 409//552 426//552 404//552
f 194//553 427//553 192//553
f 192//554 427//554 422//554
f 406//555 428//555 423//555
f 410//556 428//556 406//556
f 407//557 429//557 424//557
f 411//558 429//558 407//558
f 408//559 430//559 425//559
f 412//560 430//560 408//560
f 413//561 431//561 409//561
f 409//562 431//562 426//562
f 196//563 432//563 194//563
f 194//564 432//564 427//564
f 414//565 433//565 410//565
f 410//566 433//566 428//566
f 415//567 434//567 411//567
f 411//568 434//568 429//568
f 416//569 435//569 412//569
f 412//570 435//570 430//570
f 417//571 436//571 413//571
f 413//572 436//572 431//572
f 196//573 437//573 432//573
f 198//574 437//574 196//574
f 414//575 438//575 433//575
f 418//576 438//576 414//576
f 419//577 439//577 415//577
f 415//578 439//578 434//578
f 421//579 440//579 441//579
f 420//580 440//580 421//580
f 426//581 440//581 420//581
f 416//582 442//582 435//582
f 422//583 442//583 416//583
f 423//584 443//584 417//584
f 417//585 443//585 436//585
f 200//586 444//586 198//586
f 198//587 444//587 437//587
f 424//588 445//588 418//588
f 418//589 445//589 438//589
f 419//590 446//590 439//590
f 425//591 446//591 419//591
f 426//592 447//592 440//592
f 422//593 448//593 442//593
f 427//594 448//594 422//594
f 423//595 449//595 443//595
f 428//596 449//596 423//596
f 202//597 450//597 200//597
f 200//598 450//598 444//598
f 424//599 451//599 445//599
f 429//600 451//600 424//600
f 425//601 452//601 446//601
f 430//602 452//602 425//602
f 426//603 453//603 447//603
f 431//604 453//604 426//604
f 427//605 454//605 448//605
f 432//606 454//606 427//606
f 433//607 455//607 428//607
f 428//608 455//608 449//608
f 204//609 456//609 202//609
f 202//610 456//610 450//610
f 429//611 457//611 451//611
f 434//612 457//612 429//612
f 430//613 458//613 452//613
f 435//614 458//614 430//614
f 443//615 459//615 436//615
f 436//616 459//616 431//616
f 431//617 459//617 453//617
f 437//618 460//618 432//618
f 432//619 460//619 454//619
f 438//620 461//620 433//620
f 433//621 461//621 455//621
f 206//622 462//622 204//622
f 204//623 462//623 456//623
f 434//624 463//624 457//624
f 439//625 463//625 434//625
f 440//626 464//626 441//626
f 441//627 464//627 465//627
f 465//628 464//628 466//628
f 442//629 467//629 435//629
f 435//630 467//630 458//630
f 443//631 468//631 459//631
f 449//632 468//632 443//632
f 437//633 469//633 460//633
f 444//634 469//634 437//634
f 450//635 469//635 444//635
f 445//636 470//636 438//636
f 451//637 470//637 445//637
f 438//638 470//638 461//638
f 208//639 471//639 206//639
f 206//640 471//640 462//640
f 439//641 472//641 463//641
f 446//642 472//642 439//642
f 452//643 472//643 446//643
f 447//644 473//644 440//644
f 440//645 473//645 464//645
f 442//646 474//646 467//646
f 448//647 474//647 442//647
f 449//648 475//648 468//648
f 450//649 476//649 469//649
f 451//650 477//650 470//650
f 209//651 478//651 208//651
f 208//652 478//652 471//652
f 452//653 479//653 472//653
f 447//654 480//654 473//654
f 453//655 480//655 447//655
f 448//656 481//656 474//656
f 454//657 481//657 448//657
f 449//658 482//658 475//658
f 455//659 482//659 449//659
f 456//660 483//660 450//660
f 450//661 483//661 476//661
f 451//662 484//662 477//662
f 457//663 484//663 451//663
f 209//664 485//664 478//664
f 212//665 485//665 209//665
f 452//666 486//666 479//666
f 458//667 486//667 452//667
f 467//668 486//668 458//668
f 453//669 487//669 480//669
f 459//670 487//670 453//670
f 454//671 488//671 481//671
f 460//672 488//672 454//672
f 455//673 489//673 482//673
f 461//674 489//674 455//674
f 456//675 490//675 483//675
f 462//676 490//676 456//676
f 457//677 491//677 484//677
f 472//678 491//678 463//678
f 463//679 491//679 457//679
f 212//680 492//680 485//680
f 214//681 492//681 212//681
f 464//682 493//682 466//682
f 467//683 494//683 486//683
f 468//684 495//684 459//684
f 459//685 495//685 487//685
f 460//686 496//686 488//686
f 469//687 496//687 460//687
f 461//688 497//688 489//688
f 470//689 497//689 461//689
f 477//690 497//690 470//690
f 471//691 498//691 462//691
f 462//692 498//692 490//692
f 472//693 499//693 491//693
f 215//694 500//694 214//694
f 214//695 500//695 492//695
f 464//696 501//696 493//696
f 473//697 501//697 464//697
f 474//698 502//698 467//698
f 467//699 502//699 494//699
f 475//700 503//700 468//700
f 468//701 503//701 495//701
f 482//702 503//702 475//702
f 476//703 504//703 469//703
f 469//704 504//704 496//704
f 483//705 504//705 476//705
f 477//706 505//706 497//706
f 478//707 506//707 471//707
f 471//708 506//708 498//708
f 472//709 507//709 499//709
f 479//710 507//710 472//710
f 218//711 508//711 215//711
f 215//712 508//712 500//712
f 480//713 509//713 473//713
f 473//714 509//714 501//714
f 487//715 509//715 480//715
f 481//716 510//716 474//716
f 474//717 510//717 502//717
f 488//718 510//718 481//718
f 482//719 511//719 503//719
f 483//720 512//720 504//720
f 484//721 513//721 477//721
f 477//722 513//722 505//722
f 485//723 514//723 478//723
f 478//724 514//724 506//724
f 486//725 515//725 479//725
f 479//726 515//726 507//726
f 220//727 516//727 218//727
f 218//728 516//728 508//728
f 487//729 517//729 509//729
f 495//730 517//730 487//730
f 488//731 518//731 510//731
f 496//732 518//732 488//732
f 482//733 519//733 511//733
f 489//734 519//734 482//734
f 483//735 520//735 512//735
f 498//736 520//736 490//736
f 490//737 520//737 483//737
f 491//738 521//738 484//738
f 484//739 521//739 513//739
f 492//740 522//740 485//740
f 485//741 522//741 514//741
f 466//742 523//742 524//742
f 493//743 523//743 466//743
f 494//744 525//744 486//744
f 486//745 525//745 515//745
f 220//746 526//746 516//746
f 222//747 526//747 220//747
f 49//748 526//748 222//748
f 96//749 526//749 49//749
f 495//750 527//750 517//750
f 496//751 528//751 518//751
f 489//752 529//752 519//752
f 497//753 529//753 489//753
f 498//754 530//754 520//754
f 491//755 531//755 521//755
f 499//756 531//756 491//756
f 492//757 532//757 522//757
f 500//758 532//758 492//758
f 493//759 533//759 523//759
f 501//760 533//760 493//760
f 502//761 534//761 494//761
f 510//762 534//762 502//762
f 494//763 534//763 525//763
f 495//764 535//764 527//764
f 503//765 535//765 495//765
f 504//766 536//766 496//766
f 496//767 536//767 528//767
f 497//768 537//768 529//768
f 505//769 537//769 497//769
f 514//770 538//770 506//770
f 506//771 538//771 498//771
f 498//772 538//772 530//772
f 507//773 539//773 499//773
f 499//774 539//774 531//774
f 500//775 540//775 532//775
f 508//776 540//776 500//776
f 501//777 541//777 533//777
f 509//778 541//778 501//778
f 510//779 542//779 534//779
f 511//780 543//780 503//780
f 503//781 543//781 535//781
f 512//782 544//782 504//782
f 504//783 544//783 536//783
f 520//784 544//784 512//784
f 505//785 545//785 537//785
f 513//786 545//786 505//786
f 514//787 546//787 538//787
f 515//788 547//788 507//788
f 507//789 547//789 539//789
f 508//790 548//790 540//790
f 516//791 548//791 508//791
f 517//792 549//792 509//792
f 509//793 549//793 541//793
f 510//794 550//794 542//794
f 518//795 550//795 510//795
f 511//796 551//796 543//796
f 519//797 551//797 511//797
f 520//798 552//798 544//798
f 530//799 552//799 520//799
f 521//800 553//800 513//800
f 513//801 553//801 545//801
f 514//802 554//802 546//802
f 522//803 554//803 514//803
f 524//804 555//804 556//804
f 523//805 555//805 524//805
f 515//806 557//806 547//806
f 525//807 557//807 515//807
f 516//808 558//808 548//808
f 96//809 558//809 526//809
f 526//810 558//810 516//810
f 98//811 558//811 96//811
f 527//812 559//812 517//812
f 517//813 559//813 549//813
f 518//814 560//814 550//814
f 528//815 560//815 518//815
f 519//816 561//816 551//816
f 529//817 561//817 519//817
f 530//818 562//818 552//818
f 521//819 563//819 553//819
f 531//820 563//820 521//820
f 522//821 564//821 554//821
f 532//822 564//822 522//822
f 523//823 565//823 555//823
f 533//824 565//824 523//824
f 525//825 566//825 557//825
f 534//826 566//826 525//826
f 542//827 566//827 534//827
f 535//828 567//828 527//828
f 527//829 567//829 559//829
f 543//830 567//830 535//830
f 528//831 568//831 560//831
f 536//832 568//832 528//832
f 537//833 569//833 529//833
f 529//834 569//834 561//834
f 538//835 570//835 530//835
f 530//836 570//836 562//836
f 546//837 570//837 538//837
f 547//838 571//838 539//838
f 531//839 571//839 563//839
f 539//840 571//840 531//840
f 548//841 572//841 540//841
f 540//842 572//842 532//842
f 532//843 572//843 564//843
f 541//844 573//844 533//844
f 533//845 573//845 565//845
f 542//846 574//846 566//846
f 551//847 575//847 543//847
f 543//848 575//848 567//848
f 544//849 576//849 536//849
f 536//850 576//850 568//850
f 537//851 577//851 569//851
f 545//852 577//852 537//852
f 546//853 578//853 570//853
f 547//854 579//854 571//854
f 558//855 580//855 548//855
f 548//856 580//856 572//856
f 549//857 581//857 541//857
f 541//858 581//858 573//858
f 542//859 582//859 574//859
f 550//860 582//860 542//860
f 551//861 583//861 575//861
f 552//862 584//862 544//862
f 544//863 584//863 576//863
f 545//864 585//864 577//864
f 553//865 585//865 545//865
f 554//866 586//866 546//866
f 546//867 586//867 578//867
f 564//868 586//868 554//868
f 556//869 587//869 588//869
f 555//870 587//870 556//870
f 547//871 589//871 579//871
f 557//872 589//872 547//872
f 558//873 590//873 580//873
f 98//874 590//874 558//874
f 100//875 590//875 98//875
f 559//876 591//876 549//876
f 549//877 591//877 581//877
f 560//878 592//878 550//878
f 550//879 592//879 582//879
f 551//880 593//880 583//880
f 561//881 593//881 551//881
f 569//882 593//882 561//882
f 552//883 594//883 584//883
f 562//884 594//884 552//884
f 563//885 595//885 553//885
f 553//886 595//886 585//886
f 564//887 596//887 586//887
f 573//888 597//888 565//888
f 555//889 597//889 587//889
f 565//890 597//890 555//890
f 557//891 598//891 589//891
f 566//892 598//892 557//892
f 559//893 599//893 591//893
f 575//894 599//894 567//894
f 567//895 599//895 559//895
f 560//896 600//896 592//896
f 568//897 600//897 560//897
f 577//898 601//898 569//898
f 569//899 601//899 593//899
f 562//900 602//900 594//900
f 570//901 602//901 562//901
f 563//902 603//902 595//902
f 571//903 603//903 563//903
f 572//904 604//904 564//904
f 564//905 604//905 596//905
f 573//906 605//906 597//906
f 574//907 606//907 566//907
f 566//908 606//908 598//908
f 583//909 607//909 575//909
f 575//910 607//910 599//910
f 568//911 608//911 600//911
f 576//912 608//912 568//912
f 577//913 609//913 601//913
f 578//914 610//914 570//914
f 570//915 610//915 602//915
f 579//916 611//916 571//916
f 571//917 611//917 603//917
f 580//918 612//918 572//918
f 572//919 612//919 604//919
f 581//920 613//920 573//920
f 591//921 613//921 581//921
f 573//922 613//922 605//922
f 582//923 614//923 574//923
f 574//924 614//924 606//924
f 583//925 615//925 607//925
f 576//926 616//926 608//926
f 584//927 616//927 576//927
f 577//928 617//928 609//928
f 595//929 617//929 585//929
f 585//930 617//930 577//930
f 586//931 618//931 578//931
f 578//932 618//932 610//932
f 596//933 618//933 586//933
f 588//934 619//934 620//934
f 587//935 619//935 588//935
f 589//936 621//936 579//936
f 579//937 621//937 611//937
f 580//938 622//938 612//938
f 590//939 622//939 580//939
f 100//940 622//940 590//940
f 102//941 622//941 100//941
f 591//942 623//942 613//942
f 592//943 624//943 582//943
f 582//944 624//944 614//944
f 583//945 625//945 615//945
f 601//946 625//946 593//946
f 593//947 625//947 583//947
f 584//948 626//948 616//948
f 594//949 626//949 584//949
f 603//950 627//950 595//950
f 595//951 627//951 617//951
f 596//952 628//952 618//952
f 587//953 629//953 619//953
f 597//954 629//954 587//954
f 605//955 629//955 597//955
f 589//956 630//956 621//956
f 598//957 630//957 589//957
f 599//958 631//958 591//958
f 591//959 631//959 623//959
f 608//960 632//960 600//960
f 592//961 632//961 624//961
f 600//962 632//962 592//962
f 601//963 633//963 625//963
f 609//964 633//964 601//964
f 602//965 634//965 594//965
f 594//966 634//966 626//966
f 603//967 635//967 627//967
f 596//968 636//968 628//968
f 604//969 636//969 596//969
f 605//970 637//970 629//970
f 606//971 638//971 598//971
f 598//972 638//972 630//972
f 599//973 639//973 631//973
f 607//974 639//974 599//974
f 608//975 640//975 632//975
f 609//976 641//976 633//976
f 602//977 642//977 634//977
f 610//978 642//978 602//978
f 611//979 643//979 603//979
f 603//980 643//980 635//980
f 621//981 643//981 611//981
f 612//982 644//982 604//982
f 604//983 644//983 636//983
f 613//984 645//984 605//984
f 605//985 645//985 637//985
f 614//986 646//986 606//986
f 606//987 646//987 638//987
f 615//988 647//988 607//988
f 607//989 647//989 639//989
f 616//990 648//990 608//990
f 626//991 648//991 616//991
f 608//992 648//992 640//992
f 609//993 649//993 641//993
f 617//994 649//994 609//994
f 627//995 649//995 617//995
f 610//996 650//996 642//996
f 618//997 650//997 610//997
f 619//998 651//998 620//998
f 620//999 651//999 652//999
f 629//1000 651//1000 619//1000
f 621//1001 653//1001 643//1001
f 630//1002 653//1002 621//1002
f 104//1003 654//1003 102//1003
f 612//1004 654//1004 644//1004
f 102//1005 654//1005 622//1005
f 622//1006 654//1006 612//1006
f 623//1007 655//1007 613//1007
f 613//1008 655//1008 645//1008
f 624//1009 656//1009 614//1009
f 614//1010 656//1010 646//1010
f 625//1011 657//1011 615//1011
f 615//1012 657//1012 647//1012
f 626//1013 658//1013 648//1013
f 635//1014 659//1014 627//1014
f 627//1015 659//1015 649//1015
f 618//1016 660//1016 650//1016
f 628//1017 660//1017 618//1017
f 629//1018 661//1018 651//1018
f 637//1019 661//1019 629//1019
f 630//1020 662//1020 653//1020
f 623//1021 663//1021 655//1021
f 631//1022 663//1022 623//1022
f 624//1023 664//1023 656//1023
f 632//1024 664//1024 624//1024
f 625//1025 665//1025 657//1025
f 633//1026 665//1026 625//1026
f 642//1027 666//1027 634//1027
f 626//1028 666//1028 658//1028
f 634//1029 666//1029 626//1029
f 635//1030 667//1030 659//1030
f 628//1031 668//1031 660//1031
f 636//1032 668//1032 628//1032
f 637//1033 669//1033 661//1033
f 638//1034 670//1034 630//1034
f 646//1035 670//1035 638//1035
f 630//1036 670//1036 662//1036
f 639//1037 671//1037 631//1037
f 647//1038 671//1038 639//1038
f 631//1039 671//1039 663//1039
f 632//1040 672//1040 664//1040
f 640//1041 672//1041 632//1041
f 641//1042 673//1042 633//1042
f 633//1043 673//1043 665//1043
f 650//1044 674//1044 642//1044
f 642//1045 674//1045 666//1045
f 643//1046 675//1046 635//1046
f 635//1047 675//1047 667//1047
f 644//1048 676//1048 636//1048
f 636//1049 676//1049 668//1049
f 645//1050 677//1050 637//1050
f 637//1051 677//1051 669//1051
f 646//1052 678//1052 670//1052
f 647//1053 679//1053 671//1053
f 640//1054 680//1054 672//1054
f 648//1055 680//1055 640//1055
f 649//1056 681//1056 641//1056
f 641//1057 681//1057 673//1057
f 650//1058 682//1058 674//1058
f 651//1059 683//1059 652//1059
f 652//1060 683//1060 684//1060
f 662//1061 685//1061 653//1061
f 653//1062 685//1062 643//1062
f 643//1063 685//1063 675//1063
f 106//1064 686//1064 104//1064
f 644//1065 686//1065 676//1065
f 104//1066 686//1066 654//1066
f 654//1067 686//1067 644//1067
f 655//1068 687//1068 645//1068
f 645//1069 687//1069 677//1069
f 646//1070 688//1070 678//1070
f 656//1071 688//1071 646//1071
f 647//1072 689//1072 679//1072
f 665//1073 689//1073 657//1073
f 657//1074 689//1074 647//1074
f 658//1075 690//1075 648//1075
f 648//1076 690//1076 680//1076
f 659//1077 691//1077 649//1077
f 649//1078 691//1078 681//1078
f 650//1079 692//1079 682//1079
f 660//1080 692//1080 650//1080
f 661//1081 693//1081 651//1081
f 651//1082 693//1082 683//1082
f 670//1083 694//1083 662//1083
f 662//1084 694//1084 685//1084
f 655//1085 695//1085 687//1085
f 671//1086 695//1086 663//1086
f 663//1087 695//1087 655//1087
f 656//1088 696//1088 688//1088
f 672//1089 696//1089 664//1089
f 664//1090 696//1090 656//1090
f 665//1091 697//1091 689//1091
f 666//1092 698//1092 658//1092
f 658//1093 698//1093 690//1093
f 659//1094 699//1094 691//1094
f 667//1095 699//1095 659//1095
f 660//1096 700//1096 692//1096
f 668//1097 700//1097 660//1097
f 677//1098 701//1098 669//1098
f 661//1099 701//1099 693//1099
f 669//1100 701//1100 661//1100
f 670//1101 702//1101 694//1101
f 671//1102 703//1102 695//1102
f 672//1103 704//1103 696//1103
f 681//1104 705//1104 673//1104
f 665//1105 705//1105 697//1105
f 673//1106 705//1106 665//1106
f 666//1107 706//1107 698//1107
f 674//1108 706//1108 666//1108
f 667//1109 707//1109 699//1109
f 675//1110 707//1110 667//1110
f 676//1111 708//1111 668//1111
f 668//1112 708//1112 700//1112
f 687//1113 709//1113 677//1113
f 677//1114 709//1114 701//1114
f 670//1115 710//1115 702//1115
f 678//1116 710//1116 670//1116
f 689//1117 711//1117 679//1117
f 679//1118 711//1118 671//1118
f 671//1119 711//1119 703//1119
f 690//1120 712//1120 680//1120
f 672//1121 712//1121 704//1121
f 680//1122 712//1122 672//1122
f 681//1123 713//1123 705//1123
f 682//1124 714//1124 674//1124
f 674//1125 714//1125 706//1125
f 683//1126 715//1126 684//1126
f 684//1127 715//1127 716//1127
f 685//1128 717//1128 675//1128
f 675//1129 717//1129 707//1129
f 108//1130 718//1130 106//1130
f 676//1131 718//1131 708//1131
f 686//1132 718//1132 676//1132
f 106//1133 718//1133 686//1133
f 687//1134 719//1134 709//1134
f 688//1135 720//1135 678//1135
f 678//1136 720//1136 710//1136
f 696//1137 720//1137 688//1137
f 689//1138 721//1138 711//1138
f 690//1139 722//1139 712//1139
f 698//1140 722//1140 690//1140
f 681//1141 723//1141 713//1141
f 691//1142 723//1142 681//1142
f 692//1143 724//1143 682//1143
f 682//1144 724//1144 714//1144
f 693//1145 725//1145 683//1145
f 683//1146 725//1146 715//1146
f 685//1147 726//1147 717//1147
f 694//1148 726//1148 685//1148
f 687//1149 727//1149 719//1149
f 695//1150 727//1150 687//1150
f 696//1151 728//1151 720//1151
f 689//1152 729//1152 721//1152
f 697//1153 729//1153 689//1153
f 705//1154 729//1154 697//1154
f 698//1155 730//1155 722//1155
f 699//1156 731//1156 691//1156
f 691//1157 731//1157 723//1157
f 700//1158 732//1158 692//1158
f 692//1159 732//1159 724//1159
f 693//1160 733//1160 725//1160
f 701//1161 733//1161 693//1161
f 694//1162 734//1162 726//1162
f 702//1163 734//1163 694//1163
f 703//1164 735//1164 695//1164
f 695//1165 735//1165 727//1165
f 704//1166 736//1166 696//1166
f 696//1167 736//1167 728//1167
f 712//1168 736//1168 704//1168
f 705//1169 737//1169 729//1169
f 714//1170 738//1170 706//1170
f 698//1171 738//1171 730//1171
f 706//1172 738//1172 698//1172
f 699//1173 739//1173 731//1173
f 707//1174 739//1174 699//1174
f 717//1175 739//1175 707//1175
f 700//1176 740//1176 732//1176
f 708//1177 740//1177 700//1177
f 701//1178 741//1178 733//1178
f 709//1179 741//1179 701//1179
f 710//1180 742//1180 702//1180
f 702//1181 742//1181 734//1181
f 703//1182 743//1182 735//1182
f 711//1183 743//1183 703//1183
f 712//1184 744//1184 736//1184
f 723//1185 745//1185 713//1185
f 713//1186 745//1186 705//1186
f 705//1187 745//1187 737//1187
f 714//1188 746//1188 738//1188
f 716//1189 747//1189 748//1189
f 715//1190 747//1190 716//1190
f 717//1191 749//1191 739//1191
f 110//1192 750//1192 108//1192
f 718//1193 750//1193 708//1193
f 708//1194 750//1194 740//1194
f 108//1195 750//1195 718//1195
f 709//1196 751//1196 741//1196
f 719//1197 751//1197 709//1197
f 720//1198 752//1198 710//1198
f 710//1199 752//1199 742//1199
f 721//1200 753//1200 711//1200
f 711//1201 753//1201 743//1201
f 722//1202 754//1202 712//1202
f 712//1203 754//1203 744//1203
f 723//1204 755//1204 745//1204
f 714//1205 756//1205 746//1205
f 724//1206 756//1206 714//1206
f 715//1207 757//1207 747//1207
f 725//1208 757//1208 715//1208
f 726//1209 758//1209 717//1209
f 717//1210 758//1210 749//1210
f 727//1211 759//1211 719//1211
f 719//1212 759//1212 751//1212
f 735//1213 759//1213 727//1213
f 728//1214 760//1214 720//1214
f 720//1215 760//1215 752//1215
f 721//1216 761//1216 753//1216
f 729//1217 761//1217 721//1217
f 730//1218 762//1218 722//1218
f 722//1219 762//1219 754//1219
f 738//1220 762//1220 730//1220
f 723//1221 763//1221 755//1221
f 739//1222 763//1222 731//1222
f 731//1223 763//1223 723//1223
f 732//1224 764//1224 724//1224
f 724//1225 764//1225 756//1225
f 740//1226 764//1226 732//1226
f 725//1227 765//1227 757//1227
f 733//1228 765//1228 725//1228
f 741//1229 765//1229 733//1229
f 734//1230 766//1230 726//1230
f 726//1231 766//1231 758//1231
f 742//1232 766//1232 734//1232
f 735//1233 767//1233 759//1233
f 728//1234 768//1234 760//1234
f 736//1235 768//1235 728//1235
f 737//1236 769//1236 729//1236
f 729//1237 769//1237 761//1237
f 738//1238 770//1238 762//1238
f 739//1239 771//1239 763//1239
f 740//1240 772//1240 764//1240
f 741//1241 773//1241 765//1241
f 742//1242 774//1242 766//1242
f 735//1243 775//1243 767//1243
f 743//1244 775//1244 735//1244
f 744//1245 776//1245 736//1245
f 736//1246 776//1246 768//1246
f 745//1247 777//1247 737//1247
f 737//1248 777//1248 769//1248
f 746//1249 778//1249 738//1249
f 756//1250 778//1250 746//1250
f 738//1251 778//1251 770//1251
f 747//1252 779//1252 748//1252
f 748//1253 779//1253 780//1253
f 749//1254 781//1254 739//1254
f 739//1255 781//1255 771//1255
f 112//1256 782//1256 110//1256
f 750//1257 782//1257 740//1257
f 110//1258 782//1258 750//1258
f 740//1259 782//1259 772//1259
f 751//1260 783//1260 741//1260
f 759//1261 783//1261 751//1261
f 741//1262 783//1262 773//1262
f 752//1263 784//1263 742//1263
f 742//1264 784//1264 774//1264
f 753//1265 785//1265 743//1265
f 743//1266 785//1266 775//1266
f 754//1267 786//1267 744//1267
f 744//1268 786//1268 776//1268
f 755//1269 787//1269 745//1269
f 745//1270 787//1270 777//1270
f 756//1271 788//1271 778//1271
f 747//1272 789//1272 779//1272
f 757//1273 789//1273 747//1273
f 749//1274 790//1274 781//1274
f 758//1275 790//1275 749//1275
f 766//1276 790//1276 758//1276
f 767//1277 791//1277 759//1277
f 759//1278 791//1278 783//1278
f 752//1279 792//1279 784//1279
f 760//1280 792//1280 752//1280
f 768//1281 792//1281 760//1281
f 753//1282 793//1282 785//1282
f 761//1283 793//1283 753//1283
f 762//1284 794//1284 754//1284
f 754//1285 794//1285 786//1285
f 755//1286 795//1286 787//1286
f 763//1287 795//1287 755//1287
f 756//1288 796//1288 788//1288
f 764//1289 796//1289 756//1289
f 772//1290 796//1290 764//1290
f 757//1291 797//1291 789//1291
f 765//1292 797//1292 757//1292
f 773//1293 797//1293 765//1293
f 766//1294 798//1294 790//1294
f 774//1295 798//1295 766//1295
f 767//1296 799//1296 791//1296
f 768//1297 800//1297 792//1297
f 776//1298 800//1298 768//1298
f 761//1299 801//1299 793//1299
f 769//1300 801//1300 761//1300
f 770//1301 802//1301 762//1301
f 762//1302 802//1302 794//1302
f 763//1303 803//1303 795//1303
f 771//1304 803//1304 763//1304
f 772//1305 804//1305 796//1305
f 773//1306 805//1306 797//1306
f 774//1307 806//1307 798//1307
f 775//1308 807//1308 767//1308
f 767//1309 807//1309 799//1309
f 785//1310 807//1310 775//1310
f 776//1311 808//1311 800//1311
f 769//1312 809//1312 801//1312
f 777//1313 809//1313 769//1313
f 770//1314 810//1314 802//1314
f 778//1315 810//1315 770//1315
f 788//1316 810//1316 778//1316
f 780//1317 811//1317 812//1317
f 779//1318 811//1318 780//1318
f 781//1319 813//1319 771//1319
f 771//1320 813//1320 803//1320
f 114//1321 814//1321 112//1321
f 782//1322 814//1322 772//1322
f 112//1323 814//1323 782//1323
f 772//1324 814//1324 804//1324
f 783//1325 815//1325 773//1325
f 773//1326 815//1326 805//1326
f 774//1327 816//1327 806//1327
f 784//1328 816//1328 774//1328
f 785//1329 817//1329 807//1329
f 794//1330 818//1330 786//1330
f 786//1331 818//1331 776//1331
f 776//1332 818//1332 808//1332
f 787//1333 819//1333 777//1333
f 777//1334 819//1334 809//1334
f 788//1335 820//1335 810//1335
f 779//1336 821//1336 811//1336
f 789//1337 821//1337 779//1337
f 790//1338 822//1338 781//1338
f 781//1339 822//1339 813//1339
f 783//1340 823//1340 815//1340
f 791//1341 823//1341 783//1341
f 784//1342 824//1342 816//1342
f 800//1343 824//1343 792//1343
f 792//1344 824//1344 784//1344
f 793//1345 825//1345 785//1345
f 785//1346 825//1346 817//1346
f 794//1347 826//1347 818//1347
f 787//1348 827//1348 819//1348
f 795//1349 827//1349 787//1349
f 788//1350 828//1350 820//1350
f 796//1351 828//1351 788//1351
f 789//1352 829//1352 821//1352
f 797//1353 829//1353 789//1353
f 798//1354 830//1354 790//1354
f 790//1355 830//1355 822//1355
f 791//1356 831//1356 823//1356
f 807//1357 831//1357 799//1357
f 799//1358 831//1358 791//1358
f 800//1359 832//1359 824//1359
f 793//1360 833//1360 825//1360
f 809//1361 833//1361 801//1361
f 801//1362 833//1362 793//1362
f 802//1363 834//1363 794//1363
f 794//1364 834//1364 826//1364
f 810//1365 834//1365 802//1365
f 795//1366 835//1366 827//1366
f 803//1367 835//1367 795//1367
f 796//1368 836//1368 828//1368
f 804//1369 836//1369 796//1369
f 797//1370 837//1370 829//1370
f 805//1371 837//1371 797//1371
f 798//1372 838//1372 830//1372
f 806//1373 838//1373 798//1373
f 807//1374 839//1374 831//1374
f 800//1375 840//1375 832//1375
f 808//1376 840//1376 800//1376
f 809//1377 841//1377 833//1377
f 810//1378 842//1378 834//1378
f 811//1379 843//1379 812//1379
f 812//1380 843//1380 844//1380
f 821//1381 843//1381 811//1381
f 803//1382 845//1382 835//1382
f 813//1383 845//1383 803//1383
f 116//1384 846//1384 114//1384
f 804//1385 846//1385 836//1385
f 114//1386 846//1386 814//1386
f 814//1387 846//1387 804//1387
f 815//1388 847//1388 805//1388
f 805//1389 847//1389 837//1389
f 816//1390 848//1390 806//1390
f 806//1391 848//1391 838//1391
f 817//1392 849//1392 807//1392
f 807//1393 849//1393 839//1393
f 818//1394 850//1394 808//1394
f 808//1395 850//1395 840//1395
f 826//1396 850//1396 818//1396
f 809//1397 851//1397 841//1397
f 819//1398 851//1398 809//1398
f 820//1399 852//1399 810//1399
f 810//1400 852//1400 842//1400
f 821//1401 853//1401 843//1401
f 822//1402 854//1402 813//1402
f 830//1403 854//1403 822//1403
f 813//1404 854//1404 845//1404
f 815//1405 855//1405 847//1405
f 823//1406 855//1406 815//1406
f 816//1407 856//1407 848//1407
f 824//1408 856//1408 816//1408
f 825//1409 857//1409 817//1409
f 817//1410 857//1410 849//1410
f 826//1411 858//1411 850//1411
f 835//1412 859//1412 827//1412
f 827//1413 859//1413 819//1413
f 819//1414 859//1414 851//1414
f 820//1415 860//1415 852//1415
f 836//1416 860//1416 828//1416
f 828//1417 860//1417 820//1417
f 821//1418 861//1418 853//1418
f 829//1419 861//1419 821//1419
f 830//1420 862//1420 854//1420
f 823//1421 863//1421 855//1421
f 831//1422 863//1422 823//1422
f 832//1423 864//1423 824//1423
f 824//1424 864//1424 856//1424
f 825//1425 865//1425 857//1425
f 833//1426 865//1426 825//1426
f 826//1427 866//1427 858//1427
f 834//1428 866//1428 826//1428
f 835//1429 867//1429 859//1429
f 845//1430 867//1430 835//1430
f 836//1431 868//1431 860//1431
f 837//1432 869//1432 829//1432
f 847//1433 869//1433 837//1433
f 829//1434 869//1434 861//1434
f 830//1435 870//1435 862//1435
f 838//1436 870//1436 830//1436
f 831//1437 871//1437 863//1437
f 839//1438 871//1438 831//1438
f 832//1439 872//1439 864//1439
f 840//1440 872//1440 832//1440
f 833//1441 873//1441 865//1441
f 841//1442 873//1442 833//1442
f 852//1443 874//1443 842//1443
f 834//1444 874//1444 866//1444
f 842//1445 874//1445 834//1445
f 844//1446 875//1446 876//1446
f 843//1447 875//1447 844//1447
f 845//1448 877//1448 867//1448
f 118//1449 878//1449 116//1449
f 836//1450 878//1450 868//1450
f 116//1451 878//1451 846//1451
f 846//1452 878//1452 836//1452
f 855//1453 879//1453 847//1453
f 847//1454 879//1454 869//1454
f 838//1455 880//1455 870//1455
f 848//1456 880//1456 838//1456
f 849//1457 881//1457 839//1457
f 839//1458 881//1458 871//1458
f 850//1459 882//1459 840//1459
f 840//1460 882//1460 872//1460
f 851//1461 883//1461 841//1461
f 841//1462 883//1462 873//1462
f 852//1463 884//1463 874//1463
f 853//1464 885//1464 843//1464
f 843//1465 885//1465 875//1465
f 854//1466 886//1466 845//1466
f 862//1467 886//1467 854//1467
f 845//1468 886//1468 877//1468
f 855//1469 887//1469 879//1469
f 856//1470 888//1470 848//1470
f 848//1471 888//1471 880//1471
f 857//1472 889//1472 849//1472
f 849//1473 889//1473 881//1473
f 850//1474 890//1474 882//1474
f 858//1475 890//1475 850//1475
f 859//1476 891//1476 851//1476
f 851//1477 891//1477 883//1477
f 860//1478 892//1478 852//1478
f 852//1479 892//1479 884//1479
f 853//1480 893//1480 885//1480
f 861//1481 893//1481 853//1481
f 862//1482 894//1482 886//1482
f 870//1483 894//1483 862//1483
f 855//1484 895//1484 887//1484
f 871//1485 895//1485 863//1485
f 863//1486 895//1486 855//1486
f 864//1487 896//1487 856//1487
f 856//1488 896//1488 888//1488
f 857//1489 897//1489 889//1489
f 865//1490 897//1490 857//1490
f 874//1491 898//1491 866//1491
f 858//1492 898//1492 890//1492
f 866//1493 898//1493 858//1493
f 859//1494 899//1494 891//1494
f 867//1495 899//1495 859//1495
f 868//1496 900//1496 860//1496
f 860//1497 900//1497 892//1497
f 861//1498 901//1498 893//1498
f 869//1499 901//1499 861//1499
f 879//1500 901//1500 869//1500
f 870//1501 902//1501 894//1501
f 871//1502 903//1502 895//1502
f 881//1503 903//1503 871//1503
f 864//1504 904//1504 896//1504
f 872//1505 904//1505 864//1505
f 865//1506 905//1506 897//1506
f 873//1507 905//1507 865//1507
f 874//1508 906//1508 898//1508
f 876//1509 907//1509 908//1509
f 875//1510 907//1510 876//1510
f 886//1511 909//1511 877//1511
f 867//1512 909//1512 899//1512
f 877//1513 909//1513 867//1513
f 120//1514 910//1514 118//1514
f 122//1515 910//1515 120//1515
f 868//1516 910//1516 900//1516
f 118//1517 910//1517 878//1517
f 878//1518 910//1518 868//1518
f 887//1519 911//1519 879//1519
f 879//1520 911//1520 901//1520
f 870//1521 912//1521 902//1521
f 880//1522 912//1522 870//1522
f 881//1523 913//1523 903//1523
f 889//1524 913//1524 881//1524
f 872//1525 914//1525 904//1525
f 882//1526 914//1526 872//1526
f 873//1527 915//1527 905//1527
f 883//1528 915//1528 873//1528
f 884//1529 916//1529 874//1529
f 874//1530 916//1530 906//1530
f 885//1531 917//1531 875//1531
f 875//1532 917//1532 907//1532
f 894//1533 918//1533 886//1533
f 886//1534 918//1534 909//1534
f 887//1535 919//1535 911//1535
f 880//1536 920//1536 912//1536
f 888//1537 920//1537 880//1537
f 889//1538 921//1538 913//1538
f 890//1539 922//1539 882//1539
f 882//1540 922//1540 914//1540
f 891//1541 923//1541 883//1541
f 883//1542 923//1542 915//1542
f 892//1543 924//1543 884//1543
f 884//1544 924//1544 916//1544
f 885//1545 925//1545 917//1545
f 893//1546 925//1546 885//1546
f 894//1547 926//1547 918//1547
f 895//1548 927//1548 887//1548
f 887//1549 927//1549 919//1549
f 896//1550 928//1550 888//1550
f 888//1551 928//1551 920//1551
f 897//1552 929//1552 889//1552
f 905//1553 929//1553 897//1553
f 889//1554 929//1554 921//1554
f 890//1555 930//1555 922//1555
f 898//1556 930//1556 890//1556
f 899//1557 931//1557 891//1557
f 891//1558 931//1558 923//1558
f 900//1559 932//1559 892//1559
f 892//1560 932//1560 924//1560
f 901//1561 933//1561 893//1561
f 893//1562 933//1562 925//1562
f 894//1563 934//1563 926//1563
f 902//1564 934//1564 894//1564
f 912//1565 934//1565 902//1565
f 895//1566 935//1566 927//1566
f 913//1567 935//1567 903//1567
f 903//1568 935//1568 895//1568
f 904//1569 936//1569 896//1569
f 896//1570 936//1570 928//1570
f 914//1571 936//1571 904//1571
f 905//1572 937//1572 929//1572
f 915//1573 937//1573 905//1573
f 898//1574 938//1574 930//1574
f 906//1575 938//1575 898//1575
f 908//1576 939//1576 940//1576
f 907//1577 939//1577 908//1577
f 909//1578 941//1578 899//1578
f 899//1579 941//1579 931//1579
f 910//1580 942//1580 900//1580
f 900//1581 942//1581 932//1581
f 122//1582 942//1582 910//1582
f 901//1583 943//1583 933//1583
f 911//1584 943//1584 901//1584
f 912//1585 944//1585 934//1585
f 913//1586 945//1586 935//1586
f 922//1587 946//1587 914//1587
f 914//1588 946//1588 936//1588
f 915//1589 947//1589 937//1589
f 906//1590 948//1590 938//1590
f 916//1591 948//1591 906//1591
f 907//1592 949//1592 939//1592
f 917//1593 949//1593 907//1593
f 918//1594 950//1594 909//1594
f 909//1595 950//1595 941//1595
f 911//1596 951//1596 943//1596
f 919//1597 951//1597 911//1597
f 920//1598 952//1598 912//1598
f 912//1599 952//1599 944//1599
f 913//1600 953//1600 945//1600
f 921//1601 953//1601 913//1601
f 930//1602 954//1602 922//1602
f 922//1603 954//1603 946//1603
f 923//1604 955//1604 915//1604
f 915//1605 955//1605 947//1605
f 924//1606 956//1606 916//1606
f 916//1607 956//1607 948//1607
f 925//1608 957//1608 917//1608
f 917//1609 957//1609 949//1609
f 918//1610 958//1610 950//1610
f 926//1611 958//1611 918//1611
f 927//1612 959//1612 919//1612
f 919//1613 959//1613 951//1613
f 928//1614 960//1614 920//1614
f 920//1615 960//1615 952//1615
f 929//1616 961//1616 921//1616
f 921//1617 961//1617 953//1617
f 930//1618 962//1618 954//1618
f 938//1619 962//1619 930//1619
f 931//1620 963//1620 923//1620
f 923//1621 963//1621 955//1621
f 924//1622 964//1622 956//1622
f 932//1623 964//1623 924//1623
f 942//1624 964//1624 932//1624
f 925//1625 965//1625 957//1625
f 933//1626 965//1626 925//1626
f 926//1627 966//1627 958//1627
f 934//1628 966//1628 926//1628
f 935//1629 967//1629 927//1629
f 927//1630 967//1630 959//1630
f 928//1631 968//1631 960//1631
f 936//1632 968//1632 928//1632
f 929//1633 969//1633 961//1633
f 947//1634 969//1634 937//1634
f 937//1635 969//1635 929//1635
f 938//1636 970//1636 962//1636
f 940//1637 971//1637 972//1637
f 939//1638 971//1638 940//1638
f 931//1639 973//1639 963//1639
f 941//1640 973//1640 931//1640
f 124//1641 974//1641 122//1641
f 122//1642 974//1642 942//1642
f 942//1643 974//1643 964//1643
f 933//1644 975//1644 965//1644
f 951//1645 975//1645 943//1645
f 943//1646 975//1646 933//1646
f 944//1647 976//1647 934//1647
f 934//1648 976//1648 966//1648
f 945//1649 977//1649 935//1649
f 953//1650 977//1650 945//1650
f 935//1651 977//1651 967//1651
f 936//1652 978//1652 968//1652
f 946//1653 978//1653 936//1653
f 947//1654 979//1654 969//1654
f 938//1655 980//1655 970//1655
f 948//1656 980//1656 938//1656
f 939//1657 981//1657 971//1657
f 949//1658 981//1658 939//1658
f 941//1659 982//1659 973//1659
f 950//1660 982//1660 941//1660
f 951//1661 983//1661 975//1661
f 944//1662 984//1662 976//1662
f 952//1663 984//1663 944//1663
f 953//1664 985//1664 977//1664
f 954//1665 986//1665 946//1665
f 946//1666 986//1666 978//1666
f 955//1667 987//1667 947//1667
f 963//1668 987//1668 955//1668
f 947//1669 987//1669 979//1669
f 956//1670 988//1670 948//1670
f 948//1671 988//1671 980//1671
f 964//1672 988//1672 956//1672
f 957//1673 989//1673 949//1673
f 949//1674 989//1674 981//1674
f 958//1675 990//1675 950//1675
f 950//1676 990//1676 982//1676
f 959//1677 991//1677 951//1677
f 951//1678 991//1678 983//1678
f 952//1679 992//1679 984//1679
f 960//1680 992//1680 952//1680
f 961//1681 993//1681 953//1681
f 953//1682 993//1682 985//1682
f 954//1683 994//1683 986//1683
f 962//1684 994//1684 954//1684
f 963//1685 995//1685 987//1685
f 973//1686 995//1686 963//1686
f 974//1687 996//1687 964//1687
f 964//1688 996//1688 988//1688
f 965//1689 997//1689 957//1689
f 957//1690 997//1690 989//1690
f 966//1691 998//1691 958//1691
f 958//1692 998//1692 990//1692
f 959//1693 999//1693 991//1693
f 967//1694 999//1694 959//1694
f 968//1695 1000//1695 960//1695
f 960//1696 1000//1696 992//1696
f 969//1697 1001//1697 961//1697
f 961//1698 1001//1698 993//1698
f 962//1699 1002//1699 994//1699
f 970//1700 1002//1700 962//1700
f 971//1701 1003//1701 972//1701
f 972//1702 1003//1702 1004//1702
f 1004//1703 1003//1703 1005//1703
f 973//1704 1006//1704 995//1704
f 982//1705 1006//1705 973//1705
f 974//1706 1007//1706 996//1706
f 126//1707 1007//1707 124//1707
f 128//1708 1007//1708 126//1708
f 124//1709 1007//1709 974//1709
f 965//1710 1008//1710 997//1710
f 975//1711 1008//1711 965//1711
f 983//1712 1008//1712 975//1712
f 966//1713 1009//1713 998//1713
f 976//1714 1009//1714 966//1714
f 967//1715 1010//1715 999//1715
f 977//1716 1010//1716 967//1716
f 986//1717 1011//1717 978//1717
f 978//1718 1011//1718 968//1718
f 968//1719 1011//1719 1000//1719
f 969//1720 1012//1720 1001//1720
f 979//1721 1012//1721 969//1721
f 970//1722 1013//1722 1002//1722
f 980//1723 1013//1723 970//1723
f 971//1724 1014//1724 1003//1724
f 981//1725 1014//1725 971//1725
f 982//1726 1015//1726 1006//1726
f 983//1727 1016//1727 1008//1727
f 976//1728 1017//1728 1009//1728
f 984//1729 1017//1729 976//1729
f 993//1730 1018//1730 985//1730
f 977//1731 1018//1731 1010//1731
f 985//1732 1018//1732 977//1732
f 986//1733 1019//1733 1011//1733
f 995//1734 1020//1734 987//1734
f 979//1735 1020//1735 1012//1735
f 987//1736 1020//1736 979//1736
f 988//1737 1021//1737 980//1737
f 980//1738 1021//1738 1013//1738
f 989//1739 1022//1739 981//1739
f 981//1740 1022//1740 1014//1740
f 990//1741 1023//1741 982//1741
f 982//1742 1023//1742 1015//1742
f 998//1743 1023//1743 990//1743
f 983//1744 1024//1744 1016//1744
f 991//1745 1024//1745 983//1745
f 984//1746 1025//1746 1017//1746
f 992//1747 1025//1747 984//1747
f 993//1748 1026//1748 1018//1748
f 986//1749 1027//1749 1019//1749
f 994//1750 1027//1750 986//1750
f 1002//1751 1027//1751 994//1751
f 995//1752 1028//1752 1020//1752
f 996//1753 1029//1753 988//1753
f 988//1754 1029//1754 1021//1754
f 997//1755 1030//1755 989//1755
f 989//1756 1030//1756 1022//1756
f 1009//1757 1031//1757 998//1757
f 998//1758 1031//1758 1023//1758
f 999//1759 1032//1759 991//1759
f 1010//1760 1032//1760 999//1760
f 991//1761 1032//1761 1024//1761
f 992//1762 1033//1762 1025//1762
f 1000//1763 1033//1763 992//1763
f 993//1764 1034//1764 1026//1764
f 1001//1765 1034//1765 993//1765
f 1002//1766 1035//1766 1027//1766
f 1013//1767 1035//1767 1002//1767
f 1003//1768 1036//1768 1005//1768
f 995//1769 1037//1769 1028//1769
f 1006//1770 1037//1770 995//1770
f 996//1771 1038//1771 1029//1771
f 1007//1772 1038//1772 996//1772
f 128//1773 1038//1773 1007//1773
f 1008//1774 1039//1774 997//1774
f 997//1775 1039//1775 1030//1775
f 1009//1776 1040//1776 1031//1776
f 1010//1777 1041//1777 1032//1777
f 1000//1778 1042//1778 1033//1778
f 1011//1779 1042//1779 1000//1779
f 1001//1780 1043//1780 1034//1780
f 1012//1781 1043//1781 1001//1781
f 1013//1782 1044//1782 1035//1782
f 1003//1783 1045//1783 1036//1783
f 1014//1784 1045//1784 1003//1784
f 1015//1785 1046//1785 1006//1785
f 1006//1786 1046//1786 1037//1786
f 1008//1787 1047//1787 1039//1787
f 1016//1788 1047//1788 1008//1788
f 1017//1789 1048//1789 1009//1789
f 1009//1790 1048//1790 1040//1790
f 1010//1791 1049//1791 1041//1791
f 1018//1792 1049//1792 1010//1792
f 1027//1793 1050//1793 1019//1793
f 1011//1794 1050//1794 1042//1794
f 1019//1795 1050//1795 1011//1795
f 1012//1796 1051//1796 1043//1796
f 1020//1797 1051//1797 1012//1797
f 1013//1798 1052//1798 1044//1798
f 1021//1799 1052//1799 1013//1799
f 1030//1800 1053//1800 1022//1800
f 1014//1801 1053//1801 1045//1801
f 1022//1802 1053//1802 1014//1802
f 1015//1803 1054//1803 1046//1803
f 1023//1804 1054//1804 1015//1804
f 1024//1805 1055//1805 1016//1805
f 1016//1806 1055//1806 1047//1806
f 1017//1807 1056//1807 1048//1807
f 1025//1808 1056//1808 1017//1808
f 1034//1809 1057//1809 1026//1809
f 1026//1810 1057//1810 1018//1810
f 1018//1811 1057//1811 1049//1811
f 1027//1812 1058//1812 1050//1812
f 1020//1813 1059//1813 1051//1813
f 1028//1814 1059//1814 1020//1814
f 1029//1815 1060//1815 1021//1815
f 1021//1816 1060//1816 1052//1816
f 1030//1817 1061//1817 1053//1817
f 1031//1818 1062//1818 1023//1818
f 1023//1819 1062//1819 1054//1819
f 1024//1820 1063//1820 1055//1820
f 1032//1821 1063//1821 1024//1821
f 1041//1822 1063//1822 1032//1822
f 1042//1823 1064//1823 1033//1823
f 1033//1824 1064//1824 1025//1824
f 1025//1825 1064//1825 1056//1825
f 1043//1826 1065//1826 1034//1826
f 1034//1827 1065//1827 1057//1827
f 1027//1828 1066//1828 1058//1828
f 1035//1829 1066//1829 1027//1829
f 1036//1830 1067//1830 1005//1830
f 1005//1831 1067//1831 1068//1831
f 1028//1832 1069//1832 1059//1832
f 1037//1833 1069//1833 1028//1833
f 1029//1834 1070//1834 1060//1834
f 130//1835 1070//1835 128//1835
f 1038//1836 1070//1836 1029//1836
f 128//1837 1070//1837 1038//1837
f 1030//1838 1071//1838 1061//1838
f 1039//1839 1071//1839 1030//1839
f 1040//1840 1072//1840 1031//1840
f 1031//1841 1072//1841 1062//1841
f 1041//1842 1073//1842 1063//1842
f 1042//1843 1074//1843 1064//1843
f 1043//1844 1075//1844 1065//1844
f 1035//1845 1076//1845 1066//1845
f 1044//1846 1076//1846 1035//1846
f 1036//1847 1077//1847 1067//1847
f 1045//1848 1077//1848 1036//1848
f 1037//1849 1078//1849 1069//1849
f 1046//1850 1078//1850 1037//1850
f 1039//1851 1079//1851 1071//1851
f 1047//1852 1079//1852 1039//1852
f 1048//1853 1080//1853 1040//1853
f 1040//1854 1080//1854 1072//1854
f 1049//1855 1081//1855 1041//1855
f 1041//1856 1081//1856 1073//1856
f 1050//1857 1082//1857 1042//1857
f 1042//1858 1082//1858 1074//1858
f 1059//1859 1083//1859 1051//1859
f 1043//1860 1083//1860 1075//1860
f 1051//1861 1083//1861 1043//1861
f 1044//1862 1084//1862 1076//1862
f 1052//1863 1084//1863 1044//1863
f 1053//1864 1085//1864 1045//1864
f 1045//1865 1085//1865 1077//1865
f 1046//1866 1086//1866 1078//1866
f 1054//1867 1086//1867 1046//1867
f 1047//1868 1087//1868 1079//1868
f 1055//1869 1087//1869 1047//1869
f 1048//1870 1088//1870 1080//1870
f 1056//1871 1088//1871 1048//1871
f 1049//1872 1089//1872 1081//1872
f 1057//1873 1089//1873 1049//1873
f 1066//1874 1090//1874 1058//1874
f 1058//1875 1090//1875 1050//1875
f 1050//1876 1090//1876 1082//1876
f 1059//1877 1091//1877 1083//1877
f 1069//1878 1091//1878 1059//1878
f 1052//1879 1092//1879 1084//1879
f 1060//1880 1092//1880 1052//1880
f 1070//1881 1092//1881 1060//1881
f 1053//1882 1093//1882 1085//1882
f 1061//1883 1093//1883 1053//1883
f 1062//1884 1094//1884 1054//1884
f 1054//1885 1094//1885 1086//1885
f 1063//1886 1095//1886 1055//1886
f 1055//1887 1095//1887 1087//1887
f 1064//1888 1096//1888 1056//1888
f 1056//1889 1096//1889 1088//1889
f 1065//1890 1097//1890 1057//1890
f 1057//1891 1097//1891 1089//1891
f 1066//1892 1098//1892 1090//1892
f 1067//1893 1099//1893 1068//1893
f 1068//1894 1099//1894 1100//1894
f 1078//1895 1101//1895 1069//1895
f 1069//1896 1101//1896 1091//1896
f 1070//1897 1102//1897 1092//1897
f 132//1898 1102//1898 130//1898
f 130//1899 1102//1899 1070//1899
f 134//1900 1102//1900 132//1900
f 1061//1901 1103//1901 1093//1901
f 1071//1902 1103//1902 1061//1902
f 1072//1903 1104//1903 1062//1903
f 1062//1904 1104//1904 1094//1904
f 1073//1905 1105//1905 1063//1905
f 1063//1906 1105//1906 1095//1906
f 1081//1907 1105//1907 1073//1907
f 1064//1908 1106//1908 1096//1908
f 1074//1909 1106//1909 1064//1909
f 1065//1910 1107//1910 1097//1910
f 1075//1911 1107//1911 1065//1911
f 1066//1912 1108//1912 1098//1912
f 1084//1913 1108//1913 1076//1913
f 1076//1914 1108//1914 1066//1914
f 1077//1915 1109//1915 1067//1915
f 1067//1916 1109//1916 1099//1916
f 1086//1917 1110//1917 1078//1917
f 1078//1918 1110//1918 1101//1918
f 1071//1919 1111//1919 1103//1919
f 1079//1920 1111//1920 1071//1920
f 1072//1921 1112//1921 1104//1921
f 1080//1922 1112//1922 1072//1922
f 1081//1923 1113//1923 1105//1923
f 1074//1924 1114//1924 1106//1924
f 1082//1925 1114//1925 1074//1925
f 1090//1926 1114//1926 1082//1926
f 1075//1927 1115//1927 1107//1927
f 1083//1928 1115//1928 1075//1928
f 1084//1929 1116//1929 1108//1929
f 1077//1930 1117//1930 1109//1930
f 1093//1931 1117//1931 1085//1931
f 1085//1932 1117//1932 1077//1932
f 1086//1933 1118//1933 1110//1933
f 1079//1934 1119//1934 1111//1934
f 1087//1935 1119//1935 1079//1935
f 1080//1936 1120//1936 1112//1936
f 1088//1937 1120//1937 1080//1937
f 1081//1938 1121//1938 1113//1938
f 1089//1939 1121//1939 1081//1939
f 1090//1940 1122//1940 1114//1940
f 1091//1941 1123//1941 1083//1941
f 1083//1942 1123//1942 1115//1942
f 1092//1943 1124//1943 1084//1943
f 1084//1944 1124//1944 1116//1944
f 1093//1945 1125//1945 1117//1945
f 1094//1946 1126//1946 1086//1946
f 1104//1947 1126//1947 1094//1947
f 1086//1948 1126//1948 1118//1948
f 1087//1949 1127//1949 1119//1949
f 1095//1950 1127//1950 1087//1950
f 1088//1951 1128//1951 1120//1951
f 1096//1952 1128//1952 1088//1952
f 1097//1953 1129//1953 1089//1953
f 1089//1954 1129//1954 1121//1954
f 1108//1955 1130//1955 1098//1955
f 1098//1956 1130//1956 1090//1956
f 1090//1957 1130//1957 1122//1957
f 1099//1958 1131//1958 1100//1958
f 1100//1959 1131//1959 1132//1959
f 1132//1960 1131//1960 1133//1960
f 1101//1961 1134//1961 1091//1961
f 1091//1962 1134//1962 1123//1962
f 136//1963 1135//1963 134//1963
f 1092//1964 1135//1964 1124//1964
f 134//1965 1135//1965 1102//1965
f 1102//1966 1135//1966 1092//1966
f 1103//1967 1136//1967 1093//1967
f 1093//1968 1136//1968 1125//1968
f 1111//1969 1136//1969 1103//1969
f 1104//1970 1137//1970 1126//1970
f 1105//1971 1138//1971 1095//1971
f 1095//1972 1138//1972 1127//1972
f 1106//1973 1139//1973 1096//1973
f 1096//1974 1139//1974 1128//1974
f 1107//1975 1140//1975 1097//1975
f 1097//1976 1140//1976 1129//1976
f 1108//1977 1141//1977 1130//1977
f 1116//1978 1141//1978 1108//1978
f 1109//1979 1142//1979 1099//1979
f 1099//1980 1142//1980 1131//1980
f 1101//1981 1143//1981 1134//1981
f 1110//1982 1143//1982 1101//1982
f 1111//1983 1144//1983 1136//1983
f 1104//1984 1145//1984 1137//1984
f 1112//1985 1145//1985 1104//1985
f 1105//1986 1146//1986 1138//1986
f 1113//1987 1146//1987 1105//1987
f 1114//1988 1147//1988 1106//1988
f 1106//1989 1147//1989 1139//1989
f 1107//1990 1148//1990 1140//1990
f 1123//1991 1148//1991 1115//1991
f 1115//1992 1148//1992 1107//1992
f 1116//1993 1149//1993 1141//1993
f 1109//1994 1150//1994 1142//1994
f 1117//1995 1150//1995 1109//1995
f 1110//1996 1151//1996 1143//1996
f 1118//1997 1151//1997 1110//1997
f 1119//1998 1152//1998 1111//1998
f 1111//1999 1152//1999 1144//1999
f 1112//2000 1153//2000 1145//2000
f 1120//2001 1153//2001 1112//2001
f 1113//2002 1154//2002 1146//2002
f 1121//2003 1154//2003 1113//2003
f 1114//2004 1155//2004 1147//2004
f 1122//2005 1155//2005 1114//2005
f 1123//2006 1156//2006 1148//2006
f 1135//2007 1157//2007 1124//2007
f 1116//2008 1157//2008 1149//2008
f 1124//2009 1157//2009 1116//2009
f 1125//2010 1158//2010 1117//2010
f 1117//2011 1158//2011 1150//2011
f 1118//2012 1159//2012 1151//2012
f 1126//2013 1159//2013 1118//2013
f 1137//2014 1159//2014 1126//2014
f 1127//2015 1160//2015 1119//2015
f 1119//2016 1160//2016 1152//2016
f 1128//2017 1161//2017 1120//2017
f 1139//2018 1161//2018 1128//2018
f 1120//2019 1161//2019 1153//2019
f 1129//2020 1162//2020 1121//2020
f 1140//2021 1162//2021 1129//2021
f 1121//2022 1162//2022 1154//2022
f 1130//2023 1163//2023 1122//2023
f 1122//2024 1163//2024 1155//2024
f 1131//2025 1164//2025 1133//2025
f 1134//2026 1165//2026 1123//2026
f 1123//2027 1165//2027 1156//2027
f 1135//2028 1166//2028 1157//2028
f 136//2029 1166//2029 1135//2029
f 1125//2030 1167//2030 1158//2030
f 1136//2031 1167//2031 1125//2031
f 1137//2032 1168//2032 1159//2032
f 1138//2033 1169//2033 1127//2033
f 1127//2034 1169//2034 1160//2034
f 1139//2035 1170//2035 1161//2035
f 1148//2036 1171//2036 1140//2036
f 1140//2037 1171//2037 1162//2037
f 1130//2038 1172//2038 1163//2038
f 1141//2039 1172//2039 1130//2039
f 1142//2040 1173//2040 1131//2040
f 1131//2041 1173//2041 1164//2041
f 1143//2042 1174//2042 1134//2042
f 1134//2043 1174//2043 1165//2043
f 1136//2044 1175//2044 1167//2044
f 1144//2045 1175//2045 1136//2045
f 1137//2046 1176//2046 1168//2046
f 1145//2047 1176//2047 1137//2047
f 1146//2048 1177//2048 1138//2048
f 1138//2049 1177//2049 1169//2049
f 1139//2050 1178//2050 1170//2050
f 1147//2051 1178//2051 1139//2051
f 1148//2052 1179//2052 1171//2052
f 1141//2053 1180//2053 1172//2053
f 1149//2054 1180//2054 1141//2054
f 1142//2055 1181//2055 1173//2055
f 1150//2056 1181//2056 1142//2056
f 1158//2057 1181//2057 1150//2057
f 1143//2058 1182//2058 1174//2058
f 1151//2059 1182//2059 1143//2059
f 1144//2060 1183//2060 1175//2060
f 1152//2061 1183//2061 1144//2061
f 1145//2062 1184//2062 1176//2062
f 1161//2063 1184//2063 1153//2063
f 1153//2064 1184//2064 1145//2064
f 1162//2065 1185//2065 1154//2065
f 1146//2066 1185//2066 1177//2066
f 1154//2067 1185//2067 1146//2067
f 1163//2068 1186//2068 1155//2068
f 1147//2069 1186//2069 1178//2069
f 1155//2070 1186//2070 1147//2070
f 1165//2071 1187//2071 1156//2071
f 1148//2072 1187//2072 1179//2072
f 1156//2073 1187//2073 1148//2073
f 1149//2074 1188//2074 1180//2074
f 1157//2075 1188//2075 1149//2075
f 1158//2076 1189//2076 1181//2076
f 1151//2077 1190//2077 1182//2077
f 1159//2078 1190//2078 1151//2078
f 1152//2079 1191//2079 1183//2079
f 1160//2080 1191//2080 1152//2080
f 1161//2081 1192//2081 1184//2081
f 1162//2082 1193//2082 1185//2082
f 1172//2083 1194//2083 1163//2083
f 1163//2084 1194//2084 1186//2084
f 1164//2085 1195//2085 1133//2085
f 1133//2086 1195//2086 1196//2086
f 1174//2087 1197//2087 1165//2087
f 1165//2088 1197//2088 1187//2088
f 136//2089 1198//2089 1166//2089
f 1166//2090 1198//2090 1157//2090
f 138//2091 1198//2091 136//2091
f 1157//2092 1198//2092 1188//2092
f 1158//2093 1199//2093 1189//2093
f 1175//2094 1199//2094 1167//2094
f 1167//2095 1199//2095 1158//2095
f 1159//2096 1200//2096 1190//2096
f 1168//2097 1200//2097 1159//2097
f 1177//2098 1201//2098 1169//2098
f 1160//2099 1201//2099 1191//2099
f 1169//2100 1201//2100 1160//2100
f 1161//2101 1202//2101 1192//2101
f 1170//2102 1202//2102 1161//2102
f 1171//2103 1203//2103 1162//2103
f 1179//2104 1203//2104 1171//2104
f 1162//2105 1203//2105 1193//2105
f 1172//2106 1204//2106 1194//2106
f 1173//2107 1205//2107 1164//2107
f 1164//2108 1205//2108 1195//2108
f 1174//2109 1206//2109 1197//2109
f 1182//2110 1206//2110 1174//2110
f 1175//2111 1207//2111 1199//2111
f 1176//2112 1208//2112 1168//2112
f 1168//2113 1208//2113 1200//2113
f 1184//2114 1208//2114 1176//2114
f 1177//2115 1209//2115 1201//2115
f 1170//2116 1210//2116 1202//2116
f 1178//2117 1210//2117 1170//2117
f 1186//2118 1210//2118 1178//2118
f 1179//2119 1211//2119 1203//2119
f 1172//2120 1212//2120 1204//2120
f 1180//2121 1212//2121 1172//2121
f 1188//2122 1212//2122 1180//2122
f 1173//2123 1213//2123 1205//2123
f 1181//2124 1213//2124 1173//2124
f 1182//2125 1214//2125 1206//2125
f 1175//2126 1215//2126 1207//2126
f 1183//2127 1215//2127 1175//2127
f 1184//2128 1216//2128 1208//2128
f 1185//2129 1217//2129 1177//2129
f 1177//2130 1217//2130 1209//2130
f 1186//2131 1218//2131 1210//2131
f 1197//2132 1219//2132 1187//2132
f 1179//2133 1219//2133 1211//2133
f 1187//2134 1219//2134 1179//2134
f 1198//2135 1220//2135 1188//2135
f 1188//2136 1220//2136 1212//2136
f 1189//2137 1221//2137 1181//2137
f 1181//2138 1221//2138 1213//2138
f 1200//2139 1222//2139 1190//2139
f 1182//2140 1222//2140 1214//2140
f 1190//2141 1222//2141 1182//2141
f 1183//2142 1223//2142 1215//2142
f 1191//2143 1223//2143 1183//2143
f 1184//2144 1224//2144 1216//2144
f 1192//2145 1224//2145 1184//2145
f 1193//2146 1225//2146 1185//2146
f 1185//2147 1225//2147 1217//2147
f 1186//2148 1226//2148 1218//2148
f 1194//2149 1226//2149 1186//2149
f 1196//2150 1227//2150 1228//2150
f 1228//2151 1227//2151 1229//2151
f 1229//2152 1227//2152 1230//2152
f 1195//2153 1227//2153 1196//2153
f 1197//2154 1231//2154 1219//2154
f 138//2155 1232//2155 1198//2155
f 139//2156 1232//2156 138//2156
f 1198//2157 1232//2157 1220//2157
f 1199//2158 1233//2158 1189//2158
f 1189//2159 1233//2159 1221//2159
f 1200//2160 1234//2160 1222//2160
f 1191//2161 1235//2161 1223//2161
f 1201//2162 1235//2162 1191//2162
f 1202//2163 1236//2163 1192//2163
f 1210//2164 1236//2164 1202//2164
f 1192//2165 1236//2165 1224//2165
f 1203//2166 1237//2166 1193//2166
f 1193//2167 1237//2167 1225//2167
f 1204//2168 1238//2168 1194//2168
f 1194//2169 1238//2169 1226//2169
f 1227//2170 1239//2170 1230//2170
f 1205//2171 1239//2171 1195//2171
f 1195//2172 1239//2172 1227//2172
f 1230//2173 1239//2173 1240//2173
f 1197//2174 1241//2174 1231//2174
f 1214//2175 1241//2175 1206//2175
f 1206//2176 1241//2176 1197//2176
f 1207//2177 1242//2177 1199//2177
f 1199//2178 1242//2178 1233//2178
f 1200//2179 1243//2179 1234//2179
f 1208//2180 1243//2180 1200//2180
f 1209//2181 1244//2181 1201//2181
f 1201//2182 1244//2182 1235//2182
f 1210//2183 1245//2183 1236//2183
f 1211//2184 1246//2184 1203//2184
f 1203//2185 1246//2185 1237//2185
f 1212//2186 1247//2186 1204//2186
f 1204//2187 1247//2187 1238//2187
f 1213//2188 1248//2188 1205//2188
f 1239//2189 1248//2189 1240//2189
f 1240//2190 1248//2190 1249//2190
f 1205//2191 1248//2191 1239//2191
f 1214//2192 1250//2192 1241//2192
f 1207//2193 1251//2193 1242//2193
f 1215//2194 1251//2194 1207//2194
f 1208//2195 1252//2195 1243//2195
f 1216//2196 1252//2196 1208//2196
f 1217//2197 1253//2197 1209//2197
f 1209//2198 1253//2198 1244//2198
f 1210//2199 1254//2199 1245//2199
f 1218//2200 1254//2200 1210//2200
f 1219//2201 1255//2201 1211//2201
f 1211//2202 1255//2202 1246//2202
f 1212//2203 1256//2203 1247//2203
f 1220//2204 1256//2204 1212//2204
f 1221//2205 1257//2205 1213//2205
f 1213//2206 1257//2206 1248//2206
f 1249//2207 1257//2207 1258//2207
f 1248//2208 1257//2208 1249//2208
f 1222//2209 1259//2209 1214//2209
f 1214//2210 1259//2210 1250//2210
f 1234//2211 1259//2211 1222//2211
f 1215//2212 1260//2212 1251//2212
f 1223//2213 1260//2213 1215//2213
f 1224//2214 1261//2214 1216//2214
f 1216//2215 1261//2215 1252//2215
f 1217//2216 1262//2216 1253//2216
f 1225//2217 1262//2217 1217//2217
f 1218//2218 1263//2218 1254//2218
f 1226//2219 1263//2219 1218//2219
f 1219//2220 1264//2220 1255//2220
f 1231//2221 1264//2221 1219//2221
f 142//2222 1265//2222 139//2222
f 144//2223 1265//2223 142//2223
f 1220//2224 1265//2224 1256//2224
f 139//2225 1265//2225 1232//2225
f 1232//2226 1265//2226 1220//2226
f 1233//2227 1266//2227 1221//2227
f 1221//2228 1266//2228 1257//2228
f 1258//2229 1266//2229 1267//2229
f 1242//2230 1266//2230 1233//2230
f 1257//2231 1266//2231 1258//2231
f 1234//2232 1268//2232 1259//2232
f 1244//2233 1269//2233 1235//2233
f 1235//2234 1269//2234 1223//2234
f 1223//2235 1269//2235 1260//2235
f 1236//2236 1270//2236 1224//2236
f 1224//2237 1270//2237 1261//2237
f 1237//2238 1271//2238 1225//2238
f 1225//2239 1271//2239 1262//2239
f 1238//2240 1272//2240 1226//2240
f 1247//2241 1272//2241 1238//2241
f 1226//2242 1272//2242 1263//2242
f 1231//2243 1273//2243 1264//2243
f 1241//2244 1273//2244 1231//2244
f 1266//2245 1274//2245 1267//2245
f 1242//2246 1274//2246 1266//2246
f 1267//2247 1274//2247 1275//2247
f 1243//2248 1276//2248 1234//2248
f 1234//2249 1276//2249 1268//2249
f 1244//2250 1277//2250 1269//2250
f 1245//2251 1278//2251 1236//2251
f 1236//2252 1278//2252 1270//2252
f 1237//2253 1279//2253 1271//2253
f 1246//2254 1279//2254 1237//2254
f 1247//2255 1280//2255 1272//2255
f 1256//2256 1280//2256 1247//2256
f 1250//2257 1281//2257 1241//2257
f 1241//2258 1281//2258 1273//2258
f 1251//2259 1282//2259 1242//2259
f 1242//2260 1282//2260 1274//2260
f 1274//2261 1282//2261 1275//2261
f 1275//2262 1282//2262 1283//2262
f 1283//2263 1282//2263 1284//2263
f 1252//2264 1285//2264 1243//2264
f 1243//2265 1285//2265 1276//2265
f 1253//2266 1286//2266 1244//2266
f 1244//2267 1286//2267 1277//2267
f 1245//2268 1287//2268 1278//2268
f 1254//2269 1287//2269 1245//2269
f 1246//2270 1288//2270 1279//2270
f 1255//2271 1288//2271 1246//2271
f 1256//2272 1289//2272 1280//2272
f 1250//2273 1290//2273 1281//2273
f 1259//2274 1290//2274 1250//2274
f 1282//2275 1291//2275 1284//2275
f 1260//2276 1291//2276 1251//2276
f 1251//2277 1291//2277 1282//2277
f 1261//2278 1292//2278 1252//2278
f 1252//2279 1292//2279 1285//2279
f 1262//2280 1293//2280 1253//2280
f 1253//2281 1293//2281 1286//2281
f 1254//2282 1294//2282 1287//2282
f 1263//2283 1294//2283 1254//2283
f 1273//2284 1295//2284 1264//2284
f 1264//2285 1295//2285 1255//2285
f 1255//2286 1295//2286 1288//2286
f 1256//2287 1296//2287 1289//2287
f 1265//2288 1296//2288 1256//2288
f 144//2289 1296//2289 1265//2289
f 1259//2290 1297//2290 1290//2290
f 1268//2291 1297//2291 1259//2291
f 1260//2292 1298//2292 1291//2292
f 1291//2293 1298//2293 1284//2293
f 1269//2294 1298//2294 1260//2294
f 1284//2295 1298//2295 1299//2295
f 1261//2296 1300//2296 1292//2296
f 1270//2297 1300//2297 1261//2297
f 1279//2298 1301//2298 1271//2298
f 1271//2299 1301//2299 1262//2299
f 1262//2300 1301//2300 1293//2300
f 1272//2301 1302//2301 1263//2301
f 1263//2302 1302//2302 1294//2302
f 1273//2303 1303//2303 1295//2303
f 1276//2304 1304//2304 1268//2304
f 1268//2305 1304//2305 1297//2305
f 1298//2306 1305//2306 1299//2306
f 1269//2307 1305//2307 1298//2307
f 1299//2308 1305//2308 1306//2308
f 1277//2309 1305//2309 1269//2309
f 1270//2310 1307//2310 1300//2310
f 1278//2311 1307//2311 1270//2311
f 1287//2312 1307//2312 1278//2312
f 1279//2313 1308//2313 1301//2313
f 1280//2314 1309//2314 1272//2314
f 1272//2315 1309//2315 1302//2315
f 1273//2316 1310//2316 1303//2316
f 1281//2317 1310//2317 1273//2317
f 1285//2318 1311//2318 1276//2318
f 1276//2319 1311//2319 1304//2319
f 1305//2320 1312//2320 1306//2320
f 1306//2321 1312//2321 1313//2321
f 1313//2322 1312//2322 1314//2322
f 1277//2323 1312//2323 1305//2323
f 1286//2324 1312//2324 1277//2324
f 1287//2325 1315//2325 1307//2325
f 1295//2326 1316//2326 1288//2326
f 1288//2327 1316//2327 1279//2327
f 1279//2328 1316//2328 1308//2328
f 1289//2329 1317//2329 1280//2329
f 1280//2330 1317//2330 1309//2330
f 1297//2331 1318//2331 1290//2331
f 1281//2332 1318//2332 1310//2332
f 1290//2333 1318//2333 1281//2333
f 1292//2334 1319//2334 1285//2334
f 1285//2335 1319//2335 1311//2335
f 1300//2336 1319//2336 1292//2336
f 1293//2337 1320//2337 1286//2337
f 1286//2338 1320//2338 1312//2338
f 1312//2339 1320//2339 1314//2339
f 1287//2340 1321//2340 1315//2340
f 1294//2341 1321//2341 1287//2341
f 1295//2342 1322//2342 1316//2342
f 146//2343 1323//2343 144//2343
f 1289//2344 1323//2344 1317//2344
f 144//2345 1323//2345 1296//2345
f 1296//2346 1323//2346 1289//2346
f 1297//2347 1324//2347 1318//2347
f 1300//2348 1325//2348 1319//2348
f 1308//2349 1326//2349 1301//2349
f 1301//2350 1326//2350 1293//2350
f 1314//2351 1326//2351 1327//2351
f 1327//2352 1326//2352 1328//2352
f 1320//2353 1326//2353 1314//2353
f 1293//2354 1326//2354 1320//2354
f 1294//2355 1329//2355 1321//2355
f 1302//2356 1329//2356 1294//2356
f 1303//2357 1330//2357 1295//2357
f 1295//2358 1330//2358 1322//2358
f 1310//2359 1330//2359 1303//2359
f 1297//2360 1331//2360 1324//2360
f 1304//2361 1331//2361 1297//2361
f 1300//2362 1332//2362 1325//2362
f 1307//2363 1332//2363 1300//2363
f 1308//2364 1333//2364 1326//2364
f 1326//2365 1333//2365 1328//2365
f 1317//2366 1334//2366 1309//2366
f 1302//2367 1334//2367 1329//2367
f 1309//2368 1334//2368 1302//2368
f 1310//2369 1335//2369 1330//2369
f 1304//2370 1336//2370 1331//2370
f 1311//2371 1336//2371 1304//2371
f 1307//2372 1337//2372 1332//2372
f 1315//2373 1337//2373 1307//2373
f 1308//2374 1338//2374 1333//2374
f 1316//2375 1338//2375 1308//2375
f 1333//2376 1338//2376 1328//2376
f 1328//2377 1338//2377 1339//2377
f 1339//2378 1338//2378 1340//2378
f 1317//2379 1341//2379 1334//2379
f 1310//2380 1342//2380 1335//2380
f 1318//2381 1342//2381 1310//2381
f 1324//2382 1342//2382 1318//2382
f 1311//2383 1343//2383 1336//2383
f 1319//2384 1343//2384 1311//2384
f 1315//2385 1344//2385 1337//2385
f 1321//2386 1344//2386 1315//2386
f 1322//2387 1345//2387 1316//2387
f 1338//2388 1345//2388 1340//2388
f 1316//2389 1345//2389 1338//2389
f 146//2390 1346//2390 1323//2390
f 147//2391 1346//2391 146//2391
f 1323//2392 1346//2392 1317//2392
f 1317//2393 1346//2393 1341//2393
f 1324//2394 1347//2394 1342//2394
f 1331//2395 1347//2395 1324//2395
f 1325//2396 1348//2396 1319//2396
f 1332//2397 1348//2397 1325//2397
f 1319//2398 1348//2398 1343//2398
f 1329//2399 1349//2399 1321//2399
f 1321//2400 1349//2400 1344//2400
f 1334//2401 1349//2401 1329//2401
f 1330//2402 1350//2402 1322//2402
f 1322//2403 1350//2403 1345//2403
f 1345//2404 1350//2404 1340//2404
f 1340//2405 1350//2405 1351//2405
f 1351//2406 1350//2406 1352//2406
f 1331//2407 1353//2407 1347//2407
f 1337//2408 1354//2408 1332//2408
f 1332//2409 1354//2409 1348//2409
f 1341//2410 1355//2410 1334//2410
f 1334//2411 1355//2411 1349//2411
f 1335//2412 1356//2412 1330//2412
f 1330//2413 1356//2413 1350//2413
f 1350//2414 1356//2414 1352//2414
f 1336//2415 1357//2415 1331//2415
f 1343//2416 1357//2416 1336//2416
f 1331//2417 1357//2417 1353//2417
f 1337//2418 1358//2418 1354//2418
f 1341//2419 1359//2419 1355//2419
f 1335//2420 1360//2420 1356//2420
f 1356//2421 1360//2421 1352//2421
f 1342//2422 1360//2422 1335//2422
f 1352//2423 1360//2423 1361//2423
f 1361//2424 1360//2424 1362//2424
f 1348//2425 1363//2425 1343//2425
f 1343//2426 1363//2426 1357//2426
f 1344//2427 1364//2427 1337//2427
f 1337//2428 1364//2428 1358//2428
f 1349//2429 1364//2429 1344//2429
f 1341//2430 1365//2430 1359//2430
f 150//2431 1365//2431 147//2431
f 147//2432 1365//2432 1346//2432
f 1346//2433 1365//2433 1341//2433
f 1342//2434 1366//2434 1360//2434
f 1360//2435 1366//2435 1362//2435
f 1347//2436 1366//2436 1342//2436
f 1362//2437 1366//2437 1367//2437
f 1348//2438 1368//2438 1363//2438
f 1349//2439 1369//2439 1364//2439
f 1366//2440 1370//2440 1367//2440
f 1347//2441 1370//2441 1366//2441
f 1353//2442 1370//2442 1347//2442
f 1367//2443 1370//2443 1371//2443
f 1354//2444 1372//2444 1348//2444
f 1348//2445 1372//2445 1368//2445
f 1349//2446 1373//2446 1369//2446
f 1355//2447 1373//2447 1349//2447
f 1357//2448 1374//2448 1353//2448
f 1370//2449 1374//2449 1371//2449
f 1363//2450 1374//2450 1357//2450
f 1353//2451 1374//2451 1370//2451
f 1354//2452 1375//2452 1372//2452
f 1358//2453 1375//2453 1354//2453
f 1364//2454 1375//2454 1358//2454
f 1355//2455 1376//2455 1373//2455
f 1359//2456 1376//2456 1355//2456
f 1363//2457 1377//2457 1374//2457
f 1374//2458 1377//2458 1371//2458
f 1371//2459 1377//2459 1378//2459
f 1378//2460 1377//2460 1379//2460
f 1364//2461 1380//2461 1375//2461
f 1365//2462 1381//2462 1359//2462
f 152//2463 1381//2463 150//2463
f 154//2464 1381//2464 152//2464
f 150//2465 1381//2465 1365//2465
f 1359//2466 1381//2466 1376//2466
f 1368//2467 1382//2467 1363//2467
f 1363//2468 1382//2468 1377//2468
f 1377//2469 1382//2469 1379//2469
f 1379//2470 1382//2470 1383//2470
f 1373//2471 1384//2471 1369//2471
f 1364//2472 1384//2472 1380//2472
f 1369//2473 1384//2473 1364//2473
f 1372//2474 1385//2474 1368//2474
f 1368//2475 1385//2475 1382//2475
f 1382//2476 1385//2476 1383//2476
f 1383//2477 1385//2477 1386//2477
f 1373//2478 1387//2478 1384//2478
f 1376//2479 1387//2479 1373//2479
f 1375//2480 1388//2480 1372//2480
f 1372//2481 1388//2481 1385//2481
f 1385//2482 1388//2482 1386//2482
f 1386//2483 1388//2483 1389//2483
f 1376//2484 1390//2484 1387//2484
f 1380//2485 1391//2485 1375//2485
f 1384//2486 1391//2486 1380//2486
f 1375//2487 1391//2487 1388//2487
f 1388//2488 1391//2488 1389//2488
f 154//2489 1392//2489 1381//2489
f 1381//2490 1392//2490 1376//2490
f 1376//2491 1392//2491 1390//2491
f 1384//2492 1393//2492 1391//2492
f 1391//2493 1393//2493 1389//2493
f 1389//2494 1393//2494 1394//2494
f 1394//2495 1393//2495 1395//2495
f 1387//2496 1396//2496 1384//2496
f 1384//2497 1396//2497 1393//2497
f 1393//2498 1396//2498 1395//2498
f 1387//2499 1397//2499 1396//2499
f 1390//2500 1397//2500 1387//2500
f 1395//2501 1397//2501 1398//2501
f 1396//2502 1397//2502 1395//2502
f 1390//2503 1399//2503 1397//2503
f 1397//2504 1399//2504 1398//2504
f 154//2505 1399//2505 1392//2505
f 156//2506 1399//2506 154//2506
f 158//2507 1399//2507 156//2507
f 1392//2508 1399//2508 1390//2508
f 1398//2509 1399//2509 1400//2509
f 1400//2510 1399//2510 158//2510
f 225//2511 226//2511 1401//2511
f 1402//2512 1403//2512 1404//2512
f 1404//2513 1403//2513 1405//2513
f 1406//2514 1407//2514 1402//2514
f 1402//2515 1407//2515 1403//2515
f 1408//2516 1409//2516 1406//2516
f 1406//2517 1409//2517 1407//2517
f 1410//2518 1411//2518 1408//2518
f 1408//2519 1411//2519 1409//2519
f 1405//2520 1412//2520 1413//2520
f 1403//2521 1412//2521 1405//2521
f 1414//2522 1415//2522 1410//2522
f 1410//2523 1415//2523 1411//2523
f 1409//2524 1416//2524 1407//2524
f 1403//2525 1416//2525 1412//2525
f 1407//2526 1416//2526 1403//2526
f 1417//2527 1418//2527 1414//2527
f 1414//2528 1418//2528 1415//2528
f 1409//2529 1419//2529 1416//2529
f 1411//2530 1419//2530 1409//2530
f 1420//2531 1421//2531 1417//2531
f 1417//2532 1421//2532 1418//2532
f 1411//2533 1422//2533 1419//2533
f 1423//2534 1424//2534 1420//2534
f 1420//2535 1424//2535 1421//2535
f 1413//2536 1425//2536 1426//2536
f 1426//2537 1425//2537 1427//2537
f 1412//2538 1425//2538 1413//2538
f 1415//2539 1428//2539 1411//2539
f 1411//2540 1428//2540 1422//2540
f 1429//2541 1430//2541 1423//2541
f 1423//2542 1430//2542 1424//2542
f 1416//2543 1431//2543 1412//2543
f 1412//2544 1431//2544 1425//2544
f 1415//2545 1432//2545 1428//2545
f 1421//2546 1432//2546 1418//2546
f 1418//2547 1432//2547 1415//2547
f 1433//2548 1434//2548 1429//2548
f 1429//2549 1434//2549 1430//2549
f 1416//2550 1435//2550 1431//2550
f 1419//2551 1435//2551 1416//2551
f 1421//2552 1436//2552 1432//2552
f 1424//2553 1436//2553 1421//2553
f 1433//2554 1437//2554 1434//2554
f 1438//2555 1437//2555 1433//2555
f 1422//2556 1439//2556 1419//2556
f 1419//2557 1439//2557 1435//2557
f 1424//2558 1440//2558 1436//2558
f 1441//2559 1442//2559 1438//2559
f 1438//2560 1442//2560 1437//2560
f 1425//2561 1443//2561 1427//2561
f 1422//2562 1444//2562 1439//2562
f 1428//2563 1444//2563 1422//2563
f 1430//2564 1445//2564 1424//2564
f 1424//2565 1445//2565 1440//2565
f 1434//2566 1445//2566 1430//2566
f 1446//2567 1447//2567 1441//2567
f 1441//2568 1447//2568 1442//2568
f 1425//2569 1448//2569 1443//2569
f 1431//2570 1448//2570 1425//2570
f 1432//2571 1449//2571 1428//2571
f 1428//2572 1449//2572 1444//2572
f 1434//2573 1450//2573 1445//2573
f 1451//2574 1452//2574 1446//2574
f 1446//2575 1452//2575 1447//2575
f 1431//2576 1453//2576 1448//2576
f 1435//2577 1453//2577 1431//2577
f 1432//2578 1454//2578 1449//2578
f 1436//2579 1454//2579 1432//2579
f 1434//2580 1455//2580 1450//2580
f 1437//2581 1455//2581 1434//2581
f 1456//2582 1457//2582 1451//2582
f 1451//2583 1457//2583 1452//2583
f 1435//2584 1458//2584 1453//2584
f 1439//2585 1458//2585 1435//2585
f 1440//2586 1459//2586 1436//2586
f 1436//2587 1459//2587 1454//2587
f 1442//2588 1460//2588 1437//2588
f 1437//2589 1460//2589 1455//2589
f 1443//2590 1461//2590 1427//2590
f 1427//2591 1461//2591 1462//2591
f 1463//2592 1464//2592 1456//2592
f 1456//2593 1464//2593 1457//2593
f 1439//2594 1465//2594 1458//2594
f 1444//2595 1465//2595 1439//2595
f 1440//2596 1466//2596 1459//2596
f 1445//2597 1466//2597 1440//2597
f 1442//2598 1467//2598 1460//2598
f 1452//2599 1467//2599 1447//2599
f 1447//2600 1467//2600 1442//2600
f 1443//2601 1468//2601 1461//2601
f 1448//2602 1468//2602 1443//2602
f 1469//2603 1470//2603 1463//2603
f 1463//2604 1470//2604 1464//2604
f 1449//2605 1471//2605 1444//2605
f 1444//2606 1471//2606 1465//2606
f 1445//2607 1472//2607 1466//2607
f 1450//2608 1472//2608 1445//2608
f 1452//2609 1473//2609 1467//2609
f 1457//2610 1473//2610 1452//2610
f 1453//2611 1474//2611 1448//2611
f 1448//2612 1474//2612 1468//2612
f 1469//2613 1475//2613 1470//2613
f 1476//2614 1475//2614 1469//2614
f 1454//2615 1477//2615 1449//2615
f 1449//2616 1477//2616 1471//2616
f 1455//2617 1478//2617 1450//2617
f 1450//2618 1478//2618 1472//2618
f 1464//2619 1479//2619 1457//2619
f 1457//2620 1479//2620 1473//2620
f 1458//2621 1480//2621 1453//2621
f 1453//2622 1480//2622 1474//2622
f 1481//2623 1482//2623 1476//2623
f 1476//2624 1482//2624 1475//2624
f 1466//2625 1483//2625 1459//2625
f 1459//2626 1483//2626 1454//2626
f 1454//2627 1483//2627 1477//2627
f 1460//2628 1484//2628 1455//2628
f 1455//2629 1484//2629 1478//2629
f 1462//2630 1485//2630 1486//2630
f 1461//2631 1485//2631 1462//2631
f 1464//2632 1487//2632 1479//2632
f 1465//2633 1488//2633 1458//2633
f 1458//2634 1488//2634 1480//2634
f 1489//2635 1490//2635 1481//2635
f 1481//2636 1490//2636 1482//2636
f 1466//2637 1491//2637 1483//2637
f 1467//2638 1492//2638 1460//2638
f 1460//2639 1492//2639 1484//2639
f 1468//2640 1493//2640 1461//2640
f 1461//2641 1493//2641 1485//2641
f 1464//2642 1494//2642 1487//2642
f 1470//2643 1494//2643 1464//2643
f 1465//2644 1495//2644 1488//2644
f 1471//2645 1495//2645 1465//2645
f 1496//2646 1497//2646 1489//2646
f 1489//2647 1497//2647 1490//2647
f 1472//2648 1498//2648 1466//2648
f 1466//2649 1498//2649 1491//2649
f 1473//2650 1499//2650 1467//2650
f 1467//2651 1499//2651 1492//2651
f 1480//2652 1500//2652 1474//2652
f 1468//2653 1500//2653 1493//2653
f 1474//2654 1500//2654 1468//2654
f 1475//2655 1501//2655 1470//2655
f 1470//2656 1501//2656 1494//2656
f 1477//2657 1502//2657 1471//2657
f 1471//2658 1502//2658 1495//2658
f 1503//2659 1504//2659 1496//2659
f 1496//2660 1504//2660 1497//2660
f 1478//2661 1505//2661 1472//2661
f 1472//2662 1505//2662 1498//2662
f 1479//2663 1506//2663 1473//2663
f 1473//2664 1506//2664 1499//2664
f 1488//2665 1507//2665 1480//2665
f 1480//2666 1507//2666 1500//2666
f 1482//2667 1508//2667 1475//2667
f 1490//2668 1508//2668 1482//2668
f 1475//2669 1508//2669 1501//2669
f 1483//2670 1509//2670 1477//2670
f 1477//2671 1509//2671 1502//2671
f 1503//2672 1510//2672 1504//2672
f 1511//2673 1510//2673 1503//2673
f 1484//2674 1512//2674 1478//2674
f 1492//2675 1512//2675 1484//2675
f 1478//2676 1512//2676 1505//2676
f 1485//2677 1513//2677 1486//2677
f 1486//2678 1513//2678 1514//2678
f 1514//2679 1513//2679 1515//2679
f 1479//2680 1516//2680 1506//2680
f 1487//2681 1516//2681 1479//2681
f 1488//2682 1517//2682 1507//2682
f 1490//2683 1518//2683 1508//2683
f 1498//2684 1519//2684 1491//2684
f 1491//2685 1519//2685 1483//2685
f 1483//2686 1519//2686 1509//2686
f 1520//2687 1521//2687 1511//2687
f 1511//2688 1521//2688 1510//2688
f 1499//2689 1522//2689 1492//2689
f 1492//2690 1522//2690 1512//2690
f 1493//2691 1523//2691 1485//2691
f 1485//2692 1523//2692 1513//2692
f 1494//2693 1524//2693 1487//2693
f 1487//2694 1524//2694 1516//2694
f 1488//2695 1525//2695 1517//2695
f 1495//2696 1525//2696 1488//2696
f 1504//2697 1526//2697 1497//2697
f 1497//2698 1526//2698 1490//2698
f 1490//2699 1526//2699 1518//2699
f 1498//2700 1527//2700 1519//2700
f 1528//2701 1529//2701 1520//2701
f 1520//2702 1529//2702 1521//2702
f 1499//2703 1530//2703 1522//2703
f 1500//2704 1531//2704 1493//2704
f 1493//2705 1531//2705 1523//2705
f 1507//2706 1531//2706 1500//2706
f 1501//2707 1532//2707 1494//2707
f 1494//2708 1532//2708 1524//2708
f 1495//2709 1533//2709 1525//2709
f 1502//2710 1533//2710 1495//2710
f 1510//2711 1534//2711 1504//2711
f 1504//2712 1534//2712 1526//2712
f 1498//2713 1535//2713 1527//2713
f 1505//2714 1535//2714 1498//2714
f 1528//2715 1536//2715 1529//2715
f 1537//2716 1536//2716 1528//2716
f 1499//2717 1538//2717 1530//2717
f 1506//2718 1538//2718 1499//2718
f 1516//2719 1538//2719 1506//2719
f 1507//2720 1539//2720 1531//2720
f 1508//2721 1540//2721 1501//2721
f 1501//2722 1540//2722 1532//2722
f 1519//2723 1541//2723 1509//2723
f 1502//2724 1541//2724 1533//2724
f 1509//2725 1541//2725 1502//2725
f 1510//2726 1542//2726 1534//2726
f 1522//2727 1543//2727 1512//2727
f 1505//2728 1543//2728 1535//2728
f 1512//2729 1543//2729 1505//2729
f 1537//2730 1544//2730 1536//2730
f 1545//2731 1544//2731 1537//2731
f 1513//2732 1546//2732 1515//2732
f 1524//2733 1547//2733 1516//2733
f 1516//2734 1547//2734 1538//2734
f 1507//2735 1548//2735 1539//2735
f 1517//2736 1548//2736 1507//2736
f 1508//2737 1549//2737 1540//2737
f 1518//2738 1549//2738 1508//2738
f 1519//2739 1550//2739 1541//2739
f 1510//2740 1551//2740 1542//2740
f 1521//2741 1551//2741 1510//2741
f 1522//2742 1552//2742 1543//2742
f 1530//2743 1552//2743 1522//2743
f 1553//2744 1554//2744 1545//2744
f 1545//2745 1554//2745 1544//2745
f 1523//2746 1555//2746 1513//2746
f 1513//2747 1555//2747 1546//2747
f 1524//2748 1556//2748 1547//2748
f 1525//2749 1557//2749 1517//2749
f 1517//2750 1557//2750 1548//2750
f 1518//2751 1558//2751 1549//2751
f 1526//2752 1558//2752 1518//2752
f 1527//2753 1559//2753 1519//2753
f 1519//2754 1559//2754 1550//2754
f 1529//2755 1560//2755 1521//2755
f 1536//2756 1560//2756 1529//2756
f 1521//2757 1560//2757 1551//2757
f 1530//2758 1561//2758 1552//2758
f 1562//2759 1563//2759 1553//2759
f 1553//2760 1563//2760 1554//2760
f 1531//2761 1564//2761 1523//2761
f 1523//2762 1564//2762 1555//2762
f 1524//2763 1565//2763 1556//2763
f 1532//2764 1565//2764 1524//2764
f 1533//2765 1566//2765 1525//2765
f 1525//2766 1566//2766 1557//2766
f 1541//2767 1566//2767 1533//2767
f 1526//2768 1567//2768 1558//2768
f 1534//2769 1567//2769 1526//2769
f 1535//2770 1568//2770 1527//2770
f 1543//2771 1568//2771 1535//2771
f 1527//2772 1568//2772 1559//2772
f 1536//2773 1569//2773 1560//2773
f 1530//2774 1570//2774 1561//2774
f 1538//2775 1570//2775 1530//2775
f 1547//2776 1570//2776 1538//2776
f 1571//2777 1572//2777 1562//2777
f 1562//2778 1572//2778 1563//2778
f 1548//2779 1573//2779 1539//2779
f 1539//2780 1573//2780 1531//2780
f 1531//2781 1573//2781 1564//2781
f 1532//2782 1574//2782 1565//2782
f 1540//2783 1574//2783 1532//2783
f 1549//2784 1574//2784 1540//2784
f 1541//2785 1575//2785 1566//2785
f 1542//2786 1576//2786 1534//2786
f 1534//2787 1576//2787 1567//2787
f 1543//2788 1577//2788 1568//2788
f 1536//2789 1578//2789 1569//2789
f 1544//2790 1578//2790 1536//2790
f 1515//2791 1579//2791 1580//2791
f 1546//2792 1579//2792 1515//2792
f 1547//2793 1581//2793 1570//2793
f 1571//2794 1582//2794 1572//2794
f 1401//2795 1582//2795 1571//2795
f 226//2796 1582//2796 1401//2796
f 1557//2797 1583//2797 1548//2797
f 1548//2798 1583//2798 1573//2798
f 1549//2799 1584//2799 1574//2799
f 1541//2800 1585//2800 1575//2800
f 1550//2801 1585//2801 1541//2801
f 1551//2802 1586//2802 1542//2802
f 1542//2803 1586//2803 1576//2803
f 1543//2804 1587//2804 1577//2804
f 1552//2805 1587//2805 1543//2805
f 1544//2806 1588//2806 1578//2806
f 1554//2807 1588//2807 1544//2807
f 1546//2808 1589//2808 1579//2808
f 1555//2809 1589//2809 1546//2809
f 1547//2810 1590//2810 1581//2810
f 1556//2811 1590//2811 1547//2811
f 1557//2812 1591//2812 1583//2812
f 1558//2813 1592//2813 1549//2813
f 1567//2814 1592//2814 1558//2814
f 1549//2815 1592//2815 1584//2815
f 1568//2816 1593//2816 1559//2816
f 1550//2817 1593//2817 1585//2817
f 1559//2818 1593//2818 1550//2818
f 1551//2819 1594//2819 1586//2819
f 1560//2820 1594//2820 1551//2820
f 1561//2821 1595//2821 1552//2821
f 1552//2822 1595//2822 1587//2822
f 1572//2823 1596//2823 1563//2823
f 1554//2824 1596//2824 1588//2824
f 1563//2825 1596//2825 1554//2825
f 1564//2826 1597//2826 1555//2826
f 1573//2827 1597//2827 1564//2827
f 1555//2828 1597//2828 1589//2828
f 1565//2829 1598//2829 1556//2829
f 1556//2830 1598//2830 1590//2830
f 1574//2831 1598//2831 1565//2831
f 1557//2832 1599//2832 1591//2832
f 1566//2833 1599//2833 1557//2833
f 1567//2834 1600//2834 1592//2834
f 1568//2835 1601//2835 1593//2835
f 1569//2836 1602//2836 1560//2836
f 1560//2837 1602//2837 1594//2837
f 1561//2838 1603//2838 1595//2838
f 1570//2839 1603//2839 1561//2839
f 1572//2840 1604//2840 1596//2840
f 1582//2841 1604//2841 1572//2841
f 1573//2842 1605//2842 1597//2842
f 1574//2843 1606//2843 1598//2843
f 1566//2844 1607//2844 1599//2844
f 1575//2845 1607//2845 1566//2845
f 1567//2846 1608//2846 1600//2846
f 1576//2847 1608//2847 1567//2847
f 1568//2848 1609//2848 1601//2848
f 1577//2849 1609//2849 1568//2849
f 1587//2850 1609//2850 1577//2850
f 1569//2851 1610//2851 1602//2851
f 1578//2852 1610//2852 1569//2852
f 1588//2853 1610//2853 1578//2853
f 1580//2854 1611//2854 1612//2854
f 1579//2855 1611//2855 1580//2855
f 1581//2856 1613//2856 1570//2856
f 1570//2857 1613//2857 1603//2857
f 1582//2858 1614//2858 1604//2858
f 226//2859 1614//2859 1582//2859
f 227//2860 1614//2860 226//2860
f 229//2861 1614//2861 227//2861
f 1573//2862 1615//2862 1605//2862
f 1583//2863 1615//2863 1573//2863
f 1574//2864 1616//2864 1606//2864
f 1584//2865 1616//2865 1574//2865
f 1592//2866 1616//2866 1584//2866
f 1593//2867 1617//2867 1585//2867
f 1575//2868 1617//2868 1607//2868
f 1585//2869 1617//2869 1575//2869
f 1576//2870 1618//2870 1608//2870
f 1586//2871 1618//2871 1576//2871
f 1595//2872 1619//2872 1587//2872
f 1587//2873 1619//2873 1609//2873
f 1588//2874 1620//2874 1610//2874
f 1579//2875 1621//2875 1611//2875
f 1589//2876 1621//2876 1579//2876
f 1581//2877 1622//2877 1613//2877
f 1598//2878 1622//2878 1590//2878
f 1590//2879 1622//2879 1581//2879
f 1591//2880 1623//2880 1583//2880
f 1583//2881 1623//2881 1615//2881
f 1592//2882 1624//2882 1616//2882
f 1593//2883 1625//2883 1617//2883
f 1602//2884 1626//2884 1594//2884
f 1586//2885 1626//2885 1618//2885
f 1594//2886 1626//2886 1586//2886
f 1595//2887 1627//2887 1619//2887
f 1596//2888 1628//2888 1588//2888
f 1588//2889 1628//2889 1620//2889
f 1597//2890 1629//2890 1589//2890
f 1589//2891 1629//2891 1621//2891
f 1598//2892 1630//2892 1622//2892
f 1607//2893 1631//2893 1599//2893
f 1591//2894 1631//2894 1623//2894
f 1599//2895 1631//2895 1591//2895
f 1600//2896 1632//2896 1592//2896
f 1592//2897 1632//2897 1624//2897
f 1601//2898 1633//2898 1593//2898
f 1593//2899 1633//2899 1625//2899
f 1602//2900 1634//2900 1626//2900
f 1603//2901 1635//2901 1595//2901
f 1613//2902 1635//2902 1603//2902
f 1595//2903 1635//2903 1627//2903
f 1604//2904 1636//2904 1596//2904
f 1596//2905 1636//2905 1628//2905
f 1597//2906 1637//2906 1629//2906
f 1605//2907 1637//2907 1597//2907
f 1598//2908 1638//2908 1630//2908
f 1616//2909 1638//2909 1606//2909
f 1606//2910 1638//2910 1598//2910
f 1607//2911 1639//2911 1631//2911
f 1617//2912 1639//2912 1607//2912
f 1600//2913 1640//2913 1632//2913
f 1608//2914 1640//2914 1600//2914
f 1609//2915 1641//2915 1601//2915
f 1601//2916 1641//2916 1633//2916
f 1610//2917 1642//2917 1602//2917
f 1602//2918 1642//2918 1634//2918
f 1612//2919 1643//2919 1644//2919
f 1611//2920 1643//2920 1612//2920
f 1613//2921 1645//2921 1635//2921
f 1622//2922 1645//2922 1613//2922
f 1604//2923 1646//2923 1636//2923
f 1614//2924 1646//2924 1604//2924
f 229//2925 1646//2925 1614//2925
f 1605//2926 1647//2926 1637//2926
f 1615//2927 1647//2927 1605//2927
f 1616//2928 1648//2928 1638//2928
f 1617//2929 1649//2929 1639//2929
f 1608//2930 1650//2930 1640//2930
f 1618//2931 1650//2931 1608//2931
f 1626//2932 1650//2932 1618//2932
f 1609//2933 1651//2933 1641//2933
f 1619//2934 1651//2934 1609//2934
f 1610//2935 1652//2935 1642//2935
f 1620//2936 1652//2936 1610//2936
f 1611//2937 1653//2937 1643//2937
f 1621//2938 1653//2938 1611//2938
f 1622//2939 1654//2939 1645//2939
f 1615//2940 1655//2940 1647//2940
f 1623//2941 1655//2941 1615//2941
f 1616//2942 1656//2942 1648//2942
f 1624//2943 1656//2943 1616//2943
f 1617//2944 1657//2944 1649//2944
f 1625//2945 1657//2945 1617//2945
f 1626//2946 1658//2946 1650//2946
f 1619//2947 1659//2947 1651//2947
f 1627//2948 1659//2948 1619//2948
f 1628//2949 1660//2949 1620//2949
f 1620//2950 1660//2950 1652//2950
f 1636//2951 1660//2951 1628//2951
f 1629//2952 1661//2952 1621//2952
f 1621//2953 1661//2953 1653//2953
f 1622//2954 1662//2954 1654//2954
f 1630//2955 1662//2955 1622//2955
f 1631//2956 1663//2956 1623//2956
f 1623//2957 1663//2957 1655//2957
f 1632//2958 1664//2958 1624//2958
f 1624//2959 1664//2959 1656//2959
f 1633//2960 1665//2960 1625//2960
f 1625//2961 1665//2961 1657//2961
f 1641//2962 1665//2962 1633//2962
f 1634//2963 1666//2963 1626//2963
f 1626//2964 1666//2964 1658//2964
f 1635//2965 1667//2965 1627//2965
f 1627//2966 1667//2966 1659//2966
f 1636//2967 1668//2967 1660//2967
f 1646//2968 1668//2968 1636//2968
f 1637//2969 1669//2969 1629//2969
f 1629//2970 1669//2970 1661//2970
f 1638//2971 1670//2971 1630//2971
f 1630//2972 1670//2972 1662//2972
f 1639//2973 1671//2973 1631//2973
f 1631//2974 1671//2974 1663//2974
f 1632//2975 1672//2975 1664//2975
f 1640//2976 1672//2976 1632//2976
f 1641//2977 1673//2977 1665//2977
f 1651//2978 1673//2978 1641//2978
f 1634//2979 1674//2979 1666//2979
f 1642//2980 1674//2980 1634//2980
f 1644//2981 1675//2981 1676//2981
f 1643//2982 1675//2982 1644//2982
f 1645//2983 1677//2983 1635//2983
f 1635//2984 1677//2984 1667//2984
f 233//2985 1678//2985 231//2985
f 1646//2986 1678//2986 1668//2986
f 229//2987 1678//2987 1646//2987
f 231//2988 1678//2988 229//2988
f 1647//2989 1679//2989 1637//2989
f 1637//2990 1679//2990 1669//2990
f 1638//2991 1680//2991 1670//2991
f 1656//2992 1680//2992 1648//2992
f 1648//2993 1680//2993 1638//2993
f 1649//2994 1681//2994 1639//2994
f 1639//2995 1681//2995 1671//2995
f 1640//2996 1682//2996 1672//2996
f 1650//2997 1682//2997 1640//2997
f 1651//2998 1683//2998 1673//2998
f 1652//2999 1684//2999 1642//2999
f 1642//3000 1684//3000 1674//3000
f 1643//3001 1685//3001 1675//3001
f 1653//3002 1685//3002 1643//3002
f 1661//3003 1685//3003 1653//3003
f 1654//3004 1686//3004 1645//3004
f 1645//3005 1686//3005 1677//3005
f 1647//3006 1687//3006 1679//3006
f 1655//3007 1687//3007 1647//3007
f 1656//3008 1688//3008 1680//3008
f 1649//3009 1689//3009 1681//3009
f 1657//3010 1689//3010 1649//3010
f 1650//3011 1690//3011 1682//3011
f 1658//3012 1690//3012 1650//3012
f 1666//3013 1690//3013 1658//3013
f 1667//3014 1691//3014 1659//3014
f 1651//3015 1691//3015 1683//3015
f 1659//3016 1691//3016 1651//3016
f 1652//3017 1692//3017 1684//3017
f 1660//3018 1692//3018 1652//3018
f 1661//3019 1693//3019 1685//3019
f 1670//3020 1694//3020 1662//3020
f 1654//3021 1694//3021 1686//3021
f 1662//3022 1694//3022 1654//3022
f 1663//3023 1695//3023 1655//3023
f 1655//3024 1695//3024 1687//3024
f 1671//3025 1695//3025 1663//3025
f 1672//3026 1696//3026 1664//3026
f 1656//3027 1696//3027 1688//3027
f 1664//3028 1696//3028 1656//3028
f 1657//3029 1697//3029 1689//3029
f 1665//3030 1697//3030 1657//3030
f 1666//3031 1698//3031 1690//3031
f 1667//3032 1699//3032 1691//3032
f 1660//3033 1700//3033 1692//3033
f 1668//3034 1700//3034 1660//3034
f 1669//3035 1701//3035 1661//3035
f 1679//3036 1701//3036 1669//3036
f 1661//3037 1701//3037 1693//3037
f 1670//3038 1702//3038 1694//3038
f 1671//3039 1703//3039 1695//3039
f 1672//3040 1704//3040 1696//3040
f 1665//3041 1705//3041 1697//3041
f 1673//3042 1705//3042 1665//3042
f 1666//3043 1706//3043 1698//3043
f 1674//3044 1706//3044 1666//3044
f 1676//3045 1707//3045 1708//3045
f 1675//3046 1707//3046 1676//3046
f 1677//3047 1709//3047 1667//3047
f 1667//3048 1709//3048 1699//3048
f 1668//3049 1710//3049 1700//3049
f 1678//3050 1710//3050 1668//3050
f 233//3051 1710//3051 1678//3051
f 1679//3052 1711//3052 1701//3052
f 1680//3053 1712//3053 1670//3053
f 1670//3054 1712//3054 1702//3054
f 1671//3055 1713//3055 1703//3055
f 1681//3056 1713//3056 1671//3056
f 1682//3057 1714//3057 1672//3057
f 1672//3058 1714//3058 1704//3058
f 1673//3059 1715//3059 1705//3059
f 1683//3060 1715//3060 1673//3060
f 1674//3061 1716//3061 1706//3061
f 1684//3062 1716//3062 1674//3062
f 1675//3063 1717//3063 1707//3063
f 1685//3064 1717//3064 1675//3064
f 1677//3065 1718//3065 1709//3065
f 1686//3066 1718//3066 1677//3066
f 1694//3067 1718//3067 1686//3067
f 1679//3068 1719//3068 1711//3068
f 1687//3069 1719//3069 1679//3069
f 1680//3070 1720//3070 1712//3070
f 1688//3071 1720//3071 1680//3071
f 1697//3072 1721//3072 1689//3072
f 1681//3073 1721//3073 1713//3073
f 1689//3074 1721//3074 1681//3074
f 1682//3075 1722//3075 1714//3075
f 1690//3076 1722//3076 1682//3076
f 1683//3077 1723//3077 1715//3077
f 1691//3078 1723//3078 1683//3078
f 1684//3079 1724//3079 1716//3079
f 1692//3080 1724//3080 1684//3080
f 1685//3081 1725//3081 1717//3081
f 1693//3082 1725//3082 1685//3082
f 1694//3083 1726//3083 1718//3083
f 1687//3084 1727//3084 1719//3084
f 1695//3085 1727//3085 1687//3085
f 1688//3086 1728//3086 1720//3086
f 1696//3087 1728//3087 1688//3087
f 1697//3088 1729//3088 1721//3088
f 1698//3089 1730//3089 1690//3089
f 1690//3090 1730//3090 1722//3090
f 1699//3091 1731//3091 1691//3091
f 1691//3092 1731//3092 1723//3092
f 1692//3093 1732//3093 1724//3093
f 1700//3094 1732//3094 1692//3094
f 1701//3095 1733//3095 1693//3095
f 1693//3096 1733//3096 1725//3096
f 1702//3097 1734//3097 1694//3097
f 1712//3098 1734//3098 1702//3098
f 1694//3099 1734//3099 1726//3099
f 1713//3100 1735//3100 1703//3100
f 1703//3101 1735//3101 1695//3101
f 1695//3102 1735//3102 1727//3102
f 1704//3103 1736//3103 1696//3103
f 1696//3104 1736//3104 1728//3104
f 1697//3105 1737//3105 1729//3105
f 1715//3106 1737//3106 1705//3106
f 1705//3107 1737//3107 1697//3107
f 1706//3108 1738//3108 1698//3108
f 1698//3109 1738//3109 1730//3109
f 1707//3110 1739//3110 1708//3110
f 1708//3111 1739//3111 1740//3111
f 1717//3112 1739//3112 1707//3112
f 1699//3113 1741//3113 1731//3113
f 1709//3114 1741//3114 1699//3114
f 235//3115 1742//3115 233//3115
f 1700//3116 1742//3116 1732//3116
f 1710//3117 1742//3117 1700//3117
f 233//3118 1742//3118 1710//3118
f 1711//3119 1743//3119 1701//3119
f 1701//3120 1743//3120 1733//3120
f 1712//3121 1744//3121 1734//3121
f 1713//3122 1745//3122 1735//3122
f 1722//3123 1746//3123 1714//3123
f 1714//3124 1746//3124 1704//3124
f 1704//3125 1746//3125 1736//3125
f 1715//3126 1747//3126 1737//3126
f 1723//3127 1747//3127 1715//3127
f 1706//3128 1748//3128 1738//3128
f 1716//3129 1748//3129 1706//3129
f 1717//3130 1749//3130 1739//3130
f 1709//3131 1750//3131 1741//3131
f 1718//3132 1750//3132 1709//3132
f 1711//3133 1751//3133 1743//3133
f 1719//3134 1751//3134 1711//3134
f 1720//3135 1752//3135 1712//3135
f 1712//3136 1752//3136 1744//3136
f 1713//3137 1753//3137 1745//3137
f 1721//3138 1753//3138 1713//3138
f 1722//3139 1754//3139 1746//3139
f 1723//3140 1755//3140 1747//3140
f 1716//3141 1756//3141 1748//3141
f 1724//3142 1756//3142 1716//3142
f 1717//3143 1757//3143 1749//3143
f 1725//3144 1757//3144 1717//3144
f 1734//3145 1758//3145 1726//3145
f 1718//3146 1758//3146 1750//3146
f 1726//3147 1758//3147 1718//3147
f 1719//3148 1759//3148 1751//3148
f 1727//3149 1759//3149 1719//3149
f 1735//3150 1759//3150 1727//3150
f 1736//3151 1760//3151 1728//3151
f 1720//3152 1760//3152 1752//3152
f 1728//3153 1760//3153 1720//3153
f 1729//3154 1761//3154 1721//3154
f 1721//3155 1761//3155 1753//3155
f 1737//3156 1761//3156 1729//3156
f 1730//3157 1762//3157 1722//3157
f 1738//3158 1762//3158 1730//3158
f 1722//3159 1762//3159 1754//3159
f 1731//3160 1763//3160 1723//3160
f 1723//3161 1763//3161 1755//3161
f 1732//3162 1764//3162 1724//3162
f 1724//3163 1764//3163 1756//3163
f 1742//3164 1764//3164 1732//3164
f 1743//3165 1765//3165 1733//3165
f 1725//3166 1765//3166 1757//3166
f 1733//3167 1765//3167 1725//3167
f 1734//3168 1766//3168 1758//3168
f 1735//3169 1767//3169 1759//3169
f 1736//3170 1768//3170 1760//3170
f 1737//3171 1769//3171 1761//3171
f 1738//3172 1770//3172 1762//3172
f 1740//3173 1771//3173 1772//3173
f 1739//3174 1771//3174 1740//3174
f 1741//3175 1773//3175 1731//3175
f 1731//3176 1773//3176 1763//3176
f 1750//3177 1773//3177 1741//3177
f 237//3178 1774//3178 235//3178
f 235//3179 1774//3179 1742//3179
f 1742//3180 1774//3180 1764//3180
f 1743//3181 1775//3181 1765//3181
f 1744//3182 1776//3182 1734//3182
f 1734//3183 1776//3183 1766//3183
f 1735//3184 1777//3184 1767//3184
f 1745//3185 1777//3185 1735//3185
f 1746//3186 1778//3186 1736//3186
f 1736//3187 1778//3187 1768//3187
f 1747//3188 1779//3188 1737//3188
f 1755//3189 1779//3189 1747//3189
f 1737//3190 1779//3190 1769//3190
f 1748//3191 1780//3191 1738//3191
f 1738//3192 1780//3192 1770//3192
f 1749//3193 1781//3193 1739//3193
f 1739//3194 1781//3194 1771//3194
f 1750//3195 1782//3195 1773//3195
f 1758//3196 1782//3196 1750//3196
f 1751//3197 1783//3197 1743//3197
f 1759//3198 1783//3198 1751//3198
f 1743//3199 1783//3199 1775//3199
f 1752//3200 1784//3200 1744//3200
f 1744//3201 1784//3201 1776//3201
f 1760//3202 1784//3202 1752//3202
f 1753//3203 1785//3203 1745//3203
f 1745//3204 1785//3204 1777//3204
f 1754//3205 1786//3205 1746//3205
f 1746//3206 1786//3206 1778//3206
f 1755//3207 1787//3207 1779//3207
f 1756//3208 1788//3208 1748//3208
f 1748//3209 1788//3209 1780//3209
f 1757//3210 1789//3210 1749//3210
f 1749//3211 1789//3211 1781//3211
f 1758//3212 1790//3212 1782//3212
f 1759//3213 1791//3213 1783//3213
f 1760//3214 1792//3214 1784//3214
f 1753//3215 1793//3215 1785//3215
f 1761//3216 1793//3216 1753//3216
f 1754//3217 1794//3217 1786//3217
f 1762//3218 1794//3218 1754//3218
f 1763//3219 1795//3219 1755//3219
f 1755//3220 1795//3220 1787//3220
f 1756//3221 1796//3221 1788//3221
f 1764//3222 1796//3222 1756//3222
f 1757//3223 1797//3223 1789//3223
f 1765//3224 1797//3224 1757//3224
f 1766//3225 1798//3225 1758//3225
f 1758//3226 1798//3226 1790//3226
f 1767//3227 1799//3227 1759//3227
f 1759//3228 1799//3228 1791//3228
f 1777//3229 1799//3229 1767//3229
f 1768//3230 1800//3230 1760//3230
f 1778//3231 1800//3231 1768//3231
f 1760//3232 1800//3232 1792//3232
f 1769//3233 1801//3233 1761//3233
f 1779//3234 1801//3234 1769//3234
f 1761//3235 1801//3235 1793//3235
f 1770//3236 1802//3236 1762//3236
f 1762//3237 1802//3237 1794//3237
f 1780//3238 1802//3238 1770//3238
f 1771//3239 1803//3239 1772//3239
f 1781//3240 1803//3240 1771//3240
f 1772//3241 1803//3241 1804//3241
f 1773//3242 1805//3242 1763//3242
f 1782//3243 1805//3243 1773//3243
f 1763//3244 1805//3244 1795//3244
f 239//3245 1806//3245 237//3245
f 1774//3246 1806//3246 1764//3246
f 1764//3247 1806//3247 1796//3247
f 237//3248 1806//3248 1774//3248
f 1775//3249 1807//3249 1765//3249
f 1765//3250 1807//3250 1797//3250
f 1776//3251 1808//3251 1766//3251
f 1784//3252 1808//3252 1776//3252
f 1766//3253 1808//3253 1798//3253
f 1777//3254 1809//3254 1799//3254
f 1778//3255 1810//3255 1800//3255
f 1779//3256 1811//3256 1801//3256
f 1780//3257 1812//3257 1802//3257
f 1781//3258 1813//3258 1803//3258
f 1782//3259 1814//3259 1805//3259
f 1790//3260 1814//3260 1782//3260
f 1783//3261 1815//3261 1775//3261
f 1775//3262 1815//3262 1807//3262
f 1784//3263 1816//3263 1808//3263
f 1777//3264 1817//3264 1809//3264
f 1785//3265 1817//3265 1777//3265
f 1793//3266 1817//3266 1785//3266
f 1778//3267 1818//3267 1810//3267
f 1786//3268 1818//3268 1778//3268
f 1779//3269 1819//3269 1811//3269
f 1787//3270 1819//3270 1779//3270
f 1788//3271 1820//3271 1780//3271
f 1780//3272 1820//3272 1812//3272
f 1781//3273 1821//3273 1813//3273
f 1789//3274 1821//3274 1781//3274
f 1790//3275 1822//3275 1814//3275
f 1783//3276 1823//3276 1815//3276
f 1791//3277 1823//3277 1783//3277
f 1784//3278 1824//3278 1816//3278
f 1792//3279 1824//3279 1784//3279
f 1801//3280 1825//3280 1793//3280
f 1793//3281 1825//3281 1817//3281
f 1802//3282 1826//3282 1794//3282
f 1786//3283 1826//3283 1818//3283
f 1794//3284 1826//3284 1786//3284
f 1787//3285 1827//3285 1819//3285
f 1795//3286 1827//3286 1787//3286
f 1788//3287 1828//3287 1820//3287
f 1796//3288 1828//3288 1788//3288
f 1807//3289 1829//3289 1797//3289
f 1789//3290 1829//3290 1821//3290
f 1797//3291 1829//3291 1789//3291
f 1790//3292 1830//3292 1822//3292
f 1808//3293 1830//3293 1798//3293
f 1798//3294 1830//3294 1790//3294
f 1799//3295 1831//3295 1791//3295
f 1791//3296 1831//3296 1823//3296
f 1792//3297 1832//3297 1824//3297
f 1800//3298 1832//3298 1792//3298
f 1801//3299 1833//3299 1825//3299
f 1802//3300 1834//3300 1826//3300
f 1803//3301 1835//3301 1804//3301
f 1804//3302 1835//3302 1836//3302
f 1795//3303 1837//3303 1827//3303
f 1805//3304 1837//3304 1795//3304
f 241//3305 1838//3305 239//3305
f 243//3306 1838//3306 241//3306
f 1806//3307 1838//3307 1796//3307
f 239//3308 1838//3308 1806//3308
f 1796//3309 1838//3309 1828//3309
f 1807//3310 1839//3310 1829//3310
f 1808//3311 1840//3311 1830//3311
f 1799//3312 1841//3312 1831//3312
f 1809//3313 1841//3313 1799//3313
f 1818//3314 1842//3314 1810//3314
f 1800//3315 1842//3315 1832//3315
f 1810//3316 1842//3316 1800//3316
f 1801//3317 1843//3317 1833//3317
f 1811//3318 1843//3318 1801//3318
f 1812//3319 1844//3319 1802//3319
f 1802//3320 1844//3320 1834//3320
f 1803//3321 1845//3321 1835//3321
f 1813//3322 1845//3322 1803//3322
f 1821//3323 1845//3323 1813//3323
f 1805//3324 1846//3324 1837//3324
f 1814//3325 1846//3325 1805//3325
f 1815//3326 1847//3326 1807//3326
f 1807//3327 1847//3327 1839//3327
f 1816//3328 1848//3328 1808//3328
f 1808//3329 1848//3329 1840//3329
f 1825//3330 1849//3330 1817//3330
f 1809//3331 1849//3331 1841//3331
f 1817//3332 1849//3332 1809//3332
f 1818//3333 1850//3333 1842//3333
f 1811//3334 1851//3334 1843//3334
f 1827//3335 1851//3335 1819//3335
f 1819//3336 1851//3336 1811//3336
f 1820//3337 1852//3337 1812//3337
f 1828//3338 1852//3338 1820//3338
f 1812//3339 1852//3339 1844//3339
f 1821//3340 1853//3340 1845//3340
f 1814//3341 1854//3341 1846//3341
f 1822//3342 1854//3342 1814//3342
f 1823//3343 1855//3343 1815//3343
f 1815//3344 1855//3344 1847//3344
f 1816//3345 1856//3345 1848//3345
f 1832//3346 1856//3346 1824//3346
f 1824//3347 1856//3347 1816//3347
f 1825//3348 1857//3348 1849//3348
f 1818//3349 1858//3349 1850//3349
f 1826//3350 1858//3350 1818//3350
f 1834//3351 1858//3351 1826//3351
f 1827//3352 1859//3352 1851//3352
f 1837//3353 1859//3353 1827//3353
f 1828//3354 1860//3354 1852//3354
f 1821//3355 1861//3355 1853//3355
f 1829//3356 1861//3356 1821//3356
f 1822//3357 1862//3357 1854//3357
f 1830//3358 1862//3358 1822//3358
f 1831//3359 1863//3359 1823//3359
f 1823//3360 1863//3360 1855//3360
f 1832//3361 1864//3361 1856//3361
f 1825//3362 1865//3362 1857//3362
f 1833//3363 1865//3363 1825//3363
f 1844//3364 1866//3364 1834//3364
f 1834//3365 1866//3365 1858//3365
f 1835//3366 1867//3366 1836//3366
f 1836//3367 1867//3367 1868//3367
f 1845//3368 1867//3368 1835//3368
f 1837//3369 1869//3369 1859//3369
f 1838//3370 1870//3370 1828//3370
f 243//3371 1870//3371 1838//3371
f 1828//3372 1870//3372 1860//3372
f 1829//3373 1871//3373 1861//3373
f 1839//3374 1871//3374 1829//3374
f 1830//3375 1872//3375 1862//3375
f 1840//3376 1872//3376 1830//3376
f 1831//3377 1873//3377 1863//3377
f 1841//3378 1873//3378 1831//3378
f 1842//3379 1874//3379 1832//3379
f 1832//3380 1874//3380 1864//3380
f 1833//3381 1875//3381 1865//3381
f 1843//3382 1875//3382 1833//3382
f 1844//3383 1876//3383 1866//3383
f 1845//3384 1877//3384 1867//3384
f 1854//3385 1878//3385 1846//3385
f 1846//3386 1878//3386 1837//3386
f 1837//3387 1878//3387 1869//3387
f 1847//3388 1879//3388 1839//3388
f 1839//3389 1879//3389 1871//3389
f 1855//3390 1879//3390 1847//3390
f 1840//3391 1880//3391 1872//3391
f 1848//3392 1880//3392 1840//3392
f 1849//3393 1881//3393 1841//3393
f 1841//3394 1881//3394 1873//3394
f 1842//3395 1882//3395 1874//3395
f 1858//3396 1882//3396 1850//3396
f 1850//3397 1882//3397 1842//3397
f 1843//3398 1883//3398 1875//3398
f 1851//3399 1883//3399 1843//3399
f 1859//3400 1883//3400 1851//3400
f 1844//3401 1884//3401 1876//3401
f 1852//3402 1884//3402 1844//3402
f 1845//3403 1885//3403 1877//3403
f 1853//3404 1885//3404 1845//3404
f 1862//3405 1886//3405 1854//3405
f 1854//3406 1886//3406 1878//3406
f 1855//3407 1887//3407 1879//3407
f 1863//3408 1887//3408 1855//3408
f 1848//3409 1888//3409 1880//3409
f 1856//3410 1888//3410 1848//3410
f 1857//3411 1889//3411 1849//3411
f 1849//3412 1889//3412 1881//3412
f 1858//3413 1890//3413 1882//3413
f 1859//3414 1891//3414 1883//3414
f 1852//3415 1892//3415 1884//3415
f 1860//3416 1892//3416 1852//3416
f 1853//3417 1893//3417 1885//3417
f 1861//3418 1893//3418 1853//3418
f 1862//3419 1894//3419 1886//3419
f 1863//3420 1895//3420 1887//3420
f 1856//3421 1896//3421 1888//3421
f 1864//3422 1896//3422 1856//3422
f 1857//3423 1897//3423 1889//3423
f 1865//3424 1897//3424 1857//3424
f 1858//3425 1898//3425 1890//3425
f 1866//3426 1898//3426 1858//3426
f 1868//3427 1899//3427 1900//3427
f 1867//3428 1899//3428 1868//3428
f 1859//3429 1901//3429 1891//3429
f 1869//3430 1901//3430 1859//3430
f 245//3431 1902//3431 243//3431
f 1860//3432 1902//3432 1892//3432
f 243//3433 1902//3433 1870//3433
f 1870//3434 1902//3434 1860//3434
f 1871//3435 1903//3435 1861//3435
f 1861//3436 1903//3436 1893//3436
f 1862//3437 1904//3437 1894//3437
f 1872//3438 1904//3438 1862//3438
f 1873//3439 1905//3439 1863//3439
f 1863//3440 1905//3440 1895//3440
f 1864//3441 1906//3441 1896//3441
f 1874//3442 1906//3442 1864//3442
f 1875//3443 1907//3443 1865//3443
f 1865//3444 1907//3444 1897//3444
f 1876//3445 1908//3445 1866//3445
f 1866//3446 1908//3446 1898//3446
f 1877//3447 1909//3447 1867//3447
f 1867//3448 1909//3448 1899//3448
f 1878//3449 1910//3449 1869//3449
f 1869//3450 1910//3450 1901//3450
f 1879//3451 1911//3451 1871//3451
f 1871//3452 1911//3452 1903//3452
f 1888//3453 1912//3453 1880//3453
f 1880//3454 1912//3454 1872//3454
f 1872//3455 1912//3455 1904//3455
f 1881//3456 1913//3456 1873//3456
f 1889//3457 1913//3457 1881//3457
f 1873//3458 1913//3458 1905//3458
f 1882//3459 1914//3459 1874//3459
f 1874//3460 1914//3460 1906//3460
f 1883//3461 1915//3461 1875//3461
f 1875//3462 1915//3462 1907//3462
f 1876//3463 1916//3463 1908//3463
f 1884//3464 1916//3464 1876//3464
f 1877//3465 1917//3465 1909//3465
f 1885//3466 1917//3466 1877//3466
f 1894//3467 1918//3467 1886//3467
f 1878//3468 1918//3468 1910//3468
f 1886//3469 1918//3469 1878//3469
f 1887//3470 1919//3470 1879//3470
f 1879//3471 1919//3471 1911//3471
f 1888//3472 1920//3472 1912//3472
f 1889//3473 1921//3473 1913//3473
f 1882//3474 1922//3474 1914//3474
f 1890//3475 1922//3475 1882//3475
f 1883//3476 1923//3476 1915//3476
f 1891//3477 1923//3477 1883//3477
f 1892//3478 1924//3478 1884//3478
f 1884//3479 1924//3479 1916//3479
f 1885//3480 1925//3480 1917//3480
f 1893//3481 1925//3481 1885//3481
f 1894//3482 1926//3482 1918//3482
f 1887//3483 1927//3483 1919//3483
f 1895//3484 1927//3484 1887//3484
f 1888//3485 1928//3485 1920//3485
f 1906//3486 1928//3486 1896//3486
f 1896//3487 1928//3487 1888//3487
f 1897//3488 1929//3488 1889//3488
f 1889//3489 1929//3489 1921//3489
f 1908//3490 1930//3490 1898//3490
f 1898//3491 1930//3491 1890//3491
f 1890//3492 1930//3492 1922//3492
f 1900//3493 1931//3493 1932//3493
f 1899//3494 1931//3494 1900//3494
f 1891//3495 1933//3495 1923//3495
f 1901//3496 1933//3496 1891//3496
f 247//3497 1934//3497 245//3497
f 1892//3498 1934//3498 1924//3498
f 245//3499 1934//3499 1902//3499
f 1902//3500 1934//3500 1892//3500
f 1903//3501 1935//3501 1893//3501
f 1893//3502 1935//3502 1925//3502
f 1904//3503 1936//3503 1894//3503
f 1894//3504 1936//3504 1926//3504
f 1895//3505 1937//3505 1927//3505
f 1905//3506 1937//3506 1895//3506
f 1914//3507 1938//3507 1906//3507
f 1906//3508 1938//3508 1928//3508
f 1907//3509 1939//3509 1897//3509
f 1897//3510 1939//3510 1929//3510
f 1908//3511 1940//3511 1930//3511
f 1899//3512 1941//3512 1931//3512
f 1909//3513 1941//3513 1899//3513
f 1901//3514 1942//3514 1933//3514
f 1910//3515 1942//3515 1901//3515
f 1903//3516 1943//3516 1935//3516
f 1911//3517 1943//3517 1903//3517
f 1912//3518 1944//3518 1904//3518
f 1904//3519 1944//3519 1936//3519
f 1913//3520 1945//3520 1905//3520
f 1905//3521 1945//3521 1937//3521
f 1914//3522 1946//3522 1938//3522
f 1915//3523 1947//3523 1907//3523
f 1923//3524 1947//3524 1915//3524
f 1907//3525 1947//3525 1939//3525
f 1908//3526 1948//3526 1940//3526
f 1916//3527 1948//3527 1908//3527
f 1917//3528 1949//3528 1909//3528
f 1909//3529 1949//3529 1941//3529
f 1910//3530 1950//3530 1942//3530
f 1918//3531 1950//3531 1910//3531
f 1919//3532 1951//3532 1911//3532
f 1911//3533 1951//3533 1943//3533
f 1912//3534 1952//3534 1944//3534
f 1920//3535 1952//3535 1912//3535
f 1928//3536 1952//3536 1920//3536
f 1921//3537 1953//3537 1913//3537
f 1913//3538 1953//3538 1945//3538
f 1922//3539 1954//3539 1914//3539
f 1914//3540 1954//3540 1946//3540
f 1930//3541 1954//3541 1922//3541
f 1923//3542 1955//3542 1947//3542
f 1916//3543 1956//3543 1948//3543
f 1924//3544 1956//3544 1916//3544
f 1934//3545 1956//3545 1924//3545
f 1917//3546 1957//3546 1949//3546
f 1925//3547 1957//3547 1917//3547
f 1918//3548 1958//3548 1950//3548
f 1926//3549 1958//3549 1918//3549
f 1927//3550 1959//3550 1919//3550
f 1919//3551 1959//3551 1951//3551
f 1928//3552 1960//3552 1952//3552
f 1921//3553 1961//3553 1953//3553
f 1929//3554 1961//3554 1921//3554
f 1930//3555 1962//3555 1954//3555
f 1932//3556 1963//3556 1964//3556
f 1931//3557 1963//3557 1932//3557
f 1923//3558 1965//3558 1955//3558
f 1933//3559 1965//3559 1923//3559
f 249//3560 1966//3560 247//3560
f 1934//3561 1966//3561 1956//3561
f 247//3562 1966//3562 1934//3562
f 1925//3563 1967//3563 1957//3563
f 1935//3564 1967//3564 1925//3564
f 1926//3565 1968//3565 1958//3565
f 1936//3566 1968//3566 1926//3566
f 1927//3567 1969//3567 1959//3567
f 1937//3568 1969//3568 1927//3568
f 1946//3569 1970//3569 1938//3569
f 1928//3570 1970//3570 1960//3570
f 1938//3571 1970//3571 1928//3571
f 1929//3572 1971//3572 1961//3572
f 1939//3573 1971//3573 1929//3573
f 1930//3574 1972//3574 1962//3574
f 1940//3575 1972//3575 1930//3575
f 1941//3576 1973//3576 1931//3576
f 1931//3577 1973//3577 1963//3577
f 1942//3578 1974//3578 1933//3578
f 1950//3579 1974//3579 1942//3579
f 1933//3580 1974//3580 1965//3580
f 1943//3581 1975//3581 1935//3581
f 1935//3582 1975//3582 1967//3582
f 1944//3583 1976//3583 1936//3583
f 1936//3584 1976//3584 1968//3584
f 1937//3585 1977//3585 1969//3585
f 1945//3586 1977//3586 1937//3586
f 1954//3587 1978//3587 1946//3587
f 1946//3588 1978//3588 1970//3588
f 1947//3589 1979//3589 1939//3589
f 1939//3590 1979//3590 1971//3590
f 1956//3591 1980//3591 1948//3591
f 1940//3592 1980//3592 1972//3592
f 1948//3593 1980//3593 1940//3593
f 1949//3594 1981//3594 1941//3594
f 1941//3595 1981//3595 1973//3595
f 1950//3596 1982//3596 1974//3596
f 1951//3597 1983//3597 1943//3597
f 1943//3598 1983//3598 1975//3598
f 1944//3599 1984//3599 1976//3599
f 1952//3600 1984//3600 1944//3600
f 1945//3601 1985//3601 1977//3601
f 1953//3602 1985//3602 1945//3602
f 1962//3603 1986//3603 1954//3603
f 1954//3604 1986//3604 1978//3604
f 1955//3605 1987//3605 1947//3605
f 1947//3606 1987//3606 1979//3606
f 1956//3607 1988//3607 1980//3607
f 1957//3608 1989//3608 1949//3608
f 1949//3609 1989//3609 1981//3609
f 1950//3610 1990//3610 1982//3610
f 1958//3611 1990//3611 1950//3611
f 1968//3612 1990//3612 1958//3612
f 1959//3613 1991//3613 1951//3613
f 1951//3614 1991//3614 1983//3614
f 1952//3615 1992//3615 1984//3615
f 1960//3616 1992//3616 1952//3616
f 1961//3617 1993//3617 1953//3617
f 1953//3618 1993//3618 1985//3618
f 1962//3619 1994//3619 1986//3619
f 1964//3620 1995//3620 1996//3620
f 1963//3621 1995//3621 1964//3621
f 1955//3622 1997//3622 1987//3622
f 1965//3623 1997//3623 1955//3623
f 1974//3624 1997//3624 1965//3624
f 251//3625 1998//3625 249//3625
f 249//3626 1998//3626 1966//3626
f 1956//3627 1998//3627 1988//3627
f 1966//3628 1998//3628 1956//3628
f 1957//3629 1999//3629 1989//3629
f 1967//3630 1999//3630 1957//3630
f 1968//3631 2000//3631 1990//3631
f 1959//3632 2001//3632 1991//3632
f 1969//3633 2001//3633 1959//3633
f 1960//3634 2002//3634 1992//3634
f 1970//3635 2002//3635 1960//3635
f 1961//3636 2003//3636 1993//3636
f 1971//3637 2003//3637 1961//3637
f 1962//3638 2004//3638 1994//3638
f 1972//3639 2004//3639 1962//3639
f 1963//3640 2005//3640 1995//3640
f 1981//3641 2005//3641 1973//3641
f 1973//3642 2005//3642 1963//3642
f 1974//3643 2006//3643 1997//3643
f 1975//3644 2007//3644 1967//3644
f 1967//3645 2007//3645 1999//3645
f 1976//3646 2008//3646 1968//3646
f 1968//3647 2008//3647 2000//3647
f 1977//3648 2009//3648 1969//3648
f 1969//3649 2009//3649 2001//3649
f 1970//3650 2010//3650 2002//3650
f 1978//3651 2010//3651 1970//3651
f 1971//3652 2011//3652 2003//3652
f 1979//3653 2011//3653 1971//3653
f 1987//3654 2011//3654 1979//3654
f 1988//3655 2012//3655 1980//3655
f 1980//3656 2012//3656 1972//3656
f 1972//3657 2012//3657 2004//3657
f 1981//3658 2013//3658 2005//3658
f 1982//3659 2014//3659 1974//3659
f 1974//3660 2014//3660 2006//3660
f 1983//3661 2015//3661 1975//3661
f 1991//3662 2015//3662 1983//3662
f 1975//3663 2015//3663 2007//3663
f 1992//3664 2016//3664 1984//3664
f 1976//3665 2016//3665 2008//3665
f 1984//3666 2016//3666 1976//3666
f 1985//3667 2017//3667 1977//3667
f 1977//3668 2017//3668 2009//3668
f 1978//3669 2018//3669 2010//3669
f 1986//3670 2018//3670 1978//3670
f 1987//3671 2019//3671 2011//3671
f 1988//3672 2020//3672 2012//3672
f 1989//3673 2021//3673 1981//3673
f 1999//3674 2021//3674 1989//3674
f 1981//3675 2021//3675 2013//3675
f 1982//3676 2022//3676 2014//3676
f 1990//3677 2022//3677 1982//3677
f 1991//3678 2023//3678 2015//3678
f 1992//3679 2024//3679 2016//3679
f 1985//3680 2025//3680 2017//3680
f 1993//3681 2025//3681 1985//3681
f 1986//3682 2026//3682 2018//3682
f 1994//3683 2026//3683 1986//3683
f 1996//3684 2027//3684 2028//3684
f 1995//3685 2027//3685 1996//3685
f 1997//3686 2029//3686 1987//3686
f 1987//3687 2029//3687 2019//3687
f 253//3688 2030//3688 251//3688
f 1988//3689 2030//3689 2020//3689
f 251//3690 2030//3690 1998//3690
f 1998//3691 2030//3691 1988//3691
f 1999//3692 2031//3692 2021//3692
f 2008//3693 2032//3693 2000//3693
f 2000//3694 2032//3694 1990//3694
f 1990//3695 2032//3695 2022//3695
f 1991//3696 2033//3696 2023//3696
f 2009//3697 2033//3697 2001//3697
f 2001//3698 2033//3698 1991//3698
f 2010//3699 2034//3699 2002//3699
f 1992//3700 2034//3700 2024//3700
f 2002//3701 2034//3701 1992//3701
f 1993//3702 2035//3702 2025//3702
f 2011//3703 2035//3703 2003//3703
f 2003//3704 2035//3704 1993//3704
f 1994//3705 2036//3705 2026//3705
f 2004//3706 2036//3706 1994//3706
f 1995//3707 2037//3707 2027//3707
f 2005//3708 2037//3708 1995//3708
f 1997//3709 2038//3709 2029//3709
f 2006//3710 2038//3710 1997//3710
f 1999//3711 2039//3711 2031//3711
f 2007//3712 2039//3712 1999//3712
f 2008//3713 2040//3713 2032//3713
f 2009//3714 2041//3714 2033//3714
f 2010//3715 2042//3715 2034//3715
f 2018//3716 2042//3716 2010//3716
f 2019//3717 2043//3717 2011//3717
f 2011//3718 2043//3718 2035//3718
f 2012//3719 2044//3719 2004//3719
f 2004//3720 2044//3720 2036//3720
f 2013//3721 2045//3721 2005//3721
f 2005//3722 2045//3722 2037//3722
f 2014//3723 2046//3723 2006//3723
f 2006//3724 2046//3724 2038//3724
f 2023//3725 2047//3725 2015//3725
f 2015//3726 2047//3726 2007//3726
f 2007//3727 2047//3727 2039//3727
f 2008//3728 2048//3728 2040//3728
f 2016//3729 2048//3729 2008//3729
f 2009//3730 2049//3730 2041//3730
f 2025//3731 2049//3731 2017//3731
f 2017//3732 2049//3732 2009//3732
f 2026//3733 2050//3733 2018//3733
f 2018//3734 2050//3734 2042//3734
f 2019//3735 2051//3735 2043//3735
f 2012//3736 2052//3736 2044//3736
f 2020//3737 2052//3737 2012//3737
f 2021//3738 2053//3738 2013//3738
f 2013//3739 2053//3739 2045//3739
f 2014//3740 2054//3740 2046//3740
f 2022//3741 2054//3741 2014//3741
f 2023//3742 2055//3742 2047//3742
f 2016//3743 2056//3743 2048//3743
f 2024//3744 2056//3744 2016//3744
f 2025//3745 2057//3745 2049//3745
f 2035//3746 2057//3746 2025//3746
f 2026//3747 2058//3747 2050//3747
f 2027//3748 2059//3748 2028//3748
f 2028//3749 2059//3749 2060//3749
f 2037//3750 2059//3750 2027//3750
f 2019//3751 2061//3751 2051//3751
f 2029//3752 2061//3752 2019//3752
f 255//3753 2062//3753 253//3753
f 2020//3754 2062//3754 2052//3754
f 2030//3755 2062//3755 2020//3755
f 253//3756 2062//3756 2030//3756
f 2031//3757 2063//3757 2021//3757
f 2021//3758 2063//3758 2053//3758
f 2022//3759 2064//3759 2054//3759
f 2032//3760 2064//3760 2022//3760
f 2033//3761 2065//3761 2023//3761
f 2041//3762 2065//3762 2033//3762
f 2023//3763 2065//3763 2055//3763
f 2024//3764 2066//3764 2056//3764
f 2034//3765 2066//3765 2024//3765
f 2035//3766 2067//3766 2057//3766
f 2043//3767 2067//3767 2035//3767
f 2044//3768 2068//3768 2036//3768
f 2026//3769 2068//3769 2058//3769
f 2036//3770 2068//3770 2026//3770
f 2037//3771 2069//3771 2059//3771
f 2038//3772 2070//3772 2029//3772
f 2029//3773 2070//3773 2061//3773
f 2031//3774 2071//3774 2063//3774
f 2039//3775 2071//3775 2031//3775
f 2040//3776 2072//3776 2032//3776
f 2032//3777 2072//3777 2064//3777
f 2041//3778 2073//3778 2065//3778
f 2034//3779 2074//3779 2066//3779
f 2050//3780 2074//3780 2042//3780
f 2042//3781 2074//3781 2034//3781
f 2043//3782 2075//3782 2067//3782
f 2052//3783 2076//3783 2044//3783
f 2044//3784 2076//3784 2068//3784
f 2045//3785 2077//3785 2037//3785
f 2037//3786 2077//3786 2069//3786
f 2054//3787 2078//3787 2046//3787
f 2046//3788 2078//3788 2038//3788
f 2038//3789 2078//3789 2070//3789
f 2047//3790 2079//3790 2039//3790
f 2039//3791 2079//3791 2071//3791
f 2040//3792 2080//3792 2072//3792
f 2048//3793 2080//3793 2040//3793
f 2041//3794 2081//3794 2073//3794
f 2049//3795 2081//3795 2041//3795
f 2050//3796 2082//3796 2074//3796
f 2051//3797 2083//3797 2043//3797
f 2061//3798 2083//3798 2051//3798
f 2043//3799 2083//3799 2075//3799
f 2052//3800 2084//3800 2076//3800
f 2053//3801 2085//3801 2045//3801
f 2045//3802 2085//3802 2077//3802
f 2054//3803 2086//3803 2078//3803
f 2047//3804 2087//3804 2079//3804
f 2055//3805 2087//3805 2047//3805
f 2048//3806 2088//3806 2080//3806
f 2056//3807 2088//3807 2048//3807
f 2057//3808 2089//3808 2049//3808
f 2049//3809 2089//3809 2081//3809
f 2050//3810 2090//3810 2082//3810
f 2068//3811 2090//3811 2058//3811
f 2058//3812 2090//3812 2050//3812
f 2059//3813 2091//3813 2060//3813
f 2060//3814 2091//3814 2092//3814
f 2070//3815 2093//3815 2061//3815
f 2061//3816 2093//3816 2083//3816
f 257//3817 2094//3817 255//3817
f 259//3818 2094//3818 257//3818
f 2052//3819 2094//3819 2084//3819
f 2062//3820 2094//3820 2052//3820
f 255//3821 2094//3821 2062//3821
f 2063//3822 2095//3822 2053//3822
f 2071//3823 2095//3823 2063//3823
f 2053//3824 2095//3824 2085//3824
f 2064//3825 2096//3825 2054//3825
f 2054//3826 2096//3826 2086//3826
f 2055//3827 2097//3827 2087//3827
f 2065//3828 2097//3828 2055//3828
f 2056//3829 2098//3829 2088//3829
f 2066//3830 2098//3830 2056//3830
f 2074//3831 2098//3831 2066//3831
f 2057//3832 2099//3832 2089//3832
f 2067//3833 2099//3833 2057//3833
f 2068//3834 2100//3834 2090//3834
f 2069//3835 2101//3835 2059//3835
f 2059//3836 2101//3836 2091//3836
f 2070//3837 2102//3837 2093//3837
f 2078//3838 2102//3838 2070//3838
f 2071//3839 2103//3839 2095//3839
f 2064//3840 2104//3840 2096//3840
f 2080//3841 2104//3841 2072//3841
f 2072//3842 2104//3842 2064//3842
f 2065//3843 2105//3843 2097//3843
f 2073//3844 2105//3844 2065//3844
f 2082//3845 2106//3845 2074//3845
f 2074//3846 2106//3846 2098//3846
f 2083//3847 2107//3847 2075//3847
f 2067//3848 2107//3848 2099//3848
f 2075//3849 2107//3849 2067//3849
f 2068//3850 2108//3850 2100//3850
f 2076//3851 2108//3851 2068//3851
f 2069//3852 2109//3852 2101//3852
f 2077//3853 2109//3853 2069//3853
f 2078//3854 2110//3854 2102//3854
f 2079//3855 2111//3855 2071//3855
f 2071//3856 2111//3856 2103//3856
f 2080//3857 2112//3857 2104//3857
f 2081//3858 2113//3858 2073//3858
f 2073//3859 2113//3859 2105//3859
f 2082//3860 2114//3860 2106//3860
f 2090//3861 2114//3861 2082//3861
f 2083//3862 2115//3862 2107//3862
f 2076//3863 2116//3863 2108//3863
f 2084//3864 2116//3864 2076//3864
f 2094//3865 2116//3865 2084//3865
f 2085//3866 2117//3866 2077//3866
f 2077//3867 2117//3867 2109//3867
f 2086//3868 2118//3868 2078//3868
f 2078//3869 2118//3869 2110//3869
f 2087//3870 2119//3870 2079//3870
f 2097//3871 2119//3871 2087//3871
f 2079//3872 2119//3872 2111//3872
f 2088//3873 2120//3873 2080//3873
f 2080//3874 2120//3874 2112//3874
f 2081//3875 2121//3875 2113//3875
f 2089//3876 2121//3876 2081//3876
f 2090//3877 2122//3877 2114//3877
f 2100//3878 2122//3878 2090//3878
f 2091//3879 2123//3879 2092//3879
f 2092//3880 2123//3880 2124//3880
f 2083//3881 2125//3881 2115//3881
f 2093//3882 2125//3882 2083//3882
f 2094//3883 2126//3883 2116//3883
f 259//3884 2126//3884 2094//3884
f 2095//3885 2127//3885 2085//3885
f 2085//3886 2127//3886 2117//3886
f 2086//3887 2128//3887 2118//3887
f 2096//3888 2128//3888 2086//3888
f 2097//3889 2129//3889 2119//3889
f 2088//3890 2130//3890 2120//3890
f 2098//3891 2130//3891 2088//3891
f 2099//3892 2131//3892 2089//3892
f 2089//3893 2131//3893 2121//3893
f 2100//3894 2132//3894 2122//3894
f 2091//3895 2133//3895 2123//3895
f 2101//3896 2133//3896 2091//3896
f 2093//3897 2134//3897 2125//3897
f 2102//3898 2134//3898 2093//3898
f 2095//3899 2135//3899 2127//3899
f 2103//3900 2135//3900 2095//3900
f 2104//3901 2136//3901 2096//3901
f 2096//3902 2136//3902 2128//3902
f 2097//3903 2137//3903 2129//3903
f 2105//3904 2137//3904 2097//3904
f 2113//3905 2137//3905 2105//3905
f 2098//3906 2138//3906 2130//3906
f 2106//3907 2138//3907 2098//3907
f 2115//3908 2139//3908 2107//3908
f 2099//3909 2139//3909 2131//3909
f 2107//3910 2139//3910 2099//3910
f 2100//3911 2140//3911 2132//3911
f 2108//3912 2140//3912 2100//3912
f 2109//3913 2141//3913 2101//3913
f 2101//3914 2141//3914 2133//3914
f 2102//3915 2142//3915 2134//3915
f 2110//3916 2142//3916 2102//3916
f 2103//3917 2143//3917 2135//3917
f 2111//3918 2143//3918 2103//3918
f 2104//3919 2144//3919 2136//3919
f 2112//3920 2144//3920 2104//3920
f 2113//3921 2145//3921 2137//3921
f 2114//3922 2146//3922 2106//3922
f 2106//3923 2146//3923 2138//3923
f 2115//3924 2147//3924 2139//3924
f 2126//3925 2148//3925 2116//3925
f 2116//3926 2148//3926 2108//3926
f 2108//3927 2148//3927 2140//3927
f 2117//3928 2149//3928 2109//3928
f 2109//3929 2149//3929 2141//3929
f 2118//3930 2150//3930 2110//3930
f 2110//3931 2150//3931 2142//3931
f 2111//3932 2151//3932 2143//3932
f 2119//3933 2151//3933 2111//3933
f 2120//3934 2152//3934 2112//3934
f 2112//3935 2152//3935 2144//3935
f 2131//3936 2153//3936 2121//3936
f 2121//3937 2153//3937 2113//3937
f 2113//3938 2153//3938 2145//3938
f 2122//3939 2154//3939 2114//3939
f 2114//3940 2154//3940 2146//3940
f 2123//3941 2155//3941 2124//3941
f 2124//3942 2155//3942 2156//3942
f 2125//3943 2157//3943 2115//3943
f 2115//3944 2157//3944 2147//3944
f 261//3945 2158//3945 259//3945
f 263//3946 2158//3946 261//3946
f 259//3947 2158//3947 2126//3947
f 2126//3948 2158//3948 2148//3948
f 2127//3949 2159//3949 2117//3949
f 2117//3950 2159//3950 2149//3950
f 2135//3951 2159//3951 2127//3951
f 2128//3952 2160//3952 2118//3952
f 2118//3953 2160//3953 2150//3953
f 2129//3954 2161//3954 2119//3954
f 2119//3955 2161//3955 2151//3955
f 2137//3956 2161//3956 2129//3956
f 2120//3957 2162//3957 2152//3957
f 2130//3958 2162//3958 2120//3958
f 2139//3959 2163//3959 2131//3959
f 2131//3960 2163//3960 2153//3960
f 2132//3961 2164//3961 2122//3961
f 2122//3962 2164//3962 2154//3962
f 2133//3963 2165//3963 2123//3963
f 2123//3964 2165//3964 2155//3964
f 2134//3965 2166//3965 2125//3965
f 2125//3966 2166//3966 2157//3966
f 2135//3967 2167//3967 2159//3967
f 2128//3968 2168//3968 2160//3968
f 2136//3969 2168//3969 2128//3969
f 2144//3970 2168//3970 2136//3970
f 2137//3971 2169//3971 2161//3971
f 2130//3972 2170//3972 2162//3972
f 2138//3973 2170//3973 2130//3973
f 2139//3974 2171//3974 2163//3974
f 2132//3975 2172//3975 2164//3975
f 2140//3976 2172//3976 2132//3976
f 2148//3977 2172//3977 2140//3977
f 2141//3978 2173//3978 2133//3978
f 2133//3979 2173//3979 2165//3979
f 2134//3980 2174//3980 2166//3980
f 2142//3981 2174//3981 2134//3981
f 2135//3982 2175//3982 2167//3982
f 2143//3983 2175//3983 2135//3983
f 2144//3984 2176//3984 2168//3984
f 2137//3985 2177//3985 2169//3985
f 2145//3986 2177//3986 2137//3986
f 2146//3987 2178//3987 2138//3987
f 2138//3988 2178//3988 2170//3988
f 2157//3989 2179//3989 2147//3989
f 2139//3990 2179//3990 2171//3990
f 2147//3991 2179//3991 2139//3991
f 2148//3992 2180//3992 2172//3992
f 2141//3993 2181//3993 2173//3993
f 2149//3994 2181//3994 2141//3994
f 2150//3995 2182//3995 2142//3995
f 2142//3996 2182//3996 2174//3996
f 2151//3997 2183//3997 2143//3997
f 2143//3998 2183//3998 2175//3998
f 2144//3999 2184//3999 2176//3999
f 2152//4000 2184//4000 2144//4000
f 2145//4001 2185//4001 2177//4001
f 2153//4002 2185//4002 2145//4002
f 2154//4003 2186//4003 2146//4003
f 2146//4004 2186//4004 2178//4004
f 2155//4005 2187//4005 2156//4005
f 2156//4006 2187//4006 2188//4006
f 2157//4007 2189//4007 2179//4007
f 2166//4008 2189//4008 2157//4008
f 2158//4009 2190//4009 2148//4009
f 263//4010 2190//4010 2158//4010
f 2148//4011 2190//4011 2180//4011
f 2159//4012 2191//4012 2149//4012
f 2149//4013 2191//4013 2181//4013
f 2160//4014 2192//4014 2150//4014
f 2150//4015 2192//4015 2182//4015
f 2161//4016 2193//4016 2151//4016
f 2151//4017 2193//4017 2183//4017
f 2152//4018 2194//4018 2184//4018
f 2162//4019 2194//4019 2152//4019
f 2153//4020 2195//4020 2185//4020
f 2163//4021 2195//4021 2153//4021
f 2154//4022 2196//4022 2186//4022
f 2164//4023 2196//4023 2154//4023
f 2165//4024 2197//4024 2155//4024
f 2155//4025 2197//4025 2187//4025
f 2166//4026 2198//4026 2189//4026
f 2159//4027 2199//4027 2191//4027
f 2167//4028 2199//4028 2159//4028
f 2168//4029 2200//4029 2160//4029
f 2160//4030 2200//4030 2192//4030
f 2169//4031 2201//4031 2161//4031
f 2161//4032 2201//4032 2193//4032
f 2170//4033 2202//4033 2162//4033
f 2162//4034 2202//4034 2194//4034
f 2178//4035 2202//4035 2170//4035
f 2163//4036 2203//4036 2195//4036
f 2171//4037 2203//4037 2163//4037
f 2164//4038 2204//4038 2196//4038
f 2172//4039 2204//4039 2164//4039
f 2173//4040 2205//4040 2165//4040
f 2181//4041 2205//4041 2173//4041
f 2165//4042 2205//4042 2197//4042
f 2166//4043 2206//4043 2198//4043
f 2174//4044 2206//4044 2166//4044
f 2167//4045 2207//4045 2199//4045
f 2175//4046 2207//4046 2167//4046
f 2168//4047 2208//4047 2200//4047
f 2176//4048 2208//4048 2168//4048
f 2177//4049 2209//4049 2169//4049
f 2169//4050 2209//4050 2201//4050
f 2178//4051 2210//4051 2202//4051
f 2171//4052 2211//4052 2203//4052
f 2179//4053 2211//4053 2171//4053
f 2180//4054 2212//4054 2172//4054
f 2172//4055 2212//4055 2204//4055
f 2181//4056 2213//4056 2205//4056
f 2192//4057 2214//4057 2182//4057
f 2174//4058 2214//4058 2206//4058
f 2182//4059 2214//4059 2174//4059
f 2175//4060 2215//4060 2207//4060
f 2183//4061 2215//4061 2175//4061
f 2193//4062 2215//4062 2183//4062
f 2194//4063 2216//4063 2184//4063
f 2176//4064 2216//4064 2208//4064
f 2184//4065 2216//4065 2176//4065
f 2185//4066 2217//4066 2177//4066
f 2177//4067 2217//4067 2209//4067
f 2196//4068 2218//4068 2186//4068
f 2178//4069 2218//4069 2210//4069
f 2186//4070 2218//4070 2178//4070
f 2187//4071 2219//4071 2188//4071
f 2188//4072 2219//4072 2220//4072
f 2189//4073 2221//4073 2179//4073
f 2179//4074 2221//4074 2211//4074
f 265//4075 2222//4075 263//4075
f 2190//4076 2222//4076 2180//4076
f 2180//4077 2222//4077 2212//4077
f 263//4078 2222//4078 2190//4078
f 2199//4079 2223//4079 2191//4079
f 2191//4080 2223//4080 2181//4080
f 2181//4081 2223//4081 2213//4081
f 2192//4082 2224//4082 2214//4082
f 2200//4083 2224//4083 2192//4083
f 2193//4084 2225//4084 2215//4084
f 2194//4085 2226//4085 2216//4085
f 2195//4086 2227//4086 2185//4086
f 2203//4087 2227//4087 2195//4087
f 2185//4088 2227//4088 2217//4088
f 2196//4089 2228//4089 2218//4089
f 2197//4090 2229//4090 2187//4090
f 2187//4091 2229//4091 2219//4091
f 2189//4092 2230//4092 2221//4092
f 2198//4093 2230//4093 2189//4093
f 2199//4094 2231//4094 2223//4094
f 2200//4095 2232//4095 2224//4095
f 2201//4096 2233//4096 2193//4096
f 2193//4097 2233//4097 2225//4097
f 2194//4098 2234//4098 2226//4098
f 2202//4099 2234//4099 2194//4099
f 2203//4100 2235//4100 2227//4100
f 2196//4101 2236//4101 2228//4101
f 2212//4102 2236//4102 2204//4102
f 2204//4103 2236//4103 2196//4103
f 2197//4104 2237//4104 2229//4104
f 2205//4105 2237//4105 2197//4105
f 2198//4106 2238//4106 2230//4106
f 2206//4107 2238//4107 2198//4107
f 2199//4108 2239//4108 2231//4108
f 2207//4109 2239//4109 2199//4109
f 2215//4110 2239//4110 2207//4110
f 2200//4111 2240//4111 2232//4111
f 2208//4112 2240//4112 2200//4112
f 2217//4113 2241//4113 2209//4113
f 2209//4114 2241//4114 2201//4114
f 2201//4115 2241//4115 2233//4115
f 2218//4116 2242//4116 2210//4116
f 2202//4117 2242//4117 2234//4117
f 2210//4118 2242//4118 2202//4118
f 2203//4119 2243//4119 2235//4119
f 2221//4120 2243//4120 2211//4120
f 2211//4121 2243//4121 2203//4121
f 2212//4122 2244//4122 2236//4122
f 2205//4123 2245//4123 2237//4123
f 2213//4124 2245//4124 2205//4124
f 2206//4125 2246//4125 2238//4125
f 2214//4126 2246//4126 2206//4126
f 2215//4127 2247//4127 2239//4127
f 2216//4128 2248//4128 2208//4128
f 2208//4129 2248//4129 2240//4129
f 2227//4130 2249//4130 2217//4130
f 2217//4131 2249//4131 2241//4131
f 2228//4132 2250//4132 2218//4132
f 2218//4133 2250//4133 2242//4133
f 2219//4134 2251//4134 2220//4134
f 2220//4135 2251//4135 2252//4135
f 2221//4136 2253//4136 2243//4136
f 2230//4137 2253//4137 2221//4137
f 2222//4138 2254//4138 2212//4138
f 267//4139 2254//4139 265//4139
f 265//4140 2254//4140 2222//4140
f 2212//4141 2254//4141 2244//4141
f 2223//4142 2255//4142 2213//4142
f 2213//4143 2255//4143 2245//4143
f 2214//4144 2256//4144 2246//4144
f 2224//4145 2256//4145 2214//4145
f 2225//4146 2257//4146 2215//4146
f 2233//4147 2257//4147 2225//4147
f 2215//4148 2257//4148 2247//4148
f 2216//4149 2258//4149 2248//4149
f 2226//4150 2258//4150 2216//4150
f 2227//4151 2259//4151 2249//4151
f 2235//4152 2259//4152 2227//4152
f 2228//4153 2260//4153 2250//4153
f 2229//4154 2261//4154 2219//4154
f 2219//4155 2261//4155 2251//4155
f 2238//4156 2262//4156 2230//4156
f 2230//4157 2262//4157 2253//4157
f 2231//4158 2263//4158 2223//4158
f 2223//4159 2263//4159 2255//4159
f 2224//4160 2264//4160 2256//4160
f 2232//4161 2264//4161 2224//4161
f 2233//4162 2265//4162 2257//4162
f 2234//4163 2266//4163 2226//4163
f 2226//4164 2266//4164 2258//4164
f 2235//4165 2267//4165 2259//4165
f 2228//4166 2268//4166 2260//4166
f 2236//4167 2268//4167 2228//4167
f 2244//4168 2268//4168 2236//4168
f 2229//4169 2269//4169 2261//4169
f 2237//4170 2269//4170 2229//4170
f 2245//4171 2269//4171 2237//4171
f 2238//4172 2270//4172 2262//4172
f 2239//4173 2271//4173 2231//4173
f 2231//4174 2271//4174 2263//4174
f 2232//4175 2272//4175 2264//4175
f 2240//4176 2272//4176 2232//4176
f 2241//4177 2273//4177 2233//4177
f 2249//4178 2273//4178 2241//4178
f 2233//4179 2273//4179 2265//4179
f 2234//4180 2274//4180 2266//4180
f 2242//4181 2274//4181 2234//4181
f 2235//4182 2275//4182 2267//4182
f 2243//4183 2275//4183 2235//4183
f 2253//4184 2275//4184 2243//4184
f 2244//4185 2276//4185 2268//4185
f 2245//4186 2277//4186 2269//4186
f 2238//4187 2278//4187 2270//4187
f 2246//4188 2278//4188 2238//4188
f 2247//4189 2279//4189 2239//4189
f 2239//4190 2279//4190 2271//4190
f 2240//4191 2280//4191 2272//4191
f 2248//4192 2280//4192 2240//4192
f 2249//4193 2281//4193 2273//4193
f 2259//4194 2281//4194 2249//4194
f 2242//4195 2282//4195 2274//4195
f 2250//4196 2282//4196 2242//4196
f 2252//4197 2283//4197 2284//4197
f 2284//4198 2283//4198 160//4198
f 160//4199 2283//4199 161//4199
f 2251//4200 2283//4200 2252//4200
f 2262//4201 2285//4201 2253//4201
f 2253//4202 2285//4202 2275//4202
f 2254//4203 2286//4203 2244//4203
f 269//4204 2286//4204 267//4204
f 2244//4205 2286//4205 2276//4205
f 267//4206 2286//4206 2254//4206
f 2245//4207 2287//4207 2277//4207
f 2255//4208 2287//4208 2245//4208
f 2256//4209 2288//4209 2246//4209
f 2246//4210 2288//4210 2278//4210
f 2247//4211 2289//4211 2279//4211
f 2257//4212 2289//4212 2247//4212
f 2258//4213 2290//4213 2248//4213
f 2248//4214 2290//4214 2280//4214
f 2266//4215 2290//4215 2258//4215
f 2267//4216 2291//4216 2259//4216
f 2259//4217 2291//4217 2281//4217
f 2250//4218 2292//4218 2282//4218
f 2260//4219 2292//4219 2250//4219
f 2283//4220 2293//4220 161//4220
f 161//4221 2293//4221 163//4221
f 2251//4222 2293//4222 2283//4222
f 2261//4223 2293//4223 2251//4223
f 2270//4224 2294//4224 2262//4224
f 2262//4225 2294//4225 2285//4225
f 2263//4226 2295//4226 2255//4226
f 2255//4227 2295//4227 2287//4227
f 2264//4228 2296//4228 2256//4228
f 2256//4229 2296//4229 2288//4229
f 2257//4230 2297//4230 2289//4230
f 2265//4231 2297//4231 2257//4231
f 2266//4232 2298//4232 2290//4232
f 2267//4233 2299//4233 2291//4233
f 2260//4234 2300//4234 2292//4234
f 2268//4235 2300//4235 2260//4235
f 2277//4236 2301//4236 2269//4236
f 2261//4237 2301//4237 2293//4237
f 2269//4238 2301//4238 2261//4238
f 2293//4239 2301//4239 163//4239
f 163//4240 2301//4240 165//4240
f 165//4241 2301//4241 167//4241
f 2270//4242 2302//4242 2294//4242
f 2271//4243 2303//4243 2263//4243
f 2279//4244 2303//4244 2271//4244
f 2263//4245 2303//4245 2295//4245
f 2264//4246 2304//4246 2296//4246
f 2280//4247 2304//4247 2272//4247
f 2272//4248 2304//4248 2264//4248
f 2265//4249 2305//4249 2297//4249
f 2273//4250 2305//4250 2265//4250
f 2274//4251 2306//4251 2266//4251
f 2282//4252 2306//4252 2274//4252
f 2266//4253 2306//4253 2298//4253
f 2267//4254 2307//4254 2299//4254
f 2285//4255 2307//4255 2275//4255
f 2275//4256 2307//4256 2267//4256
f 2268//4257 2308//4257 2300//4257
f 2276//4258 2308//4258 2268//4258
f 2301//4259 2309//4259 167//4259
f 2277//4260 2309//4260 2301//4260
f 2288//4261 2310//4261 2278//4261
f 2278//4262 2310//4262 2270//4262
f 2270//4263 2310//4263 2302//4263
f 2279//4264 2311//4264 2303//4264
f 2280//4265 2312//4265 2304//4265
f 2281//4266 2313//4266 2273//4266
f 2273//4267 2313//4267 2305//4267
f 2282//4268 2314//4268 2306//4268
f 2294//4269 2315//4269 2285//4269
f 2285//4270 2315//4270 2307//4270
f 269//4271 2316//4271 2286//4271
f 271//4272 2316//4272 269//4272
f 273//4273 2316//4273 271//4273
f 2276//4274 2316//4274 2308//4274
f 2286//4275 2316//4275 2276//4275
f 2309//4276 2317//4276 167//4276
f 2277//4277 2317//4277 2309//4277
f 167//4278 2317//4278 169//4278
f 2287//4279 2317//4279 2277//4279
f 2288//4280 2318//4280 2310//4280
f 2289//4281 2319//4281 2279//4281
f 2279//4282 2319//4282 2311//4282
f 2290//4283 2320//4283 2280//4283
f 2280//4284 2320//4284 2312//4284
f 2281//4285 2321//4285 2313//4285
f 2291//4286 2321//4286 2281//4286
f 2292//4287 2322//4287 2282//4287
f 2300//4288 2322//4288 2292//4288
f 2282//4289 2322//4289 2314//4289
f 2302//4290 2323//4290 2294//4290
f 2294//4291 2323//4291 2315//4291
f 2317//4292 2324//4292 169//4292
f 2287//4293 2324//4293 2317//4293
f 2295//4294 2324//4294 2287//4294
f 169//4295 2324//4295 171//4295
f 2303//4296 2324//4296 2295//4296
f 2304//4297 2325//4297 2296//4297
f 2296//4298 2325//4298 2288//4298
f 2288//4299 2325//4299 2318//4299
f 2297//4300 2326//4300 2289//4300
f 2289//4301 2326//4301 2319//4301
f 2298//4302 2327//4302 2290//4302
f 2290//4303 2327//4303 2320//4303
f 2306//4304 2327//4304 2298//4304
f 2299//4305 2328//4305 2291//4305
f 2291//4306 2328//4306 2321//4306
f 2300//4307 2329//4307 2322//4307
f 2308//4308 2329//4308 2300//4308
f 2302//4309 2330//4309 2323//4309
f 2324//4310 2331//4310 171//4310
f 171//4311 2331//4311 173//4311
f 2303//4312 2331//4312 2324//4312
f 2304//4313 2332//4313 2325//4313
f 2297//4314 2333//4314 2326//4314
f 2305//4315 2333//4315 2297//4315
f 2306//4316 2334//4316 2327//4316
f 2307//4317 2335//4317 2299//4317
f 2299//4318 2335//4318 2328//4318
f 2308//4319 2336//4319 2329//4319
f 2302//4320 2337//4320 2330//4320
f 2310//4321 2337//4321 2302//4321
f 2318//4322 2337//4322 2310//4322
f 2303//4323 2338//4323 2331//4323
f 2311//4324 2338//4324 2303//4324
f 173//4325 2338//4325 175//4325
f 2331//4326 2338//4326 173//4326
f 2312//4327 2339//4327 2304//4327
f 2304//4328 2339//4328 2332//4328
f 2313//4329 2340//4329 2305//4329
f 2305//4330 2340//4330 2333//4330
f 2306//4331 2341//4331 2334//4331
f 2314//4332 2341//4332 2306//4332
f 2307//4333 2342//4333 2335//4333
f 2315//4334 2342//4334 2307//4334
f 2308//4335 2343//4335 2336//4335
f 273//4336 2343//4336 2316//4336
f 2316//4337 2343//4337 2308//4337
f 2318//4338 2344//4338 2337//4338
f 2311//4339 2345//4339 2338//4339
f 2319//4340 2345//4340 2311//4340
f 175//4341 2345//4341 177//4341
f 2338//4342 2345//4342 175//4342
f 2312//4343 2346//4343 2339//4343
f 2320//4344 2346//4344 2312//4344
f 2313//4345 2347//4345 2340//4345
f 2328//4346 2347//4346 2321//4346
f 2321//4347 2347//4347 2313//4347
f 2322//4348 2348//4348 2314//4348
f 2314//4349 2348//4349 2341//4349
f 2315//4350 2349//4350 2342//4350
f 2323//4351 2349//4351 2315//4351
f 2318//4352 2350//4352 2344//4352
f 2325//4353 2350//4353 2318//4353
f 2319//4354 2351//4354 2345//4354
f 2345//4355 2351//4355 177//4355
f 177//4356 2351//4356 179//4356
f 2326//4357 2351//4357 2319//4357
f 2320//4358 2352//4358 2346//4358
f 2327//4359 2352//4359 2320//4359
f 2328//4360 2353//4360 2347//4360
f 2329//4361 2354//4361 2322//4361
f 2322//4362 2354//4362 2348//4362
f 2330//4363 2355//4363 2323//4363
f 2323//4364 2355//4364 2349//4364
f 2332//4365 2356//4365 2325//4365
f 2339//4366 2356//4366 2332//4366
f 2325//4367 2356//4367 2350//4367
f 2351//4368 2357//4368 179//4368
f 2340//4369 2357//4369 2333//4369
f 179//4370 2357//4370 181//4370
f 181//4371 2357//4371 183//4371
f 2326//4372 2357//4372 2351//4372
f 2333//4373 2357//4373 2326//4373
f 2341//4374 2358//4374 2334//4374
f 2334//4375 2358//4375 2327//4375
f 2327//4376 2358//4376 2352//4376
f 2335//4377 2359//4377 2328//4377
f 2328//4378 2359//4378 2353//4378
f 2342//4379 2359//4379 2335//4379
f 2336//4380 2360//4380 2329//4380
f 2329//4381 2360//4381 2354//4381
f 2330//4382 2361//4382 2355//4382
f 2337//4383 2361//4383 2330//4383
f 2346//4384 2362//4384 2339//4384
f 2339//4385 2362//4385 2356//4385
f 2357//4386 2363//4386 183//4386
f 2340//4387 2363//4387 2357//4387
f 2341//4388 2364//4388 2358//4388
f 2342//4389 2365//4389 2359//4389
f 275//4390 2366//4390 273//4390
f 2336//4391 2366//4391 2360//4391
f 273//4392 2366//4392 2343//4392
f 2343//4393 2366//4393 2336//4393
f 2344//4394 2367//4394 2337//4394
f 2337//4395 2367//4395 2361//4395
f 2346//4396 2368//4396 2362//4396
f 2340//4397 2369//4397 2363//4397
f 2363//4398 2369//4398 183//4398
f 2353//4399 2369//4399 2347//4399
f 183//4400 2369//4400 185//4400
f 185//4401 2369//4401 187//4401
f 2347//4402 2369//4402 2340//4402
f 2341//4403 2370//4403 2364//4403
f 2348//4404 2370//4404 2341//4404
f 2342//4405 2371//4405 2365//4405
f 2349//4406 2371//4406 2342//4406
f 2355//4407 2371//4407 2349//4407
f 2344//4408 2372//4408 2367//4408
f 2350//4409 2372//4409 2344//4409
f 2352//4410 2373//4410 2346//4410
f 2346//4411 2373//4411 2368//4411
f 2358//4412 2373//4412 2352//4412
f 2353//4413 2374//4413 2369//4413
f 2369//4414 2374//4414 187//4414
f 2348//4415 2375//4415 2370//4415
f 2354//4416 2375//4416 2348//4416
f 2355//4417 2376//4417 2371//4417
f 2350//4418 2377//4418 2372//4418
f 2356//4419 2377//4419 2350//4419
f 2358//4420 2378//4420 2373//4420
f 2374//4421 2379//4421 187//4421
f 2353//4422 2379//4422 2374//4422
f 187//4423 2379//4423 189//4423
f 189//4424 2379//4424 191//4424
f 2359//4425 2379//4425 2353//4425
f 2360//4426 2380//4426 2354//4426
f 2354//4427 2380//4427 2375//4427
f 2361//4428 2381//4428 2355//4428
f 2367//4429 2381//4429 2361//4429
f 2355//4430 2381//4430 2376//4430
f 2356//4431 2382//4431 2377//4431
f 2362//4432 2382//4432 2356//4432
f 2358//4433 2383//4433 2378//4433
f 2364//4434 2383//4434 2358//4434
f 2371//4435 2384//4435 2365//4435
f 2379//4436 2384//4436 191//4436
f 2365//4437 2384//4437 2359//4437
f 2359//4438 2384//4438 2379//4438
f 2360//4439 2385//4439 2380//4439
f 275//4440 2385//4440 2366//4440
f 277//4441 2385//4441 275//4441
f 2366//4442 2385//4442 2360//4442
f 2367//4443 2386//4443 2381//4443
f 2362//4444 2387//4444 2382//4444
f 2368//4445 2387//4445 2362//4445
f 2370//4446 2388//4446 2364//4446
f 2375//4447 2388//4447 2370//4447
f 2364//4448 2388//4448 2383//4448
f 2384//4449 2389//4449 191//4449
f 2371//4450 2389//4450 2384//4450
f 191//4451 2389//4451 193//4451
f 193//4452 2389//4452 195//4452
f 2367//4453 2390//4453 2386//4453
f 2377//4454 2390//4454 2372//4454
f 2372//4455 2390//4455 2367//4455
f 2373//4456 2391//4456 2368//4456
f 2368//4457 2391//4457 2387//4457
f 2380//4458 2392//4458 2375//4458
f 2375//4459 2392//4459 2388//4459
f 2376//4460 2393//4460 2371//4460
f 2371//4461 2393//4461 2389//4461
f 2389//4462 2393//4462 195//4462
f 2377//4463 2394//4463 2390//4463
f 2373//4464 2395//4464 2391//4464
f 2378//4465 2395//4465 2373//4465
f 2380//4466 2396//4466 2392//4466
f 2381//4467 2397//4467 2376//4467
f 2376//4468 2397//4468 2393//4468
f 195//4469 2397//4469 197//4469
f 2393//4470 2397//4470 195//4470
f 2382//4471 2398//4471 2377//4471
f 2377//4472 2398//4472 2394//4472
f 2378//4473 2399//4473 2395//4473
f 2383//4474 2399//4474 2378//4474
f 279//4475 2400//4475 277//4475
f 2385//4476 2400//4476 2380//4476
f 277//4477 2400//4477 2385//4477
f 2380//4478 2400//4478 2396//4478
f 2381//4479 2401//4479 2397//4479
f 2386//4480 2401//4480 2381//4480
f 197//4481 2401//4481 199//4481
f 2397//4482 2401//4482 197//4482
f 199//4483 2401//4483 201//4483
f 2390//4484 2401//4484 2386//4484
f 2391//4485 2402//4485 2387//4485
f 2387//4486 2402//4486 2382//4486
f 2382//4487 2402//4487 2398//4487
f 2388//4488 2403//4488 2383//4488
f 2383//4489 2403//4489 2399//4489
f 2401//4490 2404//4490 201//4490
f 2390//4491 2404//4491 2401//4491
f 2395//4492 2405//4492 2391//4492
f 2391//4493 2405//4493 2402//4493
f 2392//4494 2406//4494 2388//4494
f 2388//4495 2406//4495 2403//4495
f 2390//4496 2407//4496 2404//4496
f 2404//4497 2407//4497 201//4497
f 201//4498 2407//4498 203//4498
f 2394//4499 2407//4499 2390//4499
f 2399//4500 2408//4500 2395//4500
f 2395//4501 2408//4501 2405//4501
f 2396//4502 2409//4502 2392//4502
f 2392//4503 2409//4503 2406//4503
f 2398//4504 2410//4504 2394//4504
f 2407//4505 2410//4505 203//4505
f 2394//4506 2410//4506 2407//4506
f 203//4507 2410//4507 205//4507
f 2399//4508 2411//4508 2408//4508
f 2396//4509 2412//4509 2409//4509
f 2400//4510 2412//4510 2396//4510
f 281//4511 2412//4511 279//4511
f 279//4512 2412//4512 2400//4512
f 2402//4513 2413//4513 2398//4513
f 2398//4514 2413//4514 2410//4514
f 2410//4515 2413//4515 205//4515
f 205//4516 2413//4516 207//4516
f 2399//4517 2414//4517 2411//4517
f 2406//4518 2414//4518 2403//4518
f 2403//4519 2414//4519 2399//4519
f 2413//4520 2415//4520 207//4520
f 2405//4521 2415//4521 2402//4521
f 2402//4522 2415//4522 2413//4522
f 207//4523 2415//4523 210//4523
f 2406//4524 2416//4524 2414//4524
f 2409//4525 2416//4525 2406//4525
f 2405//4526 2417//4526 2415//4526
f 2408//4527 2417//4527 2405//4527
f 2415//4528 2417//4528 210//4528
f 210//4529 2417//4529 211//4529
f 2409//4530 2418//4530 2416//4530
f 2408//4531 2419//4531 2417//4531
f 2411//4532 2419//4532 2408//4532
f 2414//4533 2419//4533 2411//4533
f 2417//4534 2419//4534 211//4534
f 211//4535 2419//4535 213//4535
f 283//4536 2420//4536 281//4536
f 285//4537 2420//4537 283//4537
f 2412//4538 2420//4538 2409//4538
f 281//4539 2420//4539 2412//4539
f 2409//4540 2420//4540 2418//4540
f 2414//4541 2421//4541 2419//4541
f 2419//4542 2421//4542 213//4542
f 213//4543 2421//4543 216//4543
f 2416//4544 2422//4544 2414//4544
f 2414//4545 2422//4545 2421//4545
f 216//4546 2422//4546 217//4546
f 2421//4547 2422//4547 216//4547
f 2416//4548 2423//4548 2422//4548
f 2418//4549 2423//4549 2416//4549
f 217//4550 2423//4550 219//4550
f 2422//4551 2423//4551 217//4551
f 2418//4552 2424//4552 2423//4552
f 2423//4553 2424//4553 219//4553
f 1//4554 2424//4554 285//4554
f 285//4555 2424//4555 2420//4555
f 2420//4556 2424//4556 2418//4556
f 219//4557 2424//4557 221//4557
f 221//4558 2424//4558 1//4558
f 291//4559 288//4559 289//4559
f 291//4560 289//4560 290//4560
f 294//4561 291//4561 292//4561
f 294//4562 292//4562 293//4562
f 299//4563 296//4563 297//4563
f 299//4564 297//4564 298//4564
f 300//4565 294//4565 295//4565
f 300//4566 295//4566 296//4566
f 300//4567 296//4567 299//4567
f 302//4568 300//4568 301//4568
f 303//4569 294//4569 300//4569
f 303//4570 300//4570 302//4570
f 305//4571 303//4571 304//4571
f 308//4572 306//4572 307//4572
f 313//4573 288//4573 291//4573
f 313//4574 287//4574 288//4574
f 313//4575 291//4575 294//4575
f 313//4576 294//4576 303//4576
f 313//4577 305//4577 306//4577
f 313//4578 303//4578 305//4578
f 313//4579 308//4579 309//4579
f 313//4580 306//4580 308//4580
f 313//4581 309//4581 310//4581
f 313//4582 310//4582 311//4582
f 313//4583 311//4583 312//4583
f 315//4584 313//4584 314//4584
f 315//4585 287//4585 313//4585
f 316//4586 287//4586 315//4586
f 318//4587 316//4587 317//4587
f 373//4588 374//4588 375//4588
f 370//4589 373//4589 375//4589
f 370//4590 371//4590 372//4590
f 370//4591 372//4591 373//4591
f 370//4592 375//4592 376//4592
f 370//4593 376//4593 287//4593
f 325//4594 318//4594 319//4594
f 325//4595 319//4595 320//4595
f 325//4596 320//4596 321//4596
f 325//4597 321//4597 322//4597
f 325//4598 322//4598 323//4598
f 325//4599 323//4599 324//4599
f 325//4600 316//4600 318//4600
f 328//4601 325//4601 326//4601
f 328//4602 326//4602 327//4602
f 328//4603 287//4603 316//4603
f 328//4604 316//4604 325//4604
f 366//4605 367//4605 368//4605
f 366//4606 368//4606 369//4606
f 365//4607 369//4607 370//4607
f 365//4608 366//4608 369//4608
f 330//4609 328//4609 329//4609
f 331//4610 328//4610 330//4610
f 362//4611 363//4611 364//4611
f 362//4612 364//4612 365//4612
f 335//4613 333//4613 334//4613
f 359//4614 360//4614 361//4614
f 359//4615 361//4615 362//4615
f 336//4616 328//4616 331//4616
f 336//4617 333//4617 335//4617
f 336//4618 331//4618 332//4618
f 336//4619 332//4619 333//4619
f 358//4620 365//4620 370//4620
f 358//4621 362//4621 365//4621
f 358//4622 359//4622 362//4622
f 358//4623 287//4623 328//4623
f 358//4624 370//4624 287//4624
f 338//4625 336//4625 337//4625
f 341//4626 328//4626 336//4626
f 341//4627 358//4627 328//4627
f 341//4628 336//4628 338//4628
f 341//4629 338//4629 339//4629
f 341//4630 339//4630 340//4630
f 342//4631 358//4631 341//4631
f 342//4632 357//4632 358//4632
f 352//4633 353//4633 354//4633
f 352//4634 354//4634 355//4634
f 352//4635 355//4635 356//4635
f 352//4636 356//4636 357//4636
f 344//4637 342//4637 343//4637
f 350//4638 351//4638 352//4638
f 349//4639 350//4639 352//4639
f 348//4640 352//4640 357//4640
f 348//4641 357//4641 342//4641
f 348//4642 342//4642 344//4642
f 348//4643 349//4643 352//4643
f 347//4644 348//4644 344//4644
f 347//4645 344//4645 345//4645
f 347//4646 345//4646 346//4646
f 2425//4647 2426//4647 2427//4647
f 2425//4648 2427//4648 2428//4648
f 2429//4649 2428//4649 2430//4649
f 2431//4650 2432//4650 2425//4650
f 2433//4651 2429//4651 2434//4651
f 2433//4652 2428//4652 2429//4652
f 2435//4653 2431//4653 2425//4653
f 2436//4654 2437//4654 2438//4654
f 2436//4655 2438//4655 2435//4655
f 2439//4656 2425//4656 2428//4656
f 2439//4657 2433//4657 2440//4657
f 2439//4658 2440//4658 2441//4658
f 2439//4659 2441//4659 2442//4659
f 2439//4660 2428//4660 2433//4660
f 2443//4661 2435//4661 2425//4661
f 2443//4662 2436//4662 2435//4662
f 2444//4663 2439//4663 2445//4663
f 2446//4664 2444//4664 2447//4664
f 2448//4665 2449//4665 2450//4665
f 2448//4666 2450//4666 2451//4666
f 2452//4667 2444//4667 2446//4667
f 2453//4668 2451//4668 2443//4668
f 2453//4669 2448//4669 2451//4669
f 2454//4670 2452//4670 2455//4670
f 2454//4671 2425//4671 2439//4671
f 2454//4672 2439//4672 2444//4672
f 2454//4673 2444//4673 2452//4673
f 2456//4674 2457//4674 2453//4674
f 2456//4675 2443//4675 2425//4675
f 2456//4676 2425//4676 2454//4676
f 2456//4677 2453//4677 2443//4677
f 2458//4678 2456//4678 2454//4678
f 2458//4679 2454//4679 2459//4679
f 228//4680 224//4680 223//4680
f 230//4681 228//4681 223//4681
f 234//4682 232//4682 230//4682
f 238//4683 236//4683 234//4683
f 238//4684 234//4684 230//4684
f 242//4685 240//4685 238//4685
f 242//4686 238//4686 230//4686
f 244//4687 242//4687 230//4687
f 246//4688 230//4688 223//4688
f 246//4689 244//4689 230//4689
f 248//4690 246//4690 223//4690
f 250//4691 248//4691 223//4691
f 254//4692 252//4692 250//4692
f 254//4693 250//4693 223//4693
f 2460//4694 2461//4694 2462//4694
f 262//4695 256//4695 254//4695
f 262//4696 258//4696 256//4696
f 262//4697 260//4697 258//4697
f 268//4698 264//4698 262//4698
f 268//4699 266//4699 264//4699
f 268//4700 254//4700 223//4700
f 268//4701 262//4701 254//4701
f 2463//4702 2464//4702 2465//4702
f 2463//4703 2465//4703 2466//4703
f 2467//4704 2464//4704 2463//4704
f 2467//4705 2460//4705 2464//4705
f 2468//4706 2460//4706 2467//4706
f 274//4707 272//4707 270//4707
f 2469//4708 2468//4708 2470//4708
f 2469//4709 2460//4709 2468//4709
f 278//4710 276//4710 274//4710
f 2471//4711 2469//4711 2472//4711
f 2473//4712 2460//4712 2469//4712
f 2473//4713 2469//4713 2471//4713
f 284//4714 280//4714 278//4714
f 284//4715 282//4715 280//4715
f 284//4716 278//4716 274//4716
f 2474//4717 2473//4717 2475//4717
f 30//4718 284//4718 274//4718
f 30//4719 270//4719 268//4719
f 30//4720 286//4720 284//4720
f 30//4721 268//4721 223//4721
f 30//4722 274//4722 270//4722
f 2476//4723 2473//4723 2474//4723
f 2477//4724 2473//4724 2476//4724
f 2477//4725 2460//4725 2473//4725
f 2478//4726 2460//4726 2477//4726
f 2478//4727 2477//4727 2479//4727
f 2478//4728 2479//4728 2480//4728
f 2481//4729 2460//4729 2478//4729
f 2482//4730 2460//4730 2481//4730
f 2482//4731 2481//4731 2483//4731
f 2484//4732 2460//4732 2482//4732
f 2485//4733 2486//4733 2487//4733
f 376//4734 2456//4734 2458//4734
f 376//4735 223//4735 2456//4735
f 376//4736 2458//4736 2461//4736
f 376//4737 30//4737 223//4737
f 2488//4738 2486//4738 2485//4738
f 2489//4739 2486//4739 2488//4739
f 2490//4740 2486//4740 2489//4740
f 2490//4741 2484//4741 2486//4741
f 2491//4742 2484//4742 2490//4742
f 2491//4743 2490//4743 2492//4743
f 2493//4744 2491//4744 2494//4744
f 2493//4745 2460//4745 2484//4745
f 2493//4746 2484//4746 2491//4746
f 2493//4747 2461//4747 2460//4747
f 47//4748 30//4748 376//4748
f 287//4749 376//4749 2461//4749
f 157//4750 2461//4750 2493//4750
f 157//4751 287//4751 2461//4751
f 79//4752 78//4752 287//4752
f 79//4753 287//4753 157//4753
f 97//4754 95//4754 79//4754
f 99//4755 97//4755 79//4755
f 148//4756 151//4756 149//4756
f 103//4757 101//4757 99//4757
f 103//4758 79//4758 157//4758
f 103//4759 99//4759 79//4759
f 143//4760 148//4760 145//4760
f 143//4761 153//4761 151//4761
f 143//4762 155//4762 153//4762
f 143//4763 157//4763 155//4763
f 143//4764 151//4764 148//4764
f 109//4765 107//4765 105//4765
f 140//4766 143//4766 141//4766
f 137//4767 143//4767 140//4767
f 115//4768 105//4768 103//4768
f 115//4769 111//4769 109//4769
f 115//4770 113//4770 111//4770
f 115//4771 109//4771 105//4771
f 133//4772 137//4772 135//4772
f 133//4773 103//4773 157//4773
f 133//4774 157//4774 143//4774
f 133//4775 143//4775 137//4775
f 117//4776 115//4776 103//4776
f 129//4777 133//4777 131//4777
f 121//4778 119//4778 117//4778
f 127//4779 133//4779 129//4779
f 123//4780 117//4780 103//4780
f 123//4781 121//4781 117//4781
f 125//4782 123//4782 103//4782
f 125//4783 133//4783 127//4783
f 125//4784 103//4784 133//4784
f 2464//4785 2460//4785 2495//4785
f 2464//4786 2495//4786 2496//4786
f 2465//4787 2496//4787 2497//4787
f 2465//4788 2464//4788 2496//4788
f 2466//4789 2497//4789 2498//4789
f 2466//4790 2465//4790 2497//4790
f 2463//4791 2498//4791 2499//4791
f 2463//4792 2466//4792 2498//4792
f 2467//4793 2499//4793 2500//4793
f 2467//4794 2463//4794 2499//4794
f 2468//4795 2500//4795 2501//4795
f 2468//4796 2467//4796 2500//4796
f 2470//4797 2501//4797 2502//4797
f 2470//4798 2468//4798 2501//4798
f 2469//4799 2470//4799 2502//4799
f 2469//4800 2502//4800 2503//4800
f 2472//4801 2469//4801 2503//4801
f 2472//4802 2503//4802 2504//4802
f 2471//4803 2504//4803 2505//4803
f 2471//4804 2472//4804 2504//4804
f 2473//4805 2505//4805 2506//4805
f 2473//4806 2471//4806 2505//4806
f 2475//4807 2506//4807 2507//4807
f 2475//4808 2473//4808 2506//4808
f 2474//4809 2507//4809 2508//4809
f 2474//4810 2475//4810 2507//4810
f 2476//4811 2508//4811 2509//4811
f 2476//4812 2474//4812 2508//4812
f 2477//4813 2509//4813 2510//4813
f 2477//4814 2476//4814 2509//4814
f 2479//4815 2510//4815 2511//4815
f 2479//4816 2477//4816 2510//4816
f 2480//4817 2511//4817 2512//4817
f 2480//4818 2479//4818 2511//4818
f 2478//4819 2512//4819 2513//4819
f 2478//4820 2480//4820 2512//4820
f 2481//4821 2513//4821 2514//4821
f 2481//4822 2478//4822 2513//4822
f 2483//4823 2514//4823 2515//4823
f 2483//4824 2481//4824 2514//4824
f 2482//4825 2515//4825 2516//4825
f 2482//4826 2483//4826 2515//4826
f 2484//4827 2516//4827 2517//4827
f 2484//4828 2517//4828 2518//4828
f 2484//4829 2482//4829 2516//4829
f 2486//4830 2484//4830 2518//4830
f 2487//4831 2518//4831 2519//4831
f 2487//4832 2486//4832 2518//4832
f 2485//4833 2519//4833 2520//4833
f 2485//4834 2487//4834 2519//4834
f 2488//4835 2520//4835 2521//4835
f 2488//4836 2521//4836 2522//4836
f 2488//4837 2485//4837 2520//4837
f 2489//4838 2488//4838 2522//4838
f 2490//4839 2522//4839 2523//4839
f 2490//4840 2489//4840 2522//4840
f 2492//4841 2523//4841 2524//4841
f 2492//4842 2490//4842 2523//4842
f 2491//4843 2524//4843 2525//4843
f 2491//4844 2492//4844 2524//4844
f 2494//4845 2525//4845 2526//4845
f 2494//4846 2491//4846 2525//4846
f 2493//4847 2526//4847 2527//4847
f 2493//4848 2494//4848 2526//4848
f 2528//4849 2529//4849 2530//4849
f 2531//4850 2530//4850 2529//4850
f 2532//4851 2529//4851 2528//4851
f 2533//4852 2531//4852 2529//4852
f 2534//4853 2529//4853 2532//4853
f 2535//4854 2533//4854 2529//4854
f 2536//4855 2529//4855 2534//4855
f 2537//4856 2535//4856 2529//4856
f 2538//4857 2529//4857 2536//4857
f 2539//4858 2537//4858 2529//4858
f 2540//4859 2529//4859 2538//4859
f 2541//4860 2539//4860 2529//4860
f 2542//4861 2529//4861 2540//4861
f 2543//4862 2541//4862 2529//4862
f 2544//4863 2529//4863 2542//4863
f 2545//4864 2543//4864 2529//4864
f 2546//4865 2529//4865 2544//4865
f 2547//4866 2545//4866 2529//4866
f 2548//4867 2529//4867 2546//4867
f 2549//4868 2547//4868 2529//4868
f 2550//4869 2529//4869 2548//4869
f 2551//4870 2549//4870 2529//4870
f 2552//4871 2529//4871 2550//4871
f 2553//4872 2551//4872 2529//4872
f 2554//4873 2529//4873 2552//4873
f 2555//4874 2553//4874 2529//4874
f 2556//4875 2529//4875 2554//4875
f 2556//4876 2454//4876 2529//4876
f 2557//4877 2555//4877 2529//4877
f 2558//4878 2454//4878 2556//4878
f 2559//4879 2557//4879 2529//4879
f 2560//4880 2454//4880 2558//4880
f 2561//4881 2454//4881 2560//4881
f 2562//4882 2454//4882 2561//4882
f 2563//4883 2454//4883 2562//4883
f 2564//4884 2454//4884 2563//4884
f 2565//4885 2454//4885 2564//4885
f 2566//4886 2454//4886 2565//4886
f 2567//4887 2454//4887 2566//4887
f 2568//4888 2454//4888 2567//4888
f 2569//4889 2454//4889 2568//4889
f 2570//4890 2454//4890 2569//4890
f 2571//4891 2454//4891 2570//4891
f 2572//4892 2454//4892 2571//4892
f 2459//4893 2454//4893 2572//4893
f 2495//4894 2573//4894 2574//4894
f 2495//4895 2574//4895 2575//4895
f 2495//4896 2575//4896 2576//4896
f 2495//4897 2576//4897 2577//4897
f 2495//4898 2577//4898 2578//4898
f 2495//4899 2578//4899 2579//4899
f 2495//4900 2579//4900 2580//4900
f 2495//4901 2580//4901 2581//4901
f 2495//4902 2581//4902 2582//4902
f 2495//4903 2582//4903 2583//4903
f 2495//4904 2583//4904 2584//4904
f 2495//4905 2584//4905 2585//4905
f 2495//4906 2585//4906 2586//4906
f 2495//4907 2586//4907 2587//4907
f 2495//4908 2587//4908 2588//4908
f 2495//4909 2588//4909 2589//4909
f 2495//4910 2589//4910 2590//4910
f 2495//4911 2590//4911 2591//4911
f 2495//4912 2591//4912 2592//4912
f 2495//4913 2592//4913 2593//4913
f 2495//4914 2593//4914 2594//4914
f 2495//4915 2594//4915 2595//4915
f 2495//4916 2595//4916 2596//4916
f 2495//4917 2596//4917 2597//4917
f 2495//4918 2597//4918 2598//4918
f 2495//4919 2598//4919 2599//4919
f 2495//4920 2599//4920 2600//4920
f 2495//4921 2600//4921 2601//4921
f 2495//4922 2601//4922 2559//4922
f 2460//4923 2462//4923 2602//4923
f 2460//4924 2602//4924 2603//4924
f 2460//4925 2603//4925 2604//4925
f 2460//4926 2604//4926 2605//4926
f 2460//4927 2605//4927 2606//4927
f 2460//4928 2606//4928 2607//4928
f 2460//4929 2607//4929 2608//4929
f 2460//4930 2608//4930 2609//4930
f 2460//4931 2609//4931 2610//4931
f 2460//4932 2610//4932 2611//4932
f 2460//4933 2611//4933 2612//4933
f 2460//4934 2612//4934 2613//4934
f 2460//4935 2613//4935 2614//4935
f 2460//4936 2614//4936 2615//4936
f 2460//4937 2615//4937 2616//4937
f 2460//4938 2616//4938 2573//4938
f 2460//4939 2573//4939 2495//4939
f 2529//4940 2495//4940 2559//4940
f 2457//4941 2456//4941 2617//4941
f 2457//4942 2617//4942 2618//4942
f 2457//4943 2618//4943 2619//4943
f 2453//4944 2619//4944 2620//4944
f 2453//4945 2457//4945 2619//4945
f 2448//4946 2620//4946 2621//4946
f 2448//4947 2453//4947 2620//4947
f 2449//4948 2621//4948 2622//4948
f 2449//4949 2448//4949 2621//4949
f 2450//4950 2622//4950 2623//4950
f 2450//4951 2449//4951 2622//4951
f 2451//4952 2623//4952 2624//4952
f 2451//4953 2450//4953 2623//4953
f 2443//4954 2624//4954 2625//4954
f 2443//4955 2451//4955 2624//4955
f 2436//4956 2443//4956 2625//4956
f 2436//4957 2625//4957 2626//4957
f 2437//4958 2436//4958 2626//4958
f 2437//4959 2626//4959 2627//4959
f 2438//4960 2437//4960 2627//4960
f 2438//4961 2627//4961 2628//4961
f 2435//4962 2628//4962 2629//4962
f 2435//4963 2438//4963 2628//4963
f 2431//4964 2629//4964 2630//4964
f 2431//4965 2435//4965 2629//4965
f 2432//4966 2630//4966 2631//4966
f 2432//4967 2431//4967 2630//4967
f 2425//4968 2631//4968 2632//4968
f 2425//4969 2432//4969 2631//4969
f 2426//4970 2632//4970 2633//4970
f 2426//4971 2425//4971 2632//4971
f 2427//4972 2633//4972 2634//4972
f 2427//4973 2426//4973 2633//4973
f 2428//4974 2634//4974 2635//4974
f 2428//4975 2427//4975 2634//4975
f 2430//4976 2635//4976 2636//4976
f 2430//4977 2428//4977 2635//4977
f 2429//4978 2636//4978 2637//4978
f 2429//4979 2430//4979 2636//4979
f 2434//4980 2637//4980 2638//4980
f 2434//4981 2429//4981 2637//4981
f 2433//4982 2638//4982 2639//4982
f 2433//4983 2434//4983 2638//4983
f 2440//4984 2639//4984 2640//4984
f 2440//4985 2433//4985 2639//4985
f 2441//4986 2640//4986 2641//4986
f 2441//4987 2440//4987 2640//4987
f 2442//4988 2641//4988 2642//4988
f 2442//4989 2441//4989 2641//4989
f 2439//4990 2642//4990 2643//4990
f 2439//4991 2442//4991 2642//4991
f 2445//4992 2643//4992 2644//4992
f 2445//4993 2439//4993 2643//4993
f 2444//4994 2644//4994 2645//4994
f 2444//4995 2445//4995 2644//4995
f 2447//4996 2645//4996 2646//4996
f 2447//4997 2444//4997 2645//4997
f 2446//4998 2646//4998 2647//4998
f 2446//4999 2447//4999 2646//4999
f 2452//5000 2647//5000 2648//5000
f 2452//5001 2446//5001 2647//5001
f 2455//5002 2648//5002 2529//5002
f 2455//5003 2452//5003 2648//5003
f 2454//5004 2455//5004 2529//5004
f 2602//5005 2462//5005 2461//5005
f 2602//5006 2461//5006 2649//5006
f 2603//5007 2649//5007 2650//5007
f 2603//5008 2602//5008 2649//5008
f 2604//5009 2650//5009 2651//5009
f 2604//5010 2603//5010 2650//5010
f 2605//5011 2651//5011 2652//5011
f 2605//5012 2604//5012 2651//5012
f 2606//5013 2652//5013 2653//5013
f 2606//5014 2605//5014 2652//5014
f 2607//5015 2606//5015 2653//5015
f 2607//5016 2653//5016 2654//5016
f 2608//5017 2654//5017 2655//5017
f 2608//5018 2607//5018 2654//5018
f 2609//5019 2608//5019 2655//5019
f 2609//5020 2655//5020 2656//5020
f 2610//5021 2656//5021 2657//5021
f 2610//5022 2609//5022 2656//5022
f 2611//5023 2657//5023 2658//5023
f 2611//5024 2610//5024 2657//5024
f 2612//5025 2658//5025 2659//5025
f 2612//5026 2611//5026 2658//5026
f 2613//5027 2659//5027 2660//5027
f 2613//5028 2612//5028 2659//5028
f 2614//5029 2660//5029 2661//5029
f 2614//5030 2613//5030 2660//5030
f 2615//5031 2661//5031 2662//5031
f 2615//5032 2614//5032 2661//5032
f 2616//5033 2662//5033 2663//5033
f 2616//5034 2615//5034 2662//5034
f 2573//5035 2663//5035 2664//5035
f 2573//5036 2616//5036 2663//5036
f 2574//5037 2664//5037 2665//5037
f 2574//5038 2573//5038 2664//5038
f 2575//5039 2665//5039 2666//5039
f 2575//5040 2574//5040 2665//5040
f 2576//5041 2666//5041 2667//5041
f 2576//5042 2575//5042 2666//5042
f 2577//5043 2667//5043 2668//5043
f 2577//5044 2576//5044 2667//5044
f 2578//5045 2668//5045 2669//5045
f 2578//5046 2577//5046 2668//5046
f 2579//5047 2669//5047 2670//5047
f 2579//5048 2578//5048 2669//5048
f 2580//5049 2670//5049 2671//5049
f 2580//5050 2579//5050 2670//5050
f 2581//5051 2671//5051 2672//5051
f 2581//5052 2580//5052 2671//5052
f 2582//5053 2672//5053 2673//5053
f 2582//5054 2581//5054 2672//5054
f 2583//5055 2673//5055 2674//5055
f 2583//5056 2582//5056 2673//5056
f 2584//5057 2674//5057 2675//5057
f 2584//5058 2583//5058 2674//5058
f 2585//5059 2675//5059 2676//5059
f 2585//5060 2584//5060 2675//5060
f 2586//5061 2676//5061 2677//5061
f 2586//5062 2585//5062 2676//5062
f 2587//5063 2586//5063 2677//5063
f 2587//5064 2677//5064 2678//5064
f 2588//5065 2587//5065 2678//5065
f 2588//5066 2678//5066 2679//5066
f 2589//5067 2588//5067 2679//5067
f 2589//5068 2679//5068 2680//5068
f 2590//5069 2589//5069 2680//5069
f 2590//5070 2680//5070 2681//5070
f 2591//5071 2590//5071 2681//5071
f 2591//5072 2681//5072 2682//5072
f 2592//5073 2591//5073 2682//5073
f 2592//5074 2682//5074 2683//5074
f 2593//5075 2592//5075 2683//5075
f 2593//5076 2683//5076 2684//5076
f 2594//5077 2593//5077 2684//5077
f 2594//5078 2684//5078 2685//5078
f 2595//5079 2594//5079 2685//5079
f 2595//5080 2685//5080 2686//5080
f 2596//5081 2595//5081 2686//5081
f 2596//5082 2686//5082 2687//5082
f 2597//5083 2596//5083 2687//5083
f 2597//5084 2687//5084 2688//5084
f 2598//5085 2688//5085 2689//5085
f 2598//5086 2597//5086 2688//5086
f 2599//5087 2689//5087 2690//5087
f 2599//5088 2598//5088 2689//5088
f 2600//5089 2690//5089 2691//5089
f 2600//5090 2599//5090 2690//5090
f 2601//5091 2691//5091 2692//5091
f 2601//5092 2600//5092 2691//5092
f 2559//5093 2692//5093 2693//5093
f 2559//5094 2601//5094 2692//5094
f 2557//5095 2693//5095 2694//5095
f 2557//5096 2559//5096 2693//5096
f 2555//5097 2694//5097 2695//5097
f 2555//5098 2557//5098 2694//5098
f 2553//5099 2695//5099 2696//5099
f 2553//5100 2555//5100 2695//5100
f 2551//5101 2696//5101 2697//5101
f 2551//5102 2553//5102 2696//5102
f 2549//5103 2697//5103 2698//5103
f 2549//5104 2551//5104 2697//5104
f 2547//5105 2698//5105 2699//5105
f 2547//5106 2549//5106 2698//5106
f 2545//5107 2699//5107 2700//5107
f 2545//5108 2547//5108 2699//5108
f 2543//5109 2700//5109 2701//5109
f 2543//5110 2545//5110 2700//5110
f 2541//5111 2701//5111 2702//5111
f 2541//5112 2543//5112 2701//5112
f 2539//5113 2702//5113 2703//5113
f 2539//5114 2541//5114 2702//5114
f 2537//5115 2539//5115 2703//5115
f 2537//5116 2703//5116 2704//5116
f 2535//5117 2537//5117 2704//5117
f 2535//5118 2704//5118 2705//5118
f 2533//5119 2535//5119 2705//5119
f 2533//5120 2705//5120 2706//5120
f 2531//5121 2533//5121 2706//5121
f 2531//5122 2706//5122 2707//5122
f 2530//5123 2531//5123 2707//5123
f 2530//5124 2707//5124 2708//5124
f 2528//5125 2530//5125 2708//5125
f 2528//5126 2708//5126 2709//5126
f 2532//5127 2528//5127 2709//5127
f 2532//5128 2709//5128 2710//5128
f 2534//5129 2532//5129 2710//5129
f 2534//5130 2710//5130 2711//5130
f 2536//5131 2534//5131 2711//5131
f 2536//5132 2711//5132 2712//5132
f 2538//5133 2536//5133 2712//5133
f 2538//5134 2712//5134 2713//5134
f 2540//5135 2538//5135 2713//5135
f 2540//5136 2713//5136 2714//5136
f 2542//5137 2540//5137 2714//5137
f 2542//5138 2714//5138 2715//5138
f 2544//5139 2542//5139 2715//5139
f 2544//5140 2715//5140 2716//5140
f 2546//5141 2544//5141 2716//5141
f 2546//5142 2716//5142 2717//5142
f 2548//5143 2546//5143 2717//5143
f 2548//5144 2717//5144 2718//5144
f 2550//5145 2548//5145 2718//5145
f 2550//5146 2718//5146 2719//5146
f 2552//5147 2550//5147 2719//5147
f 2552//5148 2719//5148 2720//5148
f 2554//5149 2720//5149 2721//5149
f 2554//5150 2552//5150 2720//5150
f 2556//5151 2554//5151 2721//5151
f 2556//5152 2721//5152 2722//5152
f 2558//5153 2722//5153 2723//5153
f 2558//5154 2556//5154 2722//5154
f 2560//5155 2723//5155 2724//5155
f 2560//5156 2558//5156 2723//5156
f 2561//5157 2724//5157 2725//5157
f 2561//5158 2560//5158 2724//5158
f 2562//5159 2725//5159 2726//5159
f 2562//5160 2561//5160 2725//5160
f 2563//5161 2726//5161 2727//5161
f 2563//5162 2562//5162 2726//5162
f 2564//5163 2727//5163 2728//5163
f 2564//5164 2563//5164 2727//5164
f 2565//5165 2564//5165 2728//5165
f 2565//5166 2728//5166 2729//5166
f 2566//5167 2565//5167 2729//5167
f 2566//5168 2729//5168 2730//5168
f 2567//5169 2566//5169 2730//5169
f 2567//5170 2730//5170 2731//5170
f 2568//5171 2567//5171 2731//5171
f 2568//5172 2731//5172 2732//5172
f 2569//5173 2568//5173 2732//5173
f 2569//5174 2732//5174 2733//5174
f 2570//5175 2569//5175 2733//5175
f 2570//5176 2733//5176 2734//5176
f 2571//5177 2570//5177 2734//5177
f 2571//5178 2734//5178 2735//5178
f 2572//5179 2571//5179 2735//5179
f 2572//5180 2735//5180 2736//5180
f 2459//5181 2572//5181 2736//5181
f 2459//5182 2736//5182 2458//5182
f 2461//5183 2650//5183 2649//5183
f 2650//5184 2652//5184 2651//5184
f 2461//5185 2652//5185 2650//5185
f 2461//5186 2655//5186 2652//5186
f 2652//5187 2655//5187 2653//5187
f 2653//5188 2655//5188 2654//5188
f 2655//5189 2657//5189 2656//5189
f 2657//5190 2660//5190 2658//5190
f 2655//5191 2660//5191 2657//5191
f 2658//5192 2660//5192 2659//5192
f 2660//5193 2663//5193 2661//5193
f 2661//5194 2663//5194 2662//5194
f 2461//5195 2664//5195 2655//5195
f 2655//5196 2664//5196 2660//5196
f 2660//5197 2664//5197 2663//5197
f 2664//5198 2666//5198 2665//5198
f 2664//5199 2667//5199 2666//5199
f 2668//5200 2671//5200 2669//5200
f 2669//5201 2671//5201 2670//5201
f 2667//5202 2672//5202 2668//5202
f 2668//5203 2672//5203 2671//5203
f 2461//5204 2674//5204 2664//5204
f 2672//5205 2674//5205 2673//5205
f 2664//5206 2674//5206 2667//5206
f 2667//5207 2674//5207 2672//5207
f 2461//5208 2675//5208 2674//5208
f 2675//5209 2677//5209 2676//5209
f 2675//5210 2678//5210 2677//5210
f 2675//5211 2679//5211 2678//5211
f 2679//5212 2681//5212 2680//5212
f 2461//5213 2682//5213 2675//5213
f 2675//5214 2682//5214 2679//5214
f 2679//5215 2682//5215 2681//5215
f 2735//5216 2734//5216 2736//5216
f 2736//5217 2734//5217 2458//5217
f 2734//5218 2732//5218 2458//5218
f 2733//5219 2732//5219 2734//5219
f 2682//5220 2685//5220 2683//5220
f 2683//5221 2685//5221 2684//5221
f 2732//5222 2731//5222 2458//5222
f 2685//5223 2687//5223 2686//5223
f 2682//5224 2687//5224 2685//5224
f 2730//5225 2729//5225 2731//5225
f 2727//5226 2726//5226 2728//5226
f 2728//5227 2726//5227 2729//5227
f 2687//5228 2691//5228 2688//5228
f 2688//5229 2691//5229 2689//5229
f 2689//5230 2691//5230 2690//5230
f 2682//5231 2691//5231 2687//5231
f 2461//5232 2691//5232 2682//5232
f 2729//5233 2725//5233 2731//5233
f 2726//5234 2725//5234 2729//5234
f 2725//5235 2724//5235 2731//5235
f 2461//5236 2693//5236 2691//5236
f 2691//5237 2693//5237 2692//5237
f 2723//5238 2722//5238 2724//5238
f 2722//5239 2720//5239 2724//5239
f 2721//5240 2720//5240 2722//5240
f 2461//5241 2697//5241 2693//5241
f 2693//5242 2697//5242 2694//5242
f 2694//5243 2697//5243 2695//5243
f 2695//5244 2697//5244 2696//5244
f 2720//5245 2719//5245 2724//5245
f 2461//5246 2698//5246 2697//5246
f 2458//5247 2698//5247 2461//5247
f 2719//5248 2717//5248 2724//5248
f 2718//5249 2717//5249 2719//5249
f 2724//5250 2717//5250 2731//5250
f 2458//5251 2700//5251 2698//5251
f 2698//5252 2700//5252 2699//5252
f 2700//5253 2702//5253 2701//5253
f 2713//5254 2712//5254 2714//5254
f 2714//5255 2712//5255 2715//5255
f 2715//5256 2712//5256 2716//5256
f 2716//5257 2712//5257 2717//5257
f 2702//5258 2705//5258 2703//5258
f 2703//5259 2705//5259 2704//5259
f 2712//5260 2711//5260 2717//5260
f 2700//5261 2706//5261 2702//5261
f 2702//5262 2706//5262 2705//5262
f 2458//5263 2707//5263 2700//5263
f 2700//5264 2707//5264 2706//5264
f 2717//5265 2709//5265 2731//5265
f 2711//5266 2709//5266 2717//5266
f 2710//5267 2709//5267 2711//5267
f 2458//5268 2709//5268 2707//5268
f 2731//5269 2709//5269 2458//5269
f 2709//5270 2708//5270 2707//5270
f 2527//5271 2526//5271 2737//5271
f 2738//5272 2739//5272 2740//5272
f 2738//5273 2740//5273 2741//5273
f 2742//5274 2743//5274 2739//5274
f 2742//5275 2739//5275 2738//5275
f 2744//5276 2745//5276 2743//5276
f 2744//5277 2743//5277 2742//5277
f 2746//5278 2747//5278 2745//5278
f 2746//5279 2745//5279 2744//5279
f 2748//5280 2741//5280 2749//5280
f 2748//5281 2749//5281 2750//5281
f 2748//5282 2738//5282 2741//5282
f 2751//5283 2752//5283 2747//5283
f 2751//5284 2747//5284 2746//5284
f 2753//5285 2738//5285 2748//5285
f 2753//5286 2742//5286 2738//5286
f 2754//5287 2755//5287 2752//5287
f 2754//5288 2752//5288 2751//5288
f 2756//5289 2742//5289 2753//5289
f 2756//5290 2744//5290 2742//5290
f 2757//5291 2758//5291 2755//5291
f 2757//5292 2755//5292 2754//5292
f 2759//5293 2751//5293 2746//5293
f 2759//5294 2746//5294 2744//5294
f 2759//5295 2744//5295 2756//5295
f 2760//5296 2761//5296 2758//5296
f 2760//5297 2758//5297 2757//5297
f 2762//5298 2750//5298 2763//5298
f 2762//5299 2748//5299 2750//5299
f 2764//5300 2751//5300 2759//5300
f 2764//5301 2754//5301 2751//5301
f 2765//5302 2766//5302 2761//5302
f 2765//5303 2761//5303 2760//5303
f 2767//5304 2748//5304 2762//5304
f 2767//5305 2753//5305 2748//5305
f 2767//5306 2756//5306 2753//5306
f 2768//5307 2754//5307 2764//5307
f 2769//5308 2770//5308 2766//5308
f 2769//5309 2766//5309 2765//5309
f 2771//5310 2756//5310 2767//5310
f 2772//5311 2757//5311 2754//5311
f 2772//5312 2754//5312 2768//5312
f 2772//5313 2760//5313 2757//5313
f 2773//5314 2770//5314 2769//5314
f 2773//5315 2774//5315 2770//5315
f 2775//5316 2759//5316 2756//5316
f 2775//5317 2756//5317 2771//5317
f 2776//5318 2760//5318 2772//5318
f 2777//5319 2778//5319 2774//5319
f 2777//5320 2774//5320 2773//5320
f 2779//5321 2763//5321 2780//5321
f 2779//5322 2762//5322 2763//5322
f 2781//5323 2759//5323 2775//5323
f 2781//5324 2764//5324 2759//5324
f 2782//5325 2765//5325 2760//5325
f 2782//5326 2760//5326 2776//5326
f 2783//5327 2784//5327 2778//5327
f 2783//5328 2778//5328 2777//5328
f 2785//5329 2767//5329 2762//5329
f 2785//5330 2762//5330 2779//5330
f 2786//5331 2768//5331 2764//5331
f 2786//5332 2764//5332 2781//5332
f 2787//5333 2765//5333 2782//5333
f 2787//5334 2769//5334 2765//5334
f 2788//5335 2789//5335 2784//5335
f 2788//5336 2784//5336 2783//5336
f 2790//5337 2767//5337 2785//5337
f 2790//5338 2771//5338 2767//5338
f 2791//5339 2768//5339 2786//5339
f 2791//5340 2772//5340 2768//5340
f 2792//5341 2769//5341 2787//5341
f 2792//5342 2773//5342 2769//5342
f 2793//5343 2794//5343 2789//5343
f 2793//5344 2789//5344 2788//5344
f 2795//5345 2775//5345 2771//5345
f 2795//5346 2771//5346 2790//5346
f 2796//5347 2776//5347 2772//5347
f 2796//5348 2772//5348 2791//5348
f 2797//5349 2777//5349 2773//5349
f 2797//5350 2773//5350 2792//5350
f 2798//5351 2779//5351 2780//5351
f 2799//5352 2800//5352 2794//5352
f 2799//5353 2794//5353 2793//5353
f 2801//5354 2775//5354 2795//5354
f 2801//5355 2781//5355 2775//5355
f 2802//5356 2782//5356 2776//5356
f 2802//5357 2776//5357 2796//5357
f 2803//5358 2777//5358 2797//5358
f 2803//5359 2783//5359 2777//5359
f 2804//5360 2779//5360 2798//5360
f 2804//5361 2790//5361 2785//5361
f 2804//5362 2785//5362 2779//5362
f 2805//5363 2806//5363 2800//5363
f 2805//5364 2800//5364 2799//5364
f 2807//5365 2781//5365 2801//5365
f 2807//5366 2786//5366 2781//5366
f 2808//5367 2792//5367 2787//5367
f 2808//5368 2787//5368 2782//5368
f 2808//5369 2782//5369 2802//5369
f 2809//5370 2788//5370 2783//5370
f 2809//5371 2783//5371 2803//5371
f 2810//5372 2790//5372 2804//5372
f 2811//5373 2812//5373 2806//5373
f 2811//5374 2806//5374 2805//5374
f 2813//5375 2786//5375 2807//5375
f 2813//5376 2791//5376 2786//5376
f 2814//5377 2792//5377 2808//5377
f 2814//5378 2797//5378 2792//5378
f 2815//5379 2793//5379 2788//5379
f 2815//5380 2788//5380 2809//5380
f 2816//5381 2795//5381 2790//5381
f 2816//5382 2790//5382 2810//5382
f 2817//5383 2818//5383 2812//5383
f 2817//5384 2812//5384 2811//5384
f 2819//5385 2791//5385 2813//5385
f 2819//5386 2796//5386 2791//5386
f 2820//5387 2797//5387 2814//5387
f 2821//5388 2798//5388 2780//5388
f 2821//5389 2780//5389 2822//5389
f 2821//5390 2804//5390 2798//5390
f 2823//5391 2793//5391 2815//5391
f 2823//5392 2799//5392 2793//5392
f 2823//5393 2805//5393 2799//5393
f 2824//5394 2801//5394 2795//5394
f 2824//5395 2795//5395 2816//5395
f 2825//5396 2826//5396 2818//5396
f 2825//5397 2818//5397 2817//5397
f 2827//5398 2796//5398 2819//5398
f 2827//5399 2802//5399 2796//5399
f 2828//5400 2803//5400 2797//5400
f 2828//5401 2809//5401 2803//5401
f 2828//5402 2797//5402 2820//5402
f 2829//5403 2804//5403 2821//5403
f 2830//5404 2805//5404 2823//5404
f 2831//5405 2807//5405 2801//5405
f 2831//5406 2801//5406 2824//5406
f 2831//5407 2813//5407 2807//5407
f 2832//5408 2826//5408 2825//5408
f 2832//5409 2833//5409 2826//5409
f 2834//5410 2802//5410 2827//5410
f 2834//5411 2808//5411 2802//5411
f 2835//5412 2809//5412 2828//5412
f 2835//5413 2815//5413 2809//5413
f 2836//5414 2804//5414 2829//5414
f 2836//5415 2816//5415 2810//5415
f 2836//5416 2810//5416 2804//5416
f 2837//5417 2811//5417 2805//5417
f 2837//5418 2805//5418 2830//5418
f 2838//5419 2813//5419 2831//5419
f 2839//5420 2840//5420 2833//5420
f 2839//5421 2833//5421 2832//5421
f 2841//5422 2808//5422 2834//5422
f 2841//5423 2814//5423 2808//5423
f 2842//5424 2815//5424 2835//5424
f 2843//5425 2816//5425 2836//5425
f 2844//5426 2817//5426 2811//5426
f 2844//5427 2825//5427 2817//5427
f 2844//5428 2811//5428 2837//5428
f 2845//5429 2813//5429 2838//5429
f 2845//5430 2819//5430 2813//5430
f 2846//5431 2847//5431 2840//5431
f 2846//5432 2840//5432 2839//5432
f 2848//5433 2814//5433 2841//5433
f 2848//5434 2828//5434 2820//5434
f 2848//5435 2820//5435 2814//5435
f 2849//5436 2821//5436 2822//5436
f 2849//5437 2822//5437 2850//5437
f 2851//5438 2815//5438 2842//5438
f 2851//5439 2823//5439 2815//5439
f 2852//5440 2816//5440 2843//5440
f 2852//5441 2824//5441 2816//5441
f 2853//5442 2825//5442 2844//5442
f 2854//5443 2827//5443 2819//5443
f 2854//5444 2819//5444 2845//5444
f 2855//5445 2856//5445 2847//5445
f 2855//5446 2847//5446 2846//5446
f 2857//5447 2828//5447 2848//5447
f 2858//5448 2829//5448 2821//5448
f 2858//5449 2821//5449 2849//5449
f 2859//5450 2830//5450 2823//5450
f 2859//5451 2837//5451 2830//5451
f 2859//5452 2823//5452 2851//5452
f 2860//5453 2838//5453 2831//5453
f 2860//5454 2831//5454 2824//5454
f 2860//5455 2824//5455 2852//5455
f 2861//5456 2832//5456 2825//5456
f 2861//5457 2825//5457 2853//5457
f 2862//5458 2827//5458 2854//5458
f 2862//5459 2834//5459 2827//5459
f 2863//5460 2864//5460 2856//5460
f 2863//5461 2856//5461 2855//5461
f 2865//5462 2828//5462 2857//5462
f 2865//5463 2835//5463 2828//5463
f 2866//5464 2829//5464 2858//5464
f 2866//5465 2836//5465 2829//5465
f 2867//5466 2844//5466 2837//5466
f 2867//5467 2837//5467 2859//5467
f 2868//5468 2845//5468 2838//5468
f 2868//5469 2838//5469 2860//5469
f 2869//5470 2839//5470 2832//5470
f 2869//5471 2832//5471 2861//5471
f 2870//5472 2841//5472 2834//5472
f 2870//5473 2834//5473 2862//5473
f 2871//5474 2864//5474 2863//5474
f 2871//5475 2872//5475 2864//5475
f 2873//5476 2835//5476 2865//5476
f 2873//5477 2842//5477 2835//5477
f 2874//5478 2836//5478 2866//5478
f 2874//5479 2843//5479 2836//5479
f 2875//5480 2844//5480 2867//5480
f 2876//5481 2854//5481 2845//5481
f 2876//5482 2845//5482 2868//5482
f 2877//5483 2839//5483 2869//5483
f 2877//5484 2846//5484 2839//5484
f 2878//5485 2848//5485 2841//5485
f 2878//5486 2841//5486 2870//5486
f 2879//5487 2880//5487 2872//5487
f 2879//5488 2872//5488 2871//5488
f 2881//5489 2858//5489 2849//5489
f 2881//5490 2850//5490 2882//5490
f 2881//5491 2849//5491 2850//5491
f 2883//5492 2842//5492 2873//5492
f 2883//5493 2851//5493 2842//5493
f 2884//5494 2860//5494 2852//5494
f 2884//5495 2843//5495 2874//5495
f 2884//5496 2852//5496 2843//5496
f 2885//5497 2861//5497 2853//5497
f 2885//5498 2853//5498 2844//5498
f 2885//5499 2844//5499 2875//5499
f 2886//5500 2854//5500 2876//5500
f 2887//5501 2846//5501 2877//5501
f 2887//5502 2855//5502 2846//5502
f 2888//5503 2848//5503 2878//5503
f 2888//5504 2857//5504 2848//5504
f 2889//5505 2890//5505 2880//5505
f 2889//5506 2880//5506 2879//5506
f 2891//5507 2858//5507 2881//5507
f 2892//5508 2859//5508 2851//5508
f 2892//5509 2851//5509 2883//5509
f 2893//5510 2868//5510 2860//5510
f 2893//5511 2860//5511 2884//5511
f 2894//5512 2869//5512 2861//5512
f 2894//5513 2861//5513 2885//5513
f 2895//5514 2854//5514 2886//5514
f 2895//5515 2862//5515 2854//5515
f 2895//5516 2870//5516 2862//5516
f 2896//5517 2863//5517 2855//5517
f 2896//5518 2855//5518 2887//5518
f 2897//5519 2865//5519 2857//5519
f 2897//5520 2857//5520 2888//5520
f 2898//5521 2899//5521 2890//5521
f 2898//5522 2890//5522 2889//5522
f 2900//5523 2858//5523 2891//5523
f 2900//5524 2866//5524 2858//5524
f 2901//5525 2867//5525 2859//5525
f 2901//5526 2859//5526 2892//5526
f 2902//5527 2868//5527 2893//5527
f 2903//5528 2877//5528 2869//5528
f 2903//5529 2869//5529 2894//5529
f 2904//5530 2870//5530 2895//5530
f 2904//5531 2878//5531 2870//5531
f 2905//5532 2871//5532 2863//5532
f 2905//5533 2863//5533 2896//5533
f 2905//5534 2879//5534 2871//5534
f 2906//5535 2865//5535 2897//5535
f 2906//5536 2873//5536 2865//5536
f 2907//5537 2908//5537 2899//5537
f 2907//5538 2899//5538 2898//5538
f 2909//5539 2866//5539 2900//5539
f 2909//5540 2874//5540 2866//5540
f 2910//5541 2867//5541 2901//5541
f 2910//5542 2875//5542 2867//5542
f 2911//5543 2868//5543 2902//5543
f 2911//5544 2876//5544 2868//5544
f 2912//5545 2877//5545 2903//5545
f 2913//5546 2878//5546 2904//5546
f 2914//5547 2879//5547 2905//5547
f 2915//5548 2882//5548 2916//5548
f 2915//5549 2881//5549 2882//5549
f 2917//5550 2873//5550 2906//5550
f 2917//5551 2883//5551 2873//5551
f 2918//5552 2908//5552 2907//5552
f 2918//5553 2919//5553 2908//5553
f 2918//5554 2495//5554 2919//5554
f 2918//5555 2496//5555 2495//5555
f 2920//5556 2874//5556 2909//5556
f 2920//5557 2884//5557 2874//5557
f 2921//5558 2894//5558 2885//5558
f 2921//5559 2875//5559 2910//5559
f 2921//5560 2885//5560 2875//5560
f 2922//5561 2876//5561 2911//5561
f 2922//5562 2886//5562 2876//5562
f 2923//5563 2877//5563 2912//5563
f 2923//5564 2887//5564 2877//5564
f 2924//5565 2897//5565 2888//5565
f 2924//5566 2878//5566 2913//5566
f 2924//5567 2888//5567 2878//5567
f 2925//5568 2889//5568 2879//5568
f 2925//5569 2879//5569 2914//5569
f 2926//5570 2881//5570 2915//5570
f 2926//5571 2891//5571 2881//5571
f 2927//5572 2892//5572 2883//5572
f 2927//5573 2883//5573 2917//5573
f 2928//5574 2893//5574 2884//5574
f 2928//5575 2884//5575 2920//5575
f 2929//5576 2894//5576 2921//5576
f 2930//5577 2886//5577 2922//5577
f 2930//5578 2895//5578 2886//5578
f 2931//5579 2887//5579 2923//5579
f 2931//5580 2896//5580 2887//5580
f 2932//5581 2906//5581 2897//5581
f 2932//5582 2897//5582 2924//5582
f 2933//5583 2898//5583 2889//5583
f 2933//5584 2889//5584 2925//5584
f 2934//5585 2900//5585 2891//5585
f 2934//5586 2891//5586 2926//5586
f 2934//5587 2909//5587 2900//5587
f 2935//5588 2901//5588 2892//5588
f 2935//5589 2892//5589 2927//5589
f 2936//5590 2902//5590 2893//5590
f 2936//5591 2893//5591 2928//5591
f 2937//5592 2903//5592 2894//5592
f 2937//5593 2912//5593 2903//5593
f 2937//5594 2894//5594 2929//5594
f 2938//5595 2895//5595 2930//5595
f 2938//5596 2913//5596 2904//5596
f 2938//5597 2904//5597 2895//5597
f 2939//5598 2905//5598 2896//5598
f 2939//5599 2896//5599 2931//5599
f 2939//5600 2914//5600 2905//5600
f 2940//5601 2906//5601 2932//5601
f 2940//5602 2917//5602 2906//5602
f 2941//5603 2898//5603 2933//5603
f 2941//5604 2907//5604 2898//5604
f 2942//5605 2909//5605 2934//5605
f 2943//5606 2921//5606 2910//5606
f 2943//5607 2901//5607 2935//5607
f 2943//5608 2910//5608 2901//5608
f 2944//5609 2911//5609 2902//5609
f 2944//5610 2902//5610 2936//5610
f 2945//5611 2912//5611 2937//5611
f 2945//5612 2923//5612 2912//5612
f 2946//5613 2913//5613 2938//5613
f 2946//5614 2924//5614 2913//5614
f 2947//5615 2914//5615 2939//5615
f 2948//5616 2916//5616 2949//5616
f 2948//5617 2915//5617 2916//5617
f 2950//5618 2917//5618 2940//5618
f 2950//5619 2927//5619 2917//5619
f 2951//5620 2907//5620 2941//5620
f 2951//5621 2496//5621 2918//5621
f 2951//5622 2918//5622 2907//5622
f 2951//5623 2497//5623 2496//5623
f 2952//5624 2920//5624 2909//5624
f 2952//5625 2909//5625 2942//5625
f 2953//5626 2921//5626 2943//5626
f 2954//5627 2911//5627 2944//5627
f 2954//5628 2922//5628 2911//5628
f 2955//5629 2923//5629 2945//5629
f 2956//5630 2924//5630 2946//5630
f 2957//5631 2933//5631 2925//5631
f 2957//5632 2914//5632 2947//5632
f 2957//5633 2925//5633 2914//5633
f 2958//5634 2915//5634 2948//5634
f 2958//5635 2934//5635 2926//5635
f 2958//5636 2926//5636 2915//5636
f 2959//5637 2927//5637 2950//5637
f 2960//5638 2928//5638 2920//5638
f 2960//5639 2920//5639 2952//5639
f 2961//5640 2929//5640 2921//5640
f 2961//5641 2921//5641 2953//5641
f 2962//5642 2930//5642 2922//5642
f 2962//5643 2922//5643 2954//5643
f 2962//5644 2938//5644 2930//5644
f 2963//5645 2931//5645 2923//5645
f 2963//5646 2923//5646 2955//5646
f 2964//5647 2924//5647 2956//5647
f 2964//5648 2932//5648 2924//5648
f 2965//5649 2933//5649 2957//5649
f 2966//5650 2934//5650 2958//5650
f 2967//5651 2927//5651 2959//5651
f 2967//5652 2935//5652 2927//5652
f 2968//5653 2928//5653 2960//5653
f 2968//5654 2936//5654 2928//5654
f 2969//5655 2937//5655 2929//5655
f 2969//5656 2945//5656 2937//5656
f 2969//5657 2929//5657 2961//5657
f 2970//5658 2938//5658 2962//5658
f 2971//5659 2947//5659 2939//5659
f 2971//5660 2931//5660 2963//5660
f 2971//5661 2939//5661 2931//5661
f 2972//5662 2932//5662 2964//5662
f 2972//5663 2940//5663 2932//5663
f 2973//5664 2941//5664 2933//5664
f 2973//5665 2933//5665 2965//5665
f 2974//5666 2942//5666 2934//5666
f 2974//5667 2934//5667 2966//5667
f 2975//5668 2935//5668 2967//5668
f 2975//5669 2953//5669 2943//5669
f 2975//5670 2943//5670 2935//5670
f 2976//5671 2944//5671 2936//5671
f 2976//5672 2936//5672 2968//5672
f 2977//5673 2945//5673 2969//5673
f 2978//5674 2938//5674 2970//5674
f 2978//5675 2956//5675 2946//5675
f 2978//5676 2946//5676 2938//5676
f 2979//5677 2947//5677 2971//5677
f 2980//5678 2949//5678 2981//5678
f 2980//5679 2981//5679 2982//5679
f 2980//5680 2948//5680 2949//5680
f 2983//5681 2950//5681 2940//5681
f 2983//5682 2940//5682 2972//5682
f 2984//5683 2951//5683 2941//5683
f 2984//5684 2497//5684 2951//5684
f 2984//5685 2941//5685 2973//5685
f 2984//5686 2498//5686 2497//5686
f 2984//5687 2499//5687 2498//5687
f 2985//5688 2952//5688 2942//5688
f 2985//5689 2942//5689 2974//5689
f 2986//5690 2953//5690 2975//5690
f 2986//5691 2961//5691 2953//5691
f 2987//5692 2954//5692 2944//5692
f 2987//5693 2944//5693 2976//5693
f 2988//5694 2955//5694 2945//5694
f 2988//5695 2945//5695 2977//5695
f 2989//5696 2956//5696 2978//5696
f 2990//5697 2947//5697 2979//5697
f 2990//5698 2957//5698 2947//5698
f 2991//5699 2948//5699 2980//5699
f 2991//5700 2958//5700 2948//5700
f 2992//5701 2959//5701 2950//5701
f 2992//5702 2950//5702 2983//5702
f 2993//5703 2952//5703 2985//5703
f 2993//5704 2960//5704 2952//5704
f 2994//5705 2961//5705 2986//5705
f 2995//5706 2954//5706 2987//5706
f 2995//5707 2962//5707 2954//5707
f 2996//5708 2955//5708 2988//5708
f 2996//5709 2963//5709 2955//5709
f 2997//5710 2972//5710 2964//5710
f 2997//5711 2956//5711 2989//5711
f 2997//5712 2964//5712 2956//5712
f 2998//5713 2973//5713 2965//5713
f 2998//5714 2957//5714 2990//5714
f 2998//5715 2965//5715 2957//5715
f 2999//5716 2974//5716 2966//5716
f 2999//5717 2966//5717 2958//5717
f 2999//5718 2958//5718 2991//5718
f 3000//5719 2959//5719 2992//5719
f 3000//5720 2967//5720 2959//5720
f 3001//5721 2968//5721 2960//5721
f 3001//5722 2960//5722 2993//5722
f 3002//5723 2969//5723 2961//5723
f 3002//5724 2961//5724 2994//5724
f 3003//5725 2970//5725 2962//5725
f 3003//5726 2962//5726 2995//5726
f 3004//5727 2971//5727 2963//5727
f 3004//5728 2963//5728 2996//5728
f 3005//5729 2972//5729 2997//5729
f 3005//5730 2983//5730 2972//5730
f 3006//5731 2973//5731 2998//5731
f 3007//5732 2974//5732 2999//5732
f 3008//5733 2975//5733 2967//5733
f 3008//5734 2967//5734 3000//5734
f 3009//5735 2968//5735 3001//5735
f 3009//5736 2976//5736 2968//5736
f 3010//5737 2977//5737 2969//5737
f 3010//5738 2969//5738 3002//5738
f 3011//5739 2970//5739 3003//5739
f 3011//5740 2978//5740 2970//5740
f 3012//5741 2971//5741 3004//5741
f 3012//5742 2979//5742 2971//5742
f 3013//5743 2980//5743 2982//5743
f 3014//5744 2983//5744 3005//5744
f 3015//5745 2973//5745 3006//5745
f 3015//5746 2499//5746 2984//5746
f 3015//5747 2984//5747 2973//5747
f 3016//5748 2985//5748 2974//5748
f 3016//5749 2974//5749 3007//5749
f 3017//5750 2975//5750 3008//5750
f 3017//5751 2986//5751 2975//5751
f 3018//5752 2976//5752 3009//5752
f 3018//5753 2987//5753 2976//5753
f 3019//5754 2996//5754 2988//5754
f 3019//5755 2988//5755 2977//5755
f 3019//5756 2977//5756 3010//5756
f 3020//5757 2978//5757 3011//5757
f 3020//5758 2989//5758 2978//5758
f 3021//5759 2979//5759 3012//5759
f 3021//5760 2990//5760 2979//5760
f 3022//5761 2980//5761 3013//5761
f 3022//5762 2991//5762 2980//5762
f 3022//5763 2999//5763 2991//5763
f 3023//5764 2992//5764 2983//5764
f 3023//5765 2983//5765 3014//5765
f 3024//5766 3001//5766 2993//5766
f 3024//5767 2985//5767 3016//5767
f 3024//5768 2993//5768 2985//5768
f 3025//5769 2986//5769 3017//5769
f 3025//5770 2994//5770 2986//5770
f 3026//5771 3003//5771 2995//5771
f 3026//5772 2987//5772 3018//5772
f 3026//5773 2995//5773 2987//5773
f 3027//5774 2996//5774 3019//5774
f 3028//5775 2989//5775 3020//5775
f 3028//5776 2997//5776 2989//5776
f 3029//5777 3006//5777 2998//5777
f 3029//5778 2990//5778 3021//5778
f 3029//5779 2998//5779 2990//5779
f 3030//5780 2999//5780 3022//5780
f 3031//5781 3000//5781 2992//5781
f 3031//5782 2992//5782 3023//5782
f 3032//5783 3009//5783 3001//5783
f 3032//5784 3001//5784 3024//5784
f 3033//5785 2994//5785 3025//5785
f 3033//5786 3002//5786 2994//5786
f 3034//5787 3003//5787 3026//5787
f 3034//5788 3011//5788 3003//5788
f 3035//5789 2996//5789 3027//5789
f 3035//5790 3004//5790 2996//5790
f 3036//5791 3005//5791 2997//5791
f 3036//5792 2997//5792 3028//5792
f 3036//5793 3014//5793 3005//5793
f 3037//5794 3006//5794 3029//5794
f 3038//5795 3007//5795 2999//5795
f 3038//5796 2999//5796 3030//5796
f 3039//5797 3000//5797 3031//5797
f 3039//5798 3017//5798 3008//5798
f 3039//5799 3008//5799 3000//5799
f 3040//5800 3009//5800 3032//5800
f 3041//5801 3010//5801 3002//5801
f 3041//5802 3002//5802 3033//5802
f 3042//5803 3011//5803 3034//5803
f 3043//5804 3004//5804 3035//5804
f 3043//5805 3021//5805 3012//5805
f 3043//5806 3012//5806 3004//5806
f 3044//5807 3013//5807 2982//5807
f 3044//5808 2982//5808 3045//5808
f 3046//5809 3014//5809 3036//5809
f 3047//5810 2500//5810 2499//5810
f 3047//5811 3006//5811 3037//5811
f 3047//5812 2499//5812 3015//5812
f 3047//5813 3015//5813 3006//5813
f 3048//5814 3016//5814 3007//5814
f 3048//5815 3007//5815 3038//5815
f 3049//5816 3017//5816 3039//5816
f 3049//5817 3025//5817 3017//5817
f 3050//5818 3009//5818 3040//5818
f 3050//5819 3018//5819 3009//5819
f 3051//5820 3019//5820 3010//5820
f 3051//5821 3010//5821 3041//5821
f 3052//5822 3011//5822 3042//5822
f 3052//5823 3020//5823 3011//5823
f 3053//5824 3021//5824 3043//5824
f 3054//5825 3013//5825 3044//5825
f 3054//5826 3022//5826 3013//5826
f 3055//5827 3023//5827 3014//5827
f 3055//5828 3014//5828 3046//5828
f 3056//5829 3016//5829 3048//5829
f 3056//5830 3032//5830 3024//5830
f 3056//5831 3024//5831 3016//5831
f 3057//5832 3025//5832 3049//5832
f 3058//5833 3018//5833 3050//5833
f 3058//5834 3026//5834 3018//5834
f 3059//5835 3027//5835 3019//5835
f 3059//5836 3019//5836 3051//5836
f 3060//5837 3036//5837 3028//5837
f 3060//5838 3028//5838 3020//5838
f 3060//5839 3020//5839 3052//5839
f 3061//5840 3021//5840 3053//5840
f 3061//5841 3029//5841 3021//5841
f 3062//5842 3022//5842 3054//5842
f 3062//5843 3030//5843 3022//5843
f 3063//5844 3023//5844 3055//5844
f 3063//5845 3031//5845 3023//5845
f 3064//5846 3032//5846 3056//5846
f 3065//5847 3041//5847 3033//5847
f 3065//5848 3025//5848 3057//5848
f 3065//5849 3033//5849 3025//5849
f 3066//5850 3034//5850 3026//5850
f 3066//5851 3026//5851 3058//5851
f 3067//5852 3027//5852 3059//5852
f 3067//5853 3035//5853 3027//5853
f 3068//5854 3036//5854 3060//5854
f 3069//5855 3037//5855 3029//5855
f 3069//5856 3047//5856 3037//5856
f 3069//5857 3029//5857 3061//5857
f 3070//5858 3038//5858 3030//5858
f 3070//5859 3030//5859 3062//5859
f 3071//5860 3039//5860 3031//5860
f 3071//5861 3031//5861 3063//5861
f 3072//5862 3040//5862 3032//5862
f 3072//5863 3050//5863 3040//5863
f 3072//5864 3032//5864 3064//5864
f 3073//5865 3041//5865 3065//5865
f 3073//5866 3051//5866 3041//5866
f 3074//5867 3042//5867 3034//5867
f 3074//5868 3034//5868 3066//5868
f 3075//5869 3043//5869 3035//5869
f 3075//5870 3035//5870 3067//5870
f 3076//5871 3054//5871 3044//5871
f 3076//5872 3044//5872 3045//5872
f 3076//5873 3045//5873 3077//5873
f 3078//5874 3055//5874 3046//5874
f 3078//5875 3036//5875 3068//5875
f 3078//5876 3046//5876 3036//5876
f 3079//5877 2501//5877 2500//5877
f 3079//5878 3047//5878 3069//5878
f 3079//5879 2500//5879 3047//5879
f 3080//5880 3048//5880 3038//5880
f 3080//5881 3038//5881 3070//5881
f 3081//5882 3039//5882 3071//5882
f 3081//5883 3049//5883 3039//5883
f 3082//5884 3050//5884 3072//5884
f 3083//5885 3051//5885 3073//5885
f 3083//5886 3059//5886 3051//5886
f 3084//5887 3052//5887 3042//5887
f 3084//5888 3042//5888 3074//5888
f 3085//5889 3053//5889 3043//5889
f 3085//5890 3043//5890 3075//5890
f 3086//5891 3054//5891 3076//5891
f 3086//5892 3062//5892 3054//5892
f 3087//5893 3055//5893 3078//5893
f 3088//5894 3048//5894 3080//5894
f 3088//5895 3056//5895 3048//5895
f 3089//5896 3057//5896 3049//5896
f 3089//5897 3049//5897 3081//5897
f 3090//5898 3050//5898 3082//5898
f 3090//5899 3058//5899 3050//5899
f 3090//5900 3066//5900 3058//5900
f 3091//5901 3059//5901 3083//5901
f 3092//5902 3052//5902 3084//5902
f 3092//5903 3060//5903 3052//5903
f 3093//5904 3069//5904 3061//5904
f 3093//5905 3053//5905 3085//5905
f 3093//5906 3061//5906 3053//5906
f 3094//5907 3062//5907 3086//5907
f 3095//5908 3055//5908 3087//5908
f 3095//5909 3063//5909 3055//5909
f 3096//5910 3056//5910 3088//5910
f 3096//5911 3064//5911 3056//5911
f 3097//5912 3057//5912 3089//5912
f 3097//5913 3065//5913 3057//5913
f 3098//5914 3066//5914 3090//5914
f 3099//5915 3067//5915 3059//5915
f 3099//5916 3059//5916 3091//5916
f 3100//5917 3060//5917 3092//5917
f 3100//5918 3068//5918 3060//5918
f 3101//5919 3069//5919 3093//5919
f 3102//5920 3070//5920 3062//5920
f 3102//5921 3080//5921 3070//5921
f 3102//5922 3062//5922 3094//5922
f 3103//5923 3071//5923 3063//5923
f 3103//5924 3063//5924 3095//5924
f 3104//5925 3064//5925 3096//5925
f 3104//5926 3072//5926 3064//5926
f 3105//5927 3065//5927 3097//5927
f 3105//5928 3073//5928 3065//5928
f 3106//5929 3074//5929 3066//5929
f 3106//5930 3066//5930 3098//5930
f 3107//5931 3075//5931 3067//5931
f 3107//5932 3067//5932 3099//5932
f 3107//5933 3085//5933 3075//5933
f 3108//5934 3076//5934 3077//5934
f 3108//5935 3077//5935 3109//5935
f 3110//5936 3078//5936 3068//5936
f 3110//5937 3068//5937 3100//5937
f 3110//5938 3087//5938 3078//5938
f 3111//5939 2502//5939 2501//5939
f 3111//5940 2503//5940 2502//5940
f 3111//5941 3079//5941 3069//5941
f 3111//5942 2501//5942 3079//5942
f 3111//5943 3069//5943 3101//5943
f 3112//5944 3080//5944 3102//5944
f 3113//5945 3089//5945 3081//5945
f 3113//5946 3071//5946 3103//5946
f 3113//5947 3081//5947 3071//5947
f 3114//5948 3072//5948 3104//5948
f 3114//5949 3082//5949 3072//5949
f 3115//5950 3073//5950 3105//5950
f 3115//5951 3083//5951 3073//5951
f 3116//5952 3074//5952 3106//5952
f 3116//5953 3084//5953 3074//5953
f 3117//5954 3085//5954 3107//5954
f 3118//5955 3086//5955 3076//5955
f 3118//5956 3076//5956 3108//5956
f 3119//5957 3087//5957 3110//5957
f 3120//5958 3088//5958 3080//5958
f 3120//5959 3080//5959 3112//5959
f 3120//5960 3096//5960 3088//5960
f 3121//5961 3089//5961 3113//5961
f 3122//5962 3082//5962 3114//5962
f 3122//5963 3090//5963 3082//5963
f 3123//5964 3083//5964 3115//5964
f 3123//5965 3091//5965 3083//5965
f 3124//5966 3084//5966 3116//5966
f 3124//5967 3092//5967 3084//5967
f 3125//5968 3085//5968 3117//5968
f 3125//5969 3093//5969 3085//5969
f 3126//5970 3086//5970 3118//5970
f 3126//5971 3094//5971 3086//5971
f 3126//5972 3102//5972 3094//5972
f 3127//5973 3087//5973 3119//5973
f 3127//5974 3095//5974 3087//5974
f 3128//5975 3096//5975 3120//5975
f 3129//5976 3097//5976 3089//5976
f 3129//5977 3089//5977 3121//5977
f 3129//5978 3105//5978 3097//5978
f 3130//5979 3098//5979 3090//5979
f 3130//5980 3090//5980 3122//5980
f 3131//5981 3099//5981 3091//5981
f 3131//5982 3091//5982 3123//5982
f 3132//5983 3110//5983 3100//5983
f 3132//5984 3092//5984 3124//5984
f 3132//5985 3100//5985 3092//5985
f 3133//5986 3093//5986 3125//5986
f 3133//5987 3101//5987 3093//5987
f 3134//5988 3102//5988 3126//5988
f 3135//5989 3103//5989 3095//5989
f 3135//5990 3095//5990 3127//5990
f 3136//5991 3104//5991 3096//5991
f 3136//5992 3114//5992 3104//5992
f 3136//5993 3096//5993 3128//5993
f 3137//5994 3105//5994 3129//5994
f 3138//5995 3098//5995 3130//5995
f 3138//5996 3106//5996 3098//5996
f 3139//5997 3099//5997 3131//5997
f 3139//5998 3107//5998 3099//5998
f 3140//5999 3118//5999 3108//5999
f 3140//6000 3109//6000 3141//6000
f 3140//6001 3108//6001 3109//6001
f 3142//6002 3110//6002 3132//6002
f 3143//6003 3111//6003 3101//6003
f 3143//6004 2503//6004 3111//6004
f 3143//6005 3101//6005 3133//6005
f 3144//6006 3112//6006 3102//6006
f 3144//6007 3102//6007 3134//6007
f 3145//6008 3113//6008 3103//6008
f 3145//6009 3103//6009 3135//6009
f 3146//6010 3114//6010 3136//6010
f 3147//6011 3115//6011 3105//6011
f 3147//6012 3105//6012 3137//6012
f 3148//6013 3116//6013 3106//6013
f 3148//6014 3106//6014 3138//6014
f 3149//6015 3117//6015 3107//6015
f 3149//6016 3107//6016 3139//6016
f 3150//6017 3118//6017 3140//6017
f 3151//6018 3110//6018 3142//6018
f 3151//6019 3119//6019 3110//6019
f 3152//6020 3112//6020 3144//6020
f 3152//6021 3120//6021 3112//6021
f 3152//6022 3128//6022 3120//6022
f 3153//6023 3121//6023 3113//6023
f 3153//6024 3113//6024 3145//6024
f 3154//6025 3122//6025 3114//6025
f 3154//6026 3130//6026 3122//6026
f 3154//6027 3114//6027 3146//6027
f 3155//6028 3123//6028 3115//6028
f 3155//6029 3115//6029 3147//6029
f 3156//6030 3124//6030 3116//6030
f 3156//6031 3116//6031 3148//6031
f 3157//6032 3117//6032 3149//6032
f 3157//6033 3125//6033 3117//6033
f 3158//6034 3118//6034 3150//6034
f 3158//6035 3126//6035 3118//6035
f 3159//6036 3119//6036 3151//6036
f 3159//6037 3127//6037 3119//6037
f 3160//6038 3128//6038 3152//6038
f 3161//6039 3121//6039 3153//6039
f 3161//6040 3129//6040 3121//6040
f 3162//6041 3138//6041 3130//6041
f 3162//6042 3130//6042 3154//6042
f 3163//6043 3139//6043 3131//6043
f 3163//6044 3131//6044 3123//6044
f 3163//6045 3123//6045 3155//6045
f 3164//6046 3124//6046 3156//6046
f 3164//6047 3132//6047 3124//6047
f 3165//6048 3125//6048 3157//6048
f 3165//6049 3133//6049 3125//6049
f 3166//6050 3134//6050 3126//6050
f 3166//6051 3126//6051 3158//6051
f 3166//6052 3144//6052 3134//6052
f 3167//6053 3127//6053 3159//6053
f 3167//6054 3135//6054 3127//6054
f 3168//6055 3128//6055 3160//6055
f 3168//6056 3146//6056 3136//6056
f 3168//6057 3136//6057 3128//6057
f 3169//6058 3129//6058 3161//6058
f 3169//6059 3137//6059 3129//6059
f 3170//6060 3138//6060 3162//6060
f 3171//6061 3139//6061 3163//6061
f 3171//6062 3149//6062 3139//6062
f 3172//6063 3140//6063 3141//6063
f 3172//6064 3141//6064 3173//6064
f 3172//6065 3150//6065 3140//6065
f 3174//6066 3142//6066 3132//6066
f 3174//6067 3132//6067 3164//6067
f 3175//6068 2504//6068 2503//6068
f 3175//6069 2505//6069 2504//6069
f 3175//6070 3143//6070 3133//6070
f 3175//6071 2503//6071 3143//6071
f 3175//6072 3133//6072 3165//6072
f 3176//6073 3144//6073 3166//6073
f 3177//6074 3153//6074 3145//6074
f 3177//6075 3135//6075 3167//6075
f 3177//6076 3145//6076 3135//6076
f 3178//6077 3146//6077 3168//6077
f 3179//6078 3147//6078 3137//6078
f 3179//6079 3137//6079 3169//6079
f 3180//6080 3138//6080 3170//6080
f 3180//6081 3148//6081 3138//6081
f 3181//6082 3149//6082 3171//6082
f 3182//6083 3150//6083 3172//6083
f 3183//6084 3151//6084 3142//6084
f 3183//6085 3142//6085 3174//6085
f 3184//6086 3152//6086 3144//6086
f 3184//6087 3144//6087 3176//6087
f 3185//6088 3153//6088 3177//6088
f 3185//6089 3161//6089 3153//6089
f 3186//6090 3146//6090 3178//6090
f 3186//6091 3154//6091 3146//6091
f 3186//6092 3162//6092 3154//6092
f 3187//6093 3155//6093 3147//6093
f 3187//6094 3147//6094 3179//6094
f 3188//6095 3156//6095 3148//6095
f 3188//6096 3148//6096 3180//6096
f 3189//6097 3149//6097 3181//6097
f 3189//6098 3157//6098 3149//6098
f 3190//6099 3150//6099 3182//6099
f 3190//6100 3158//6100 3150//6100
f 3191//6101 3159//6101 3151//6101
f 3191//6102 3151//6102 3183//6102
f 3192//6103 3152//6103 3184//6103
f 3192//6104 3160//6104 3152//6104
f 3193//6105 3161//6105 3185//6105
f 3194//6106 3162//6106 3186//6106
f 3195//6107 3163//6107 3155//6107
f 3195//6108 3155//6108 3187//6108
f 3196//6109 3174//6109 3164//6109
f 3196//6110 3156//6110 3188//6110
f 3196//6111 3164//6111 3156//6111
f 3197//6112 3175//6112 3165//6112
f 3197//6113 3157//6113 3189//6113
f 3197//6114 3165//6114 3157//6114
f 3198//6115 3158//6115 3190//6115
f 3198//6116 3166//6116 3158//6116
f 3199//6117 3177//6117 3167//6117
f 3199//6118 3159//6118 3191//6118
f 3199//6119 3167//6119 3159//6119
f 3200//6120 3160//6120 3192//6120
f 3200//6121 3168//6121 3160//6121
f 3201//6122 3161//6122 3193//6122
f 3201//6123 3169//6123 3161//6123
f 3202//6124 3162//6124 3194//6124
f 3202//6125 3170//6125 3162//6125
f 3203//6126 3163//6126 3195//6126
f 3203//6127 3171//6127 3163//6127
f 3204//6128 3173//6128 3205//6128
f 3204//6129 3182//6129 3172//6129
f 3204//6130 3172//6130 3173//6130
f 3206//6131 3183//6131 3174//6131
f 3206//6132 3174//6132 3196//6132
f 3207//6133 3175//6133 3197//6133
f 3207//6134 2505//6134 3175//6134
f 3208//6135 3166//6135 3198//6135
f 3208//6136 3176//6136 3166//6136
f 3209//6137 3177//6137 3199//6137
f 3210//6138 3178//6138 3168//6138
f 3210//6139 3168//6139 3200//6139
f 3211//6140 3169//6140 3201//6140
f 3211//6141 3187//6141 3179//6141
f 3211//6142 3179//6142 3169//6142
f 3212//6143 3180//6143 3170//6143
f 3212//6144 3170//6144 3202//6144
f 3212//6145 3188//6145 3180//6145
f 3213//6146 3171//6146 3203//6146
f 3213//6147 3181//6147 3171//6147
f 3214//6148 3182//6148 3204//6148
f 3215//6149 3183//6149 3206//6149
f 3216//6150 3192//6150 3184//6150
f 3216//6151 3176//6151 3208//6151
f 3216//6152 3184//6152 3176//6152
f 3217//6153 3185//6153 3177//6153
f 3217//6154 3177//6154 3209//6154
f 3218//6155 3186//6155 3178//6155
f 3218//6156 3178//6156 3210//6156
f 3219//6157 3187//6157 3211//6157
f 3220//6158 3188//6158 3212//6158
f 3221//6159 3181//6159 3213//6159
f 3221//6160 3189//6160 3181//6160
f 3222//6161 3190//6161 3182//6161
f 3222//6162 3182//6162 3214//6162
f 3223//6163 3183//6163 3215//6163
f 3223//6164 3191//6164 3183//6164
f 3224//6165 3192//6165 3216//6165
f 3224//6166 3200//6166 3192//6166
f 3225//6167 3193//6167 3185//6167
f 3225//6168 3185//6168 3217//6168
f 3226//6169 3186//6169 3218//6169
f 3226//6170 3194//6170 3186//6170
f 3227//6171 3187//6171 3219//6171
f 3227//6172 3203//6172 3195//6172
f 3227//6173 3195//6173 3187//6173
f 3228//6174 3188//6174 3220//6174
f 3228//6175 3196//6175 3188//6175
f 3228//6176 3206//6176 3196//6176
f 3229//6177 3189//6177 3221//6177
f 3229//6178 3197//6178 3189//6178
f 3230//6179 3190//6179 3222//6179
f 3230//6180 3198//6180 3190//6180
f 3231//6181 3209//6181 3199//6181
f 3231//6182 3191//6182 3223//6182
f 3231//6183 3199//6183 3191//6183
f 3232//6184 3200//6184 3224//6184
f 3233//6185 3201//6185 3193//6185
f 3233//6186 3193//6186 3225//6186
f 3234//6187 3194//6187 3226//6187
f 3234//6188 3202//6188 3194//6188
f 3235//6189 3203//6189 3227//6189
f 3236//6190 3214//6190 3204//6190
f 3236//6191 3205//6191 3237//6191
f 3236//6192 3204//6192 3205//6192
f 3238//6193 3206//6193 3228//6193
f 3239//6194 2506//6194 2505//6194
f 3239//6195 3197//6195 3229//6195
f 3239//6196 2505//6196 3207//6196
f 3239//6197 3207//6197 3197//6197
f 3240//6198 3208//6198 3198//6198
f 3240//6199 3198//6199 3230//6199
f 3240//6200 3216//6200 3208//6200
f 3241//6201 3209//6201 3231//6201
f 3242//6202 3200//6202 3232//6202
f 3242//6203 3210//6203 3200//6203
f 3243//6204 3201//6204 3233//6204
f 3243//6205 3211//6205 3201//6205
f 3244//6206 3212//6206 3202//6206
f 3244//6207 3202//6207 3234//6207
f 3245//6208 3221//6208 3213//6208
f 3245//6209 3203//6209 3235//6209
f 3245//6210 3213//6210 3203//6210
f 3246//6211 3214//6211 3236//6211
f 3247//6212 3223//6212 3215//6212
f 3247//6213 3215//6213 3206//6213
f 3247//6214 3206//6214 3238//6214
f 3248//6215 3216//6215 3240//6215
f 3249//6216 3217//6216 3209//6216
f 3249//6217 3225//6217 3217//6217
f 3249//6218 3209//6218 3241//6218
f 3250//6219 3218//6219 3210//6219
f 3250//6220 3210//6220 3242//6220
f 3251//6221 3211//6221 3243//6221
f 3251//6222 3219//6222 3211//6222
f 3252//6223 3220//6223 3212//6223
f 3252//6224 3212//6224 3244//6224
f 3253//6225 3221//6225 3245//6225
f 3254//6226 3222//6226 3214//6226
f 3254//6227 3214//6227 3246//6227
f 3255//6228 3223//6228 3247//6228
f 3256//6229 3216//6229 3248//6229
f 3256//6230 3224//6230 3216//6230
f 3256//6231 3232//6231 3224//6231
f 3257//6232 3225//6232 3249//6232
f 3258//6233 3218//6233 3250//6233
f 3258//6234 3234//6234 3226//6234
f 3258//6235 3226//6235 3218//6235
f 3259//6236 3219//6236 3251//6236
f 3259//6237 3227//6237 3219//6237
f 3260//6238 3228//6238 3220//6238
f 3260//6239 3220//6239 3252//6239
f 3261//6240 3221//6240 3253//6240
f 3261//6241 3229//6241 3221//6241
f 3261//6242 3239//6242 3229//6242
f 3262//6243 3230//6243 3222//6243
f 3262//6244 3222//6244 3254//6244
f 3263//6245 3223//6245 3255//6245
f 3263//6246 3231//6246 3223//6246
f 3264//6247 3232//6247 3256//6247
f 3265//6248 3233//6248 3225//6248
f 3265//6249 3225//6249 3257//6249
f 3265//6250 3243//6250 3233//6250
f 3266//6251 3234//6251 3258//6251
f 3267//6252 3227//6252 3259//6252
f 3267//6253 3235//6253 3227//6253
f 3268//6254 3237//6254 3269//6254
f 3268//6255 3236//6255 3237//6255
f 3270//6256 3228//6256 3260//6256
f 3270//6257 3238//6257 3228//6257
f 3271//6258 2507//6258 2506//6258
f 3271//6259 3239//6259 3261//6259
f 3271//6260 2506//6260 3239//6260
f 3272//6261 3230//6261 3262//6261
f 3272//6262 3248//6262 3240//6262
f 3272//6263 3240//6263 3230//6263
f 3273//6264 3231//6264 3263//6264
f 3273//6265 3241//6265 3231//6265
f 3274//6266 3242//6266 3232//6266
f 3274//6267 3232//6267 3264//6267
f 3275//6268 3251//6268 3243//6268
f 3275//6269 3243//6269 3265//6269
f 3276//6270 3244//6270 3234//6270
f 3276//6271 3234//6271 3266//6271
f 3276//6272 3252//6272 3244//6272
f 3277//6273 3245//6273 3235//6273
f 3277//6274 3235//6274 3267//6274
f 3278//6275 3236//6275 3268//6275
f 3278//6276 3246//6276 3236//6276
f 3279//6277 3238//6277 3270//6277
f 3279//6278 3247//6278 3238//6278
f 3280//6279 3248//6279 3272//6279
f 3281//6280 3249//6280 3241//6280
f 3281//6281 3241//6281 3273//6281
f 3281//6282 3257//6282 3249//6282
f 3282//6283 3258//6283 3250//6283
f 3282//6284 3242//6284 3274//6284
f 3282//6285 3250//6285 3242//6285
f 3283//6286 3251//6286 3275//6286
f 3284//6287 3260//6287 3252//6287
f 3284//6288 3252//6288 3276//6288
f 3285//6289 3245//6289 3277//6289
f 3285//6290 3253//6290 3245//6290
f 3286//6291 3254//6291 3246//6291
f 3286//6292 3246//6292 3278//6292
f 3287//6293 3255//6293 3247//6293
f 3287//6294 3247//6294 3279//6294
f 3288//6295 3256//6295 3248//6295
f 3288//6296 3248//6296 3280//6296
f 3289//6297 3257//6297 3281//6297
f 3290//6298 3258//6298 3282//6298
f 3291//6299 3259//6299 3251//6299
f 3291//6300 3267//6300 3259//6300
f 3291//6301 3251//6301 3283//6301
f 3292//6302 3270//6302 3260//6302
f 3292//6303 3260//6303 3284//6303
f 3293//6304 3253//6304 3285//6304
f 3293//6305 3261//6305 3253//6305
f 3294//6306 3254//6306 3286//6306
f 3294//6307 3262//6307 3254//6307
f 3295//6308 3255//6308 3287//6308
f 3295//6309 3263//6309 3255//6309
f 3296//6310 3256//6310 3288//6310
f 3296//6311 3264//6311 3256//6311
f 3297//6312 3257//6312 3289//6312
f 3297//6313 3265//6313 3257//6313
f 3297//6314 3275//6314 3265//6314
f 3298//6315 3258//6315 3290//6315
f 3298//6316 3266//6316 3258//6316
f 3299//6317 3267//6317 3291//6317
f 3300//6318 3269//6318 3301//6318
f 3300//6319 3268//6319 3269//6319
f 3302//6320 3270//6320 3292//6320
f 3302//6321 3279//6321 3270//6321
f 3303//6322 2508//6322 2507//6322
f 3303//6323 2509//6323 2508//6323
f 3303//6324 2507//6324 3271//6324
f 3303//6325 3261//6325 3293//6325
f 3303//6326 3271//6326 3261//6326
f 3304//6327 3262//6327 3294//6327
f 3304//6328 3272//6328 3262//6328
f 3305//6329 3263//6329 3295//6329
f 3305//6330 3273//6330 3263//6330
f 3306//6331 3264//6331 3296//6331
f 3306//6332 3274//6332 3264//6332
f 3307//6333 3283//6333 3275//6333
f 3307//6334 3275//6334 3297//6334
f 3308//6335 3266//6335 3298//6335
f 3308//6336 3276//6336 3266//6336
f 3309//6337 3277//6337 3267//6337
f 3309//6338 3285//6338 3277//6338
f 3309//6339 3267//6339 3299//6339
f 3310//6340 3268//6340 3300//6340
f 3310//6341 3278//6341 3268//6341
f 3311//6342 3279//6342 3302//6342
f 3312//6343 3280//6343 3272//6343
f 3312//6344 3272//6344 3304//6344
f 3313//6345 3281//6345 3273//6345
f 3313//6346 3273//6346 3305//6346
f 3314//6347 3274//6347 3306//6347
f 3314//6348 3282//6348 3274//6348
f 3315//6349 3283//6349 3307//6349
f 3316//6350 3284//6350 3276//6350
f 3316//6351 3276//6351 3308//6351
f 3317//6352 3285//6352 3309//6352
f 3317//6353 3293//6353 3285//6353
f 3318//6354 3286//6354 3278//6354
f 3318//6355 3278//6355 3310//6355
f 3319//6356 3279//6356 3311//6356
f 3319//6357 3287//6357 3279//6357
f 3320//6358 3296//6358 3288//6358
f 3320//6359 3280//6359 3312//6359
f 3320//6360 3288//6360 3280//6360
f 3321//6361 3289//6361 3281//6361
f 3321//6362 3281//6362 3313//6362
f 3322//6363 3282//6363 3314//6363
f 3322//6364 3290//6364 3282//6364
f 3323//6365 3283//6365 3315//6365
f 3323//6366 3291//6366 3283//6366
f 3323//6367 3299//6367 3291//6367
f 3324//6368 3284//6368 3316//6368
f 3324//6369 3292//6369 3284//6369
f 3324//6370 3302//6370 3292//6370
f 3325//6371 3293//6371 3317//6371
f 3326//6372 3286//6372 3318//6372
f 3326//6373 3294//6373 3286//6373
f 3327//6374 3287//6374 3319//6374
f 3327//6375 3295//6375 3287//6375
f 3328//6376 3296//6376 3320//6376
f 3329//6377 3289//6377 3321//6377
f 3329//6378 3297//6378 3289//6378
f 3330//6379 3290//6379 3322//6379
f 3330//6380 3298//6380 3290//6380
f 3331//6381 3299//6381 3323//6381
f 3332//6382 3301//6382 3333//6382
f 3332//6383 3300//6383 3301//6383
f 3334//6384 3302//6384 3324//6384
f 3335//6385 3293//6385 3325//6385
f 3335//6386 3303//6386 3293//6386
f 3335//6387 2509//6387 3303//6387
f 3336//6388 3304//6388 3294//6388
f 3336//6389 3294//6389 3326//6389
f 3337//6390 3295//6390 3327//6390
f 3337//6391 3313//6391 3305//6391
f 3337//6392 3305//6392 3295//6392
f 3338//6393 3314//6393 3306//6393
f 3338//6394 3296//6394 3328//6394
f 3338//6395 3306//6395 3296//6395
f 3339//6396 3297//6396 3329//6396
f 3339//6397 3307//6397 3297//6397
f 3340//6398 3308//6398 3298//6398
f 3340//6399 3298//6399 3330//6399
f 3341//6400 3299//6400 3331//6400
f 3341//6401 3309//6401 3299//6401
f 3342//6402 3300//6402 3332//6402
f 3342//6403 3310//6403 3300//6403
f 3343//6404 3319//6404 3311//6404
f 3343//6405 3302//6405 3334//6405
f 3343//6406 3311//6406 3302//6406
f 3344//6407 3312//6407 3304//6407
f 3344//6408 3304//6408 3336//6408
f 3345//6409 3313//6409 3337//6409
f 3345//6410 3321//6410 3313//6410
f 3346//6411 3322//6411 3314//6411
f 3346//6412 3314//6412 3338//6412
f 3347//6413 3307//6413 3339//6413
f 3347//6414 3315//6414 3307//6414
f 3348//6415 3308//6415 3340//6415
f 3348//6416 3316//6416 3308//6416
f 3349//6417 3325//6417 3317//6417
f 3349//6418 3317//6418 3309//6418
f 3349//6419 3309//6419 3341//6419
f 3350//6420 3318//6420 3310//6420
f 3350//6421 3310//6421 3342//6421
f 3351//6422 3319//6422 3343//6422
f 3352//6423 3312//6423 3344//6423
f 3352//6424 3320//6424 3312//6424
f 3353//6425 3321//6425 3345//6425
f 3354//6426 3322//6426 3346//6426
f 3355//6427 3323//6427 3315//6427
f 3355//6428 3315//6428 3347//6428
f 3356//6429 3316//6429 3348//6429
f 3356//6430 3324//6430 3316//6430
f 3357//6431 3325//6431 3349//6431
f 3358//6432 3318//6432 3350//6432
f 3358//6433 3326//6433 3318//6433
f 3359//6434 3319//6434 3351//6434
f 3359//6435 3327//6435 3319//6435
f 3360//6436 3320//6436 3352//6436
f 3360//6437 3328//6437 3320//6437
f 3361//6438 3321//6438 3353//6438
f 3361//6439 3329//6439 3321//6439
f 3361//6440 3339//6440 3329//6440
f 3362//6441 3330//6441 3322//6441
f 3362//6442 3322//6442 3354//6442
f 3362//6443 3340//6443 3330//6443
f 3363//6444 3323//6444 3355//6444
f 3363//6445 3331//6445 3323//6445
f 3364//6446 3333//6446 3365//6446
f 3364//6447 3332//6447 3333//6447
f 3366//6448 3324//6448 3356//6448
f 3366//6449 3334//6449 3324//6449
f 3367//6450 2510//6450 2509//6450
f 3367//6451 2509//6451 3335//6451
f 3367//6452 3325//6452 3357//6452
f 3367//6453 3335//6453 3325//6453
f 3368//6454 3344//6454 3336//6454
f 3368//6455 3326//6455 3358//6455
f 3368//6456 3336//6456 3326//6456
f 3369//6457 3327//6457 3359//6457
f 3369//6458 3337//6458 3327//6458
f 3369//6459 3345//6459 3337//6459
f 3370//6460 3328//6460 3360//6460
f 3370//6461 3338//6461 3328//6461
f 3371//6462 3339//6462 3361//6462
f 3372//6463 3340//6463 3362//6463
f 3373//6464 3331//6464 3363//6464
f 3373//6465 3341//6465 3331//6465
f 3374//6466 3332//6466 3364//6466
f 3374//6467 3342//6467 3332//6467
f 3375//6468 3334//6468 3366//6468
f 3375//6469 3343//6469 3334//6469
f 3376//6470 3344//6470 3368//6470
f 3377//6471 3345//6471 3369//6471
f 3378//6472 3338//6472 3370//6472
f 3378//6473 3346//6473 3338//6473
f 3379//6474 3347//6474 3339//6474
f 3379//6475 3355//6475 3347//6475
f 3379//6476 3339//6476 3371//6476
f 3380//6477 3340//6477 3372//6477
f 3380//6478 3348//6478 3340//6478
f 3381//6479 3349//6479 3341//6479
f 3381//6480 3341//6480 3373//6480
f 3382//6481 3350//6481 3342//6481
f 3382//6482 3342//6482 3374//6482
f 3383//6483 3343//6483 3375//6483
f 3383//6484 3351//6484 3343//6484
f 3384//6485 3344//6485 3376//6485
f 3384//6486 3360//6486 3352//6486
f 3384//6487 3352//6487 3344//6487
f 3385//6488 3353//6488 3345//6488
f 3385//6489 3345//6489 3377//6489
f 3386//6490 3354//6490 3346//6490
f 3386//6491 3346//6491 3378//6491
f 3387//6492 3355//6492 3379//6492
f 3388//6493 3366//6493 3356//6493
f 3388//6494 3356//6494 3348//6494
f 3388//6495 3348//6495 3380//6495
f 3389//6496 3357//6496 3349//6496
f 3389//6497 3349//6497 3381//6497
f 3390//6498 3350//6498 3382//6498
f 3390//6499 3358//6499 3350//6499
f 3391//6500 3359//6500 3351//6500
f 3391//6501 3351//6501 3383//6501
f 3392//6502 3360//6502 3384//6502
f 3393//6503 3361//6503 3353//6503
f 3393//6504 3353//6504 3385//6504
f 3393//6505 3371//6505 3361//6505
f 3394//6506 3354//6506 3386//6506
f 3394//6507 3362//6507 3354//6507
f 3395//6508 3355//6508 3387//6508
f 3395//6509 3363//6509 3355//6509
f 3395//6510 3373//6510 3363//6510
f 3396//6511 3364//6511 3365//6511
f 3396//6512 3365//6512 3397//6512
f 3398//6513 3366//6513 3388//6513
f 3398//6514 3375//6514 3366//6514
f 3399//6515 2511//6515 2510//6515
f 3399//6516 3357//6516 3389//6516
f 3399//6517 2510//6517 3367//6517
f 3399//6518 3367//6518 3357//6518
f 3400//6519 3368//6519 3358//6519
f 3400//6520 3376//6520 3368//6520
f 3400//6521 3358//6521 3390//6521
f 3401//6522 3359//6522 3391//6522
f 3401//6523 3369//6523 3359//6523
f 3402//6524 3360//6524 3392//6524
f 3402//6525 3370//6525 3360//6525
f 3402//6526 3378//6526 3370//6526
f 3403//6527 3371//6527 3393//6527
f 3404//6528 3372//6528 3362//6528
f 3404//6529 3362//6529 3394//6529
f 3405//6530 3381//6530 3373//6530
f 3405//6531 3373//6531 3395//6531
f 3406//6532 3364//6532 3396//6532
f 3406//6533 3374//6533 3364//6533
f 3407//6534 3375//6534 3398//6534
f 3408//6535 3376//6535 3400//6535
f 3409//6536 3377//6536 3369//6536
f 3409//6537 3369//6537 3401//6537
f 3410//6538 3378//6538 3402//6538
f 3410//6539 3386//6539 3378//6539
f 3411//6540 3371//6540 3403//6540
f 3411//6541 3379//6541 3371//6541
f 3412//6542 3372//6542 3404//6542
f 3412//6543 3380//6543 3372//6543
f 3413//6544 3389//6544 3381//6544
f 3413//6545 3381//6545 3405//6545
f 3414//6546 3382//6546 3374//6546
f 3414//6547 3374//6547 3406//6547
f 3415//6548 3391//6548 3383//6548
f 3415//6549 3375//6549 3407//6549
f 3415//6550 3383//6550 3375//6550
f 3416//6551 3376//6551 3408//6551
f 3416//6552 3384//6552 3376//6552
f 3416//6553 3392//6553 3384//6553
f 3417//6554 3377//6554 3409//6554
f 3417//6555 3385//6555 3377//6555
f 3417//6556 3393//6556 3385//6556
f 3418//6557 3386//6557 3410//6557
f 3419//6558 3379//6558 3411//6558
f 3419//6559 3387//6559 3379//6559
f 3420//6560 3388//6560 3380//6560
f 3420//6561 3380//6561 3412//6561
f 3421//6562 3389//6562 3413//6562
f 3422//6563 3382//6563 3414//6563
f 3422//6564 3400//6564 3390//6564
f 3422//6565 3390//6565 3382//6565
f 3423//6566 3401//6566 3391//6566
f 3423//6567 3391//6567 3415//6567
f 3424//6568 3392//6568 3416//6568
f 3425//6569 3393//6569 3417//6569
f 3426//6570 3386//6570 3418//6570
f 3426//6571 3404//6571 3394//6571
f 3426//6572 3394//6572 3386//6572
f 3427//6573 3387//6573 3419//6573
f 3427//6574 3395//6574 3387//6574
f 3428//6575 3396//6575 3397//6575
f 3428//6576 3397//6576 3429//6576
f 3430//6577 3398//6577 3388//6577
f 3430//6578 3388//6578 3420//6578
f 3431//6579 2512//6579 2511//6579
f 3431//6580 2513//6580 2512//6580
f 3431//6581 3389//6581 3421//6581
f 3431//6582 2511//6582 3399//6582
f 3431//6583 3399//6583 3389//6583
f 3432//6584 3400//6584 3422//6584
f 3433//6585 3401//6585 3423//6585
f 3434//6586 3392//6586 3424//6586
f 3434//6587 3402//6587 3392//6587
f 3435//6588 3393//6588 3425//6588
f 3435//6589 3403//6589 3393//6589
f 3436//6590 3404//6590 3426//6590
f 3437//6591 3395//6591 3427//6591
f 3437//6592 3405//6592 3395//6592
f 3437//6593 3413//6593 3405//6593
f 3438//6594 3396//6594 3428//6594
f 3438//6595 3406//6595 3396//6595
f 3439//6596 3398//6596 3430//6596
f 3439//6597 3407//6597 3398//6597
f 3440//6598 3408//6598 3400//6598
f 3440//6599 3400//6599 3432//6599
f 3441//6600 3401//6600 3433//6600
f 3441//6601 3409//6601 3401//6601
f 3442//6602 3410//6602 3402//6602
f 3442//6603 3402//6603 3434//6603
f 3443//6604 3403//6604 3435//6604
f 3443//6605 3411//6605 3403//6605
f 3444//6606 3420//6606 3412//6606
f 3444//6607 3404//6607 3436//6607
f 3444//6608 3412//6608 3404//6608
f 3445//6609 3413//6609 3437//6609
f 3446//6610 3406//6610 3438//6610
f 3446//6611 3414//6611 3406//6611
f 3447//6612 3407//6612 3439//6612
f 3447//6613 3415//6613 3407//6613
f 3448//6614 3424//6614 3416//6614
f 3448//6615 3408//6615 3440//6615
f 3448//6616 3416//6616 3408//6616
f 3449//6617 3409//6617 3441//6617
f 3449//6618 3417//6618 3409//6618
f 3450//6619 3418//6619 3410//6619
f 3450//6620 3410//6620 3442//6620
f 3451//6621 3419//6621 3411//6621
f 3451//6622 3411//6622 3443//6622
f 3452//6623 3420//6623 3444//6623
f 3452//6624 3430//6624 3420//6624
f 3453//6625 3421//6625 3413//6625
f 3453//6626 3413//6626 3445//6626
f 3454//6627 3422//6627 3414//6627
f 3454//6628 3414//6628 3446//6628
f 3455//6629 3415//6629 3447//6629
f 3455//6630 3423//6630 3415//6630
f 3456//6631 3424//6631 3448//6631
f 3457//6632 3425//6632 3417//6632
f 3457//6633 3417//6633 3449//6633
f 3458//6634 3418//6634 3450//6634
f 3458//6635 3426//6635 3418//6635
f 3459//6636 3419//6636 3451//6636
f 3459//6637 3427//6637 3419//6637
f 3460//6638 3428//6638 3429//6638
f 3460//6639 3429//6639 3461//6639
f 3462//6640 3430//6640 3452//6640
f 3462//6641 3439//6641 3430//6641
f 3463//6642 3421//6642 3453//6642
f 3463//6643 2513//6643 3431//6643
f 3463//6644 3431//6644 3421//6644
f 3464//6645 3440//6645 3432//6645
f 3464//6646 3432//6646 3422//6646
f 3464//6647 3422//6647 3454//6647
f 3465//6648 3433//6648 3423//6648
f 3465//6649 3423//6649 3455//6649
f 3466//6650 3434//6650 3424//6650
f 3466//6651 3424//6651 3456//6651
f 3467//6652 3425//6652 3457//6652
f 3467//6653 3435//6653 3425//6653
f 3468//6654 3426//6654 3458//6654
f 3468//6655 3436//6655 3426//6655
f 3469//6656 3437//6656 3427//6656
f 3469//6657 3427//6657 3459//6657
f 3470//6658 3438//6658 3428//6658
f 3470//6659 3428//6659 3460//6659
f 3471//6660 3439//6660 3462//6660
f 3471//6661 3447//6661 3439//6661
f 3472//6662 3440//6662 3464//6662
f 3473//6663 3433//6663 3465//6663
f 3473//6664 3441//6664 3433//6664
f 3474//6665 3434//6665 3466//6665
f 3474//6666 3442//6666 3434//6666
f 3474//6667 3450//6667 3442//6667
f 3475//6668 3435//6668 3467//6668
f 3475//6669 3443//6669 3435//6669
f 3476//6670 3452//6670 3444//6670
f 3476//6671 3444//6671 3436//6671
f 3476//6672 3436//6672 3468//6672
f 3477//6673 3445//6673 3437//6673
f 3477//6674 3437//6674 3469//6674
f 3478//6675 3438//6675 3470//6675
f 3478//6676 3454//6676 3446//6676
f 3478//6677 3446//6677 3438//6677
f 3479//6678 3455//6678 3447//6678
f 3479//6679 3447//6679 3471//6679
f 3480//6680 3440//6680 3472//6680
f 3480//6681 3448//6681 3440//6681
f 3481//6682 3457//6682 3449//6682
f 3481//6683 3441//6683 3473//6683
f 3481//6684 3449//6684 3441//6684
f 3482//6685 3450//6685 3474//6685
f 3483//6686 3451//6686 3443//6686
f 3483//6687 3443//6687 3475//6687
f 3483//6688 3459//6688 3451//6688
f 3484//6689 3452//6689 3476//6689
f 3485//6690 3445//6690 3477//6690
f 3485//6691 3453//6691 3445//6691
f 3486//6692 3454//6692 3478//6692
f 3487//6693 3465//6693 3455//6693
f 3487//6694 3455//6694 3479//6694
f 3488//6695 3448//6695 3480//6695
f 3488//6696 3456//6696 3448//6696
f 3489//6697 3457//6697 3481//6697
f 3490//6698 3458//6698 3450//6698
f 3490//6699 3450//6699 3482//6699
f 3491//6700 3469//6700 3459//6700
f 3491//6701 3459//6701 3483//6701
f 3492//6702 3460//6702 3461//6702
f 3492//6703 3461//6703 3493//6703
f 3494//6704 3462//6704 3452//6704
f 3494//6705 3452//6705 3484//6705
f 3495//6706 3453//6706 3485//6706
f 3495//6707 2514//6707 2513//6707
f 3495//6708 2513//6708 3463//6708
f 3495//6709 3463//6709 3453//6709
f 3496//6710 3464//6710 3454//6710
f 3496//6711 3472//6711 3464//6711
f 3496//6712 3454//6712 3486//6712
f 3497//6713 3465//6713 3487//6713
f 3498//6714 3456//6714 3488//6714
f 3498//6715 3474//6715 3466//6715
f 3498//6716 3466//6716 3456//6716
f 3499//6717 3457//6717 3489//6717
f 3499//6718 3467//6718 3457//6718
f 3500//6719 3468//6719 3458//6719
f 3500//6720 3458//6720 3490//6720
f 3501//6721 3469//6721 3491//6721
f 3502//6722 3460//6722 3492//6722
f 3502//6723 3470//6723 3460//6723
f 3503//6724 3462//6724 3494//6724
f 3503//6725 3471//6725 3462//6725
f 3504//6726 3472//6726 3496//6726
f 3505//6727 3473//6727 3465//6727
f 3505//6728 3465//6728 3497//6728
f 3506//6729 3474//6729 3498//6729
f 3507//6730 3483//6730 3475//6730
f 3507//6731 3467//6731 3499//6731
f 3507//6732 3475//6732 3467//6732
f 3508//6733 3476//6733 3468//6733
f 3508//6734 3468//6734 3500//6734
f 3509//6735 3469//6735 3501//6735
f 3509//6736 3477//6736 3469//6736
f 3510//6737 3470//6737 3502//6737
f 3510//6738 3478//6738 3470//6738
f 3511//6739 3471//6739 3503//6739
f 3511//6740 3479//6740 3471//6740
f 3512//6741 3488//6741 3480//6741
f 3512//6742 3472//6742 3504//6742
f 3512//6743 3480//6743 3472//6743
f 3513//6744 3473//6744 3505//6744
f 3513//6745 3489//6745 3481//6745
f 3513//6746 3481//6746 3473//6746
f 3514//6747 3474//6747 3506//6747
f 3514//6748 3482//6748 3474//6748
f 3515//6749 3483//6749 3507//6749
f 3516//6750 3476//6750 3508//6750
f 3516//6751 3484//6751 3476//6751
f 3516//6752 3494//6752 3484//6752
f 3517//6753 3485//6753 3477//6753
f 3517//6754 3477//6754 3509//6754
f 3518//6755 3486//6755 3478//6755
f 3518//6756 3478//6756 3510//6756
f 3519//6757 3487//6757 3479//6757
f 3519//6758 3479//6758 3511//6758
f 3520//6759 3488//6759 3512//6759
f 3521//6760 3489//6760 3513//6760
f 3522//6761 3490//6761 3482//6761
f 3522//6762 3482//6762 3514//6762
f 3522//6763 3500//6763 3490//6763
f 3523//6764 3491//6764 3483//6764
f 3523//6765 3483//6765 3515//6765
f 3524//6766 3492//6766 3493//6766
f 3524//6767 3493//6767 3525//6767
f 3524//6768 3525//6768 3526//6768
f 3527//6769 3494//6769 3516//6769
f 3528//6770 2515//6770 2514//6770
f 3528//6771 2514//6771 3495//6771
f 3528//6772 3495//6772 3485//6772
f 3528//6773 3485//6773 3517//6773
f 3529//6774 3486//6774 3518//6774
f 3529//6775 3496//6775 3486//6775
f 3530//6776 3497//6776 3487//6776
f 3530//6777 3487//6777 3519//6777
f 3531//6778 3506//6778 3498//6778
f 3531//6779 3488//6779 3520//6779
f 3531//6780 3498//6780 3488//6780
f 3532//6781 3489//6781 3521//6781
f 3532//6782 3499//6782 3489//6782
f 3533//6783 3500//6783 3522//6783
f 3533//6784 3508//6784 3500//6784
f 3534//6785 3501//6785 3491//6785
f 3534//6786 3491//6786 3523//6786
f 3535//6787 3502//6787 3492//6787
f 3535//6788 3492//6788 3524//6788
f 3536//6789 3503//6789 3494//6789
f 3536//6790 3494//6790 3527//6790
f 3536//6791 3511//6791 3503//6791
f 3537//6792 3504//6792 3496//6792
f 3537//6793 3496//6793 3529//6793
f 3538//6794 3497//6794 3530//6794
f 3538//6795 3505//6795 3497//6795
f 3539//6796 3506//6796 3531//6796
f 3540//6797 3499//6797 3532//6797
f 3540//6798 3507//6798 3499//6798
f 3540//6799 3515//6799 3507//6799
f 3541//6800 3508//6800 3533//6800
f 3542//6801 3509//6801 3501//6801
f 3542//6802 3501//6802 3534//6802
f 3543//6803 3510//6803 3502//6803
f 3543//6804 3518//6804 3510//6804
f 3543//6805 3502//6805 3535//6805
f 3544//6806 3511//6806 3536//6806
f 3545//6807 3504//6807 3537//6807
f 3545//6808 3512//6808 3504//6808
f 3546//6809 3505//6809 3538//6809
f 3546//6810 3513//6810 3505//6810
f 3547//6811 3506//6811 3539//6811
f 3547//6812 3514//6812 3506//6812
f 3547//6813 3522//6813 3514//6813
f 3548//6814 3515//6814 3540//6814
f 3549//6815 3527//6815 3516//6815
f 3549//6816 3508//6816 3541//6816
f 3549//6817 3516//6817 3508//6817
f 3550//6818 3517//6818 3509//6818
f 3550//6819 3509//6819 3542//6819
f 3551//6820 3518//6820 3543//6820
f 3552//6821 3511//6821 3544//6821
f 3552//6822 3519//6822 3511//6822
f 3553//6823 3520//6823 3512//6823
f 3553//6824 3512//6824 3545//6824
f 3554//6825 3521//6825 3513//6825
f 3554//6826 3513//6826 3546//6826
f 3555//6827 3533//6827 3522//6827
f 3555//6828 3522//6828 3547//6828
f 3556//6829 3534//6829 3523//6829
f 3556//6830 3523//6830 3515//6830
f 3556//6831 3515//6831 3548//6831
f 3557//6832 3524//6832 3526//6832
f 3558//6833 3536//6833 3527//6833
f 3558//6834 3527//6834 3549//6834
f 3559//6835 2516//6835 2515//6835
f 3559//6836 3528//6836 3517//6836
f 3559//6837 2515//6837 3528//6837
f 3559//6838 3517//6838 3550//6838
f 3560//6839 3518//6839 3551//6839
f 3560//6840 3529//6840 3518//6840
f 3561//6841 3538//6841 3530//6841
f 3561//6842 3519//6842 3552//6842
f 3561//6843 3530//6843 3519//6843
f 3562//6844 3531//6844 3520//6844
f 3562//6845 3520//6845 3553//6845
f 3563//6846 3532//6846 3521//6846
f 3563//6847 3521//6847 3554//6847
f 3564//6848 3541//6848 3533//6848
f 3564//6849 3533//6849 3555//6849
f 3565//6850 3542//6850 3534//6850
f 3565//6851 3534//6851 3556//6851
f 3566//6852 3535//6852 3524//6852
f 3566//6853 3524//6853 3557//6853
f 3567//6854 3536//6854 3558//6854
f 3568//6855 3537//6855 3529//6855
f 3568//6856 3545//6856 3537//6856
f 3568//6857 3529//6857 3560//6857
f 3569//6858 3538//6858 3561//6858
f 3570//6859 3539//6859 3531//6859
f 3570//6860 3531//6860 3562//6860
f 3571//6861 3540//6861 3532//6861
f 3571//6862 3532//6862 3563//6862
f 3572//6863 3541//6863 3564//6863
f 3573//6864 3542//6864 3565//6864
f 3574//6865 3543//6865 3535//6865
f 3574//6866 3551//6866 3543//6866
f 3574//6867 3535//6867 3566//6867
f 3575//6868 3536//6868 3567//6868
f 3575//6869 3544//6869 3536//6869
f 3575//6870 3552//6870 3544//6870
f 3576//6871 3545//6871 3568//6871
f 3577//6872 3538//6872 3569//6872
f 3577//6873 3546//6873 3538//6873
f 3578//6874 3547//6874 3539//6874
f 3578//6875 3539//6875 3570//6875
f 3579//6876 3540//6876 3571//6876
f 3579//6877 3548//6877 3540//6877
f 3580//6878 3558//6878 3549//6878
f 3580//6879 3549//6879 3541//6879
f 3580//6880 3541//6880 3572//6880
f 3581//6881 3542//6881 3573//6881
f 3581//6882 3550//6882 3542//6882
f 3582//6883 3551//6883 3574//6883
f 3583//6884 3552//6884 3575//6884
f 3584//6885 3545//6885 3576//6885
f 3584//6886 3553//6886 3545//6886
f 3585//6887 3563//6887 3554//6887
f 3585//6888 3546//6888 3577//6888
f 3585//6889 3554//6889 3546//6889
f 3586//6890 3547//6890 3578//6890
f 3586//6891 3555//6891 3547//6891
f 3587//6892 3556//6892 3548//6892
f 3587//6893 3548//6893 3579//6893
f 3588//6894 3557//6894 3526//6894
f 3588//6895 3526//6895 3589//6895
f 3590//6896 3567//6896 3558//6896
f 3590//6897 3558//6897 3580//6897
f 3591//6898 2517//6898 2516//6898
f 3591//6899 2518//6899 2517//6899
f 3591//6900 2516//6900 3559//6900
f 3591//6901 3559//6901 3550//6901
f 3591//6902 3550//6902 3581//6902
f 3592//6903 3551//6903 3582//6903
f 3592//6904 3568//6904 3560//6904
f 3592//6905 3560//6905 3551//6905
f 3593//6906 3561//6906 3552//6906
f 3593//6907 3569//6907 3561//6907
f 3593//6908 3552//6908 3583//6908
f 3594//6909 3570//6909 3562//6909
f 3594//6910 3562//6910 3553//6910
f 3594//6911 3553//6911 3584//6911
f 3595//6912 3563//6912 3585//6912
f 3596//6913 3564//6913 3555//6913
f 3596//6914 3555//6914 3586//6914
f 3597//6915 3565//6915 3556//6915
f 3597//6916 3556//6916 3587//6916
f 3598//6917 3566//6917 3557//6917
f 3598//6918 3557//6918 3588//6918
f 3599//6919 3575//6919 3567//6919
f 3599//6920 3567//6920 3590//6920
f 3600//6921 3568//6921 3592//6921
f 3601//6922 3569//6922 3593//6922
f 3602//6923 3570//6923 3594//6923
f 3603//6924 3571//6924 3563//6924
f 3603//6925 3563//6925 3595//6925
f 3604//6926 3572//6926 3564//6926
f 3604//6927 3564//6927 3596//6927
f 3605//6928 3565//6928 3597//6928
f 3605//6929 3573//6929 3565//6929
f 3606//6930 3574//6930 3566//6930
f 3606//6931 3566//6931 3598//6931
f 3607//6932 3575//6932 3599//6932
f 3607//6933 3583//6933 3575//6933
f 3608//6934 3568//6934 3600//6934
f 3608//6935 3584//6935 3576//6935
f 3608//6936 3576//6936 3568//6936
f 3609//6937 3569//6937 3601//6937
f 3609//6938 3577//6938 3569//6938
f 3610//6939 3570//6939 3602//6939
f 3610//6940 3578//6940 3570//6940
f 3610//6941 3586//6941 3578//6941
f 3611//6942 3579//6942 3571//6942
f 3611//6943 3571//6943 3603//6943
f 3612//6944 3572//6944 3604//6944
f 3612//6945 3580//6945 3572//6945
f 3613//6946 3581//6946 3573//6946
f 3613//6947 3573//6947 3605//6947
f 3614//6948 3574//6948 3606//6948
f 3614//6949 3582//6949 3574//6949
f 3615//6950 3593//6950 3583//6950
f 3615//6951 3583//6951 3607//6951
f 3616//6952 3584//6952 3608//6952
f 3617//6953 3577//6953 3609//6953
f 3617//6954 3585//6954 3577//6954
f 3617//6955 3595//6955 3585//6955
f 3618//6956 3586//6956 3610//6956
f 3619//6957 3597//6957 3587//6957
f 3619//6958 3579//6958 3611//6958
f 3619//6959 3587//6959 3579//6959
f 3620//6960 3589//6960 3621//6960
f 3620//6961 3621//6961 3622//6961
f 3620//6962 3622//6962 3623//6962
f 3620//6963 3588//6963 3589//6963
f 3624//6964 3590//6964 3580//6964
f 3624//6965 3580//6965 3612//6965
f 3625//6966 3591//6966 3581//6966
f 3625//6967 2518//6967 3591//6967
f 3625//6968 3581//6968 3613//6968
f 3626//6969 3582//6969 3614//6969
f 3626//6970 3592//6970 3582//6970
f 3627//6971 3593//6971 3615//6971
f 3628//6972 3584//6972 3616//6972
f 3628//6973 3594//6973 3584//6973
f 3629//6974 3595//6974 3617//6974
f 3630//6975 3596//6975 3586//6975
f 3630//6976 3586//6976 3618//6976
f 3631//6977 3597//6977 3619//6977
f 3632//6978 3620//6978 3623//6978
f 3632//6979 3588//6979 3620//6979
f 3632//6980 3598//6980 3588//6980
f 3632//6981 3623//6981 3633//6981
f 3634//6982 3599//6982 3590//6982
f 3634//6983 3590//6983 3624//6983
f 3635//6984 3592//6984 3626//6984
f 3635//6985 3600//6985 3592//6985
f 3636//6986 3593//6986 3627//6986
f 3636//6987 3601//6987 3593//6987
f 3637//6988 3602//6988 3594//6988
f 3637//6989 3594//6989 3628//6989
f 3638//6990 3595//6990 3629//6990
f 3638//6991 3603//6991 3595//6991
f 3639//6992 3604//6992 3596//6992
f 3639//6993 3596//6993 3630//6993
f 3640//6994 3605//6994 3597//6994
f 3640//6995 3597//6995 3631//6995
f 3640//6996 3613//6996 3605//6996
f 3641//6997 3598//6997 3632//6997
f 3641//6998 3632//6998 3633//6998
f 3641//6999 3606//6999 3598//6999
f 3641//7000 3633//7000 3642//7000
f 3643//7001 3607//7001 3599//7001
f 3643//7002 3599//7002 3634//7002
f 3644//7003 3600//7003 3635//7003
f 3644//7004 3608//7004 3600//7004
f 3645//7005 3601//7005 3636//7005
f 3645//7006 3617//7006 3609//7006
f 3645//7007 3609//7007 3601//7007
f 3646//7008 3602//7008 3637//7008
f 3646//7009 3610//7009 3602//7009
f 3647//7010 3603//7010 3638//7010
f 3647//7011 3619//7011 3611//7011
f 3647//7012 3611//7012 3603//7012
f 3648//7013 3604//7013 3639//7013
f 3648//7014 3612//7014 3604//7014
f 3649//7015 3613//7015 3640//7015
f 3649//7016 3625//7016 3613//7016
f 3650//7017 3606//7017 3641//7017
f 3650//7018 3614//7018 3606//7018
f 3650//7019 3641//7019 3642//7019
f 3650//7020 3642//7020 3651//7020
f 3652//7021 3615//7021 3607//7021
f 3652//7022 3607//7022 3643//7022
f 3653//7023 3616//7023 3608//7023
f 3653//7024 3608//7024 3644//7024
f 3654//7025 3617//7025 3645//7025
f 3654//7026 3629//7026 3617//7026
f 3655//7027 3610//7027 3646//7027
f 3655//7028 3618//7028 3610//7028
f 3655//7029 3630//7029 3618//7029
f 3656//7030 3631//7030 3619//7030
f 3656//7031 3619//7031 3647//7031
f 3657//7032 3612//7032 3648//7032
f 3657//7033 3624//7033 3612//7033
f 3658//7034 2519//7034 2518//7034
f 3658//7035 3625//7035 3649//7035
f 3658//7036 2518//7036 3625//7036
f 3659//7037 3626//7037 3614//7037
f 3659//7038 3650//7038 3651//7038
f 3659//7039 3614//7039 3650//7039
f 3659//7040 3651//7040 3660//7040
f 3661//7041 3615//7041 3652//7041
f 3661//7042 3627//7042 3615//7042
f 3662//7043 3616//7043 3653//7043
f 3662//7044 3628//7044 3616//7044
f 3663//7045 3629//7045 3654//7045
f 3664//7046 3630//7046 3655//7046
f 3665//7047 3631//7047 3656//7047
f 3666//7048 3624//7048 3657//7048
f 3666//7049 3634//7049 3624//7049
f 3667//7050 3635//7050 3626//7050
f 3667//7051 3626//7051 3659//7051
f 3667//7052 3660//7052 3668//7052
f 3667//7053 3659//7053 3660//7053
f 3669//7054 3636//7054 3627//7054
f 3669//7055 3627//7055 3661//7055
f 3670//7056 3637//7056 3628//7056
f 3670//7057 3628//7057 3662//7057
f 3671//7058 3638//7058 3629//7058
f 3671//7059 3629//7059 3663//7059
f 3672//7060 3639//7060 3630//7060
f 3672//7061 3630//7061 3664//7061
f 3673//7062 3640//7062 3631//7062
f 3673//7063 3631//7063 3665//7063
f 3674//7064 3643//7064 3634//7064
f 3674//7065 3634//7065 3666//7065
f 3674//7066 3652//7066 3643//7066
f 3675//7067 3644//7067 3635//7067
f 3675//7068 3667//7068 3668//7068
f 3675//7069 3668//7069 3676//7069
f 3675//7070 3635//7070 3667//7070
f 3677//7071 3636//7071 3669//7071
f 3677//7072 3645//7072 3636//7072
f 3678//7073 3637//7073 3670//7073
f 3678//7074 3646//7074 3637//7074
f 3679//7075 3638//7075 3671//7075
f 3679//7076 3647//7076 3638//7076
f 3680//7077 3657//7077 3648//7077
f 3680//7078 3648//7078 3639//7078
f 3680//7079 3639//7079 3672//7079
f 3681//7080 3640//7080 3673//7080
f 3681//7081 3649//7081 3640//7081
f 3682//7082 3652//7082 3674//7082
f 3683//7083 3644//7083 3675//7083
f 3683//7084 3675//7084 3676//7084
f 3683//7085 3653//7085 3644//7085
f 3683//7086 3676//7086 3684//7086
f 3685//7087 3645//7087 3677//7087
f 3685//7088 3654//7088 3645//7088
f 3686//7089 3646//7089 3678//7089
f 3686//7090 3655//7090 3646//7090
f 3687//7091 3665//7091 3656//7091
f 3687//7092 3647//7092 3679//7092
f 3687//7093 3656//7093 3647//7093
f 3688//7094 3657//7094 3680//7094
f 3689//7095 2520//7095 2519//7095
f 3689//7096 2521//7096 2520//7096
f 3689//7097 3649//7097 3681//7097
f 3689//7098 3658//7098 3649//7098
f 3689//7099 2519//7099 3658//7099
f 3690//7100 3652//7100 3682//7100
f 3690//7101 3661//7101 3652//7101
f 3691//7102 3683//7102 3684//7102
f 3691//7103 3653//7103 3683//7103
f 3691//7104 3662//7104 3653//7104
f 3691//7105 3684//7105 3692//7105
f 3691//7106 3692//7106 3693//7106
f 3691//7107 3670//7107 3662//7107
f 3694//7108 3663//7108 3654//7108
f 3694//7109 3654//7109 3685//7109
f 3695//7110 3664//7110 3655//7110
f 3695//7111 3655//7111 3686//7111
f 3696//7112 3665//7112 3687//7112
f 3697//7113 3657//7113 3688//7113
f 3697//7114 3674//7114 3666//7114
f 3697//7115 3666//7115 3657//7115
f 3698//7116 3669//7116 3661//7116
f 3698//7117 3661//7117 3690//7117
f 3699//7118 3670//7118 3691//7118
f 3699//7119 3691//7119 3693//7119
f 3700//7120 3663//7120 3694//7120
f 3700//7121 3671//7121 3663//7121
f 3701//7122 3672//7122 3664//7122
f 3701//7123 3664//7123 3695//7123
f 3702//7124 3673//7124 3665//7124
f 3702//7125 3681//7125 3673//7125
f 3702//7126 3665//7126 3696//7126
f 3703//7127 3674//7127 3697//7127
f 3704//7128 3669//7128 3698//7128
f 3704//7129 3677//7129 3669//7129
f 3705//7130 3670//7130 3699//7130
f 3705//7131 3678//7131 3670//7131
f 3705//7132 3699//7132 3693//7132
f 3705//7133 3693//7133 3706//7133
f 3707//7134 3679//7134 3671//7134
f 3707//7135 3687//7135 3679//7135
f 3707//7136 3671//7136 3700//7136
f 3708//7137 3680//7137 3672//7137
f 3708//7138 3672//7138 3701//7138
f 3709//7139 3681//7139 3702//7139
f 3710//7140 3674//7140 3703//7140
f 3710//7141 3682//7141 3674//7141
f 3711//7142 3685//7142 3677//7142
f 3711//7143 3677//7143 3704//7143
f 3712//7144 3686//7144 3678//7144
f 3712//7145 3678//7145 3705//7145
f 3712//7146 3705//7146 3706//7146
f 3712//7147 3706//7147 3713//7147
f 3712//7148 3713//7148 3714//7148
f 3715//7149 3687//7149 3707//7149
f 3716//7150 3688//7150 3680//7150
f 3716//7151 3680//7151 3708//7151
f 3717//7152 3681//7152 3709//7152
f 3717//7153 3689//7153 3681//7153
f 3717//7154 2521//7154 3689//7154
f 3718//7155 3690//7155 3682//7155
f 3718//7156 3682//7156 3710//7156
f 3719//7157 3685//7157 3711//7157
f 3719//7158 3694//7158 3685//7158
f 3720//7159 3712//7159 3714//7159
f 3720//7160 3695//7160 3686//7160
f 3720//7161 3686//7161 3712//7161
f 3721//7162 3687//7162 3715//7162
f 3721//7163 3696//7163 3687//7163
f 3722//7164 3697//7164 3688//7164
f 3722//7165 3688//7165 3716//7165
f 3723//7166 3704//7166 3698//7166
f 3723//7167 3690//7167 3718//7167
f 3723//7168 3698//7168 3690//7168
f 3724//7169 3694//7169 3719//7169
f 3724//7170 3700//7170 3694//7170
f 3725//7171 3720//7171 3714//7171
f 3725//7172 3695//7172 3720//7172
f 3725//7173 3701//7173 3695//7173
f 3725//7174 3714//7174 3726//7174
f 3725//7175 3726//7175 3727//7175
f 3728//7176 3696//7176 3721//7176
f 3728//7177 3702//7177 3696//7177
f 3729//7178 3697//7178 3722//7178
f 3729//7179 3703//7179 3697//7179
f 3730//7180 3704//7180 3723//7180
f 3731//7181 3707//7181 3700//7181
f 3731//7182 3700//7182 3724//7182
f 3732//7183 3701//7183 3725//7183
f 3732//7184 3708//7184 3701//7184
f 3732//7185 3725//7185 3727//7185
f 3733//7186 3717//7186 3709//7186
f 3733//7187 3702//7187 3728//7187
f 3733//7188 3709//7188 3702//7188
f 3734//7189 3703//7189 3729//7189
f 3734//7190 3710//7190 3703//7190
f 3735//7191 3704//7191 3730//7191
f 3735//7192 3711//7192 3704//7192
f 3735//7193 3719//7193 3711//7193
f 3736//7194 3707//7194 3731//7194
f 3736//7195 3715//7195 3707//7195
f 3737//7196 3732//7196 3727//7196
f 3737//7197 3727//7197 3738//7197
f 3737//7198 3738//7198 3739//7198
f 3737//7199 3708//7199 3732//7199
f 3737//7200 3716//7200 3708//7200
f 3740//7201 2522//7201 2521//7201
f 3740//7202 2521//7202 3717//7202
f 3740//7203 3717//7203 3733//7203
f 3741//7204 3718//7204 3710//7204
f 3741//7205 3710//7205 3734//7205
f 3742//7206 3719//7206 3735//7206
f 3743//7207 3721//7207 3715//7207
f 3743//7208 3715//7208 3736//7208
f 3744//7209 3722//7209 3716//7209
f 3744//7210 3737//7210 3739//7210
f 3744//7211 3716//7211 3737//7211
f 3745//7212 3723//7212 3718//7212
f 3745//7213 3718//7213 3741//7213
f 3746//7214 3719//7214 3742//7214
f 3746//7215 3724//7215 3719//7215
f 3746//7216 3731//7216 3724//7216
f 3747//7217 3721//7217 3743//7217
f 3747//7218 3728//7218 3721//7218
f 3748//7219 3729//7219 3722//7219
f 3748//7220 3722//7220 3744//7220
f 3748//7221 3734//7221 3729//7221
f 3748//7222 3744//7222 3739//7222
f 3748//7223 3739//7223 3749//7223
f 3748//7224 3749//7224 3750//7224
f 3751//7225 3730//7225 3723//7225
f 3751//7226 3723//7226 3745//7226
f 3752//7227 3736//7227 3731//7227
f 3752//7228 3731//7228 3746//7228
f 3753//7229 3728//7229 3747//7229
f 3753//7230 3733//7230 3728//7230
f 3754//7231 3748//7231 3750//7231
f 3754//7232 3750//7232 3755//7232
f 3754//7233 3734//7233 3748//7233
f 3756//7234 3730//7234 3751//7234
f 3756//7235 3735//7235 3730//7235
f 3757//7236 3736//7236 3752//7236
f 3757//7237 3743//7237 3736//7237
f 3758//7238 3733//7238 3753//7238
f 3758//7239 2523//7239 2522//7239
f 3758//7240 2522//7240 3740//7240
f 3758//7241 3740//7241 3733//7241
f 3759//7242 3741//7242 3734//7242
f 3759//7243 3754//7243 3755//7243
f 3759//7244 3734//7244 3754//7244
f 3760//7245 3742//7245 3735//7245
f 3760//7246 3735//7246 3756//7246
f 3761//7247 3743//7247 3757//7247
f 3762//7248 3759//7248 3755//7248
f 3762//7249 3741//7249 3759//7249
f 3762//7250 3745//7250 3741//7250
f 3762//7251 3755//7251 3763//7251
f 3762//7252 3763//7252 3764//7252
f 3765//7253 3742//7253 3760//7253
f 3765//7254 3746//7254 3742//7254
f 3766//7255 3753//7255 3747//7255
f 3766//7256 3743//7256 3761//7256
f 3766//7257 3747//7257 3743//7257
f 3767//7258 3756//7258 3751//7258
f 3767//7259 3751//7259 3745//7259
f 3767//7260 3745//7260 3762//7260
f 3767//7261 3762//7261 3764//7261
f 3767//7262 3764//7262 3768//7262
f 3769//7263 3746//7263 3765//7263
f 3769//7264 3752//7264 3746//7264
f 3770//7265 3758//7265 3753//7265
f 3770//7266 3753//7266 3766//7266
f 3771//7267 3756//7267 3767//7267
f 3771//7268 3767//7268 3768//7268
f 3771//7269 3768//7269 3772//7269
f 3773//7270 3757//7270 3752//7270
f 3773//7271 3752//7271 3769//7271
f 3774//7272 2524//7272 2523//7272
f 3774//7273 3758//7273 3770//7273
f 3774//7274 2523//7274 3758//7274
f 3775//7275 3760//7275 3756//7275
f 3775//7276 3756//7276 3771//7276
f 3775//7277 3771//7277 3772//7277
f 3776//7278 3761//7278 3757//7278
f 3776//7279 3757//7279 3773//7279
f 3777//7280 3775//7280 3772//7280
f 3777//7281 3760//7281 3775//7281
f 3777//7282 3769//7282 3765//7282
f 3777//7283 3772//7283 3778//7283
f 3777//7284 3778//7284 3779//7284
f 3777//7285 3765//7285 3760//7285
f 3780//7286 3761//7286 3776//7286
f 3780//7287 3770//7287 3766//7287
f 3780//7288 3766//7288 3761//7288
f 3781//7289 3769//7289 3777//7289
f 3781//7290 3777//7290 3779//7290
f 3781//7291 3779//7291 3782//7291
f 3783//7292 3774//7292 3770//7292
f 3783//7293 3770//7293 3780//7293
f 3784//7294 3773//7294 3769//7294
f 3784//7295 3769//7295 3781//7295
f 3784//7296 3781//7296 3782//7296
f 3784//7297 3782//7297 3785//7297
f 3786//7298 2525//7298 2524//7298
f 3786//7299 2526//7299 2525//7299
f 3786//7300 2524//7300 3774//7300
f 3786//7301 3774//7301 3783//7301
f 3787//7302 3776//7302 3773//7302
f 3787//7303 3773//7303 3784//7303
f 3787//7304 3784//7304 3785//7304
f 3788//7305 3780//7305 3776//7305
f 3788//7306 3776//7306 3787//7306
f 3788//7307 3785//7307 3789//7307
f 3788//7308 3787//7308 3785//7308
f 3790//7309 3780//7309 3788//7309
f 3790//7310 3783//7310 3780//7310
f 3790//7311 3789//7311 3791//7311
f 3790//7312 3788//7312 3789//7312
f 3792//7313 3790//7313 3791//7313
f 3792//7314 3783//7314 3790//7314
f 3792//7315 2737//7315 2526//7315
f 3792//7316 2526//7316 3786//7316
f 3792//7317 3786//7317 3783//7317
f 3792//7318 3791//7318 2737//7318
f 3793//7319 3794//7319 3795//7319
f 3793//7320 3795//7320 3796//7320
f 3797//7321 3798//7321 3794//7321
f 3797//7322 3794//7322 3793//7322
f 3799//7323 3800//7323 3798//7323
f 3799//7324 3798//7324 3797//7324
f 3801//7325 3802//7325 3800//7325
f 3801//7326 3800//7326 3799//7326
f 3803//7327 3796//7327 3804//7327
f 3803//7328 3793//7328 3796//7328
f 3805//7329 3806//7329 3802//7329
f 3805//7330 3802//7330 3801//7330
f 3807//7331 3799//7331 3797//7331
f 3807//7332 3793//7332 3803//7332
f 3807//7333 3797//7333 3793//7333
f 3808//7334 3809//7334 3806//7334
f 3808//7335 3806//7335 3805//7335
f 3810//7336 3799//7336 3807//7336
f 3811//7337 3809//7337 3808//7337
f 3811//7338 3812//7338 3809//7338
f 3813//7339 3801//7339 3799//7339
f 3813//7340 3799//7340 3810//7340
f 3814//7341 3815//7341 3812//7341
f 3814//7342 3812//7342 3811//7342
f 3816//7343 3804//7343 3817//7343
f 3816//7344 3803//7344 3804//7344
f 3818//7345 3805//7345 3801//7345
f 3818//7346 3801//7346 3813//7346
f 3818//7347 3808//7347 3805//7347
f 3819//7348 3820//7348 3815//7348
f 3819//7349 3815//7349 3814//7349
f 3821//7350 3803//7350 3816//7350
f 3821//7351 3807//7351 3803//7351
f 3822//7352 3808//7352 3818//7352
f 3823//7353 3824//7353 3820//7353
f 3823//7354 3820//7354 3819//7354
f 3825//7355 3810//7355 3807//7355
f 3825//7356 3807//7356 3821//7356
f 3826//7357 3808//7357 3822//7357
f 3826//7358 3811//7358 3808//7358
f 3827//7359 3824//7359 3823//7359
f 3827//7360 3828//7360 3824//7360
f 3829//7361 3813//7361 3810//7361
f 3829//7362 3810//7362 3825//7362
f 3829//7363 3818//7363 3813//7363
f 3830//7364 3811//7364 3826//7364
f 3830//7365 3819//7365 3814//7365
f 3830//7366 3814//7366 3811//7366
f 3831//7367 3832//7367 3828//7367
f 3831//7368 3828//7368 3827//7368
f 3833//7369 3817//7369 3834//7369
f 3833//7370 3816//7370 3817//7370
f 3835//7371 3818//7371 3829//7371
f 3836//7372 3819//7372 3830//7372
f 3837//7373 3838//7373 3832//7373
f 3837//7374 3832//7374 3831//7374
f 3839//7375 3816//7375 3833//7375
f 3839//7376 3821//7376 3816//7376
f 3840//7377 3822//7377 3818//7377
f 3840//7378 3818//7378 3835//7378
f 3841//7379 3823//7379 3819//7379
f 3841//7380 3819//7380 3836//7380
f 3842//7381 3843//7381 3838//7381
f 3842//7382 3838//7382 3837//7382
f 3844//7383 3821//7383 3839//7383
f 3844//7384 3825//7384 3821//7384
f 3845//7385 3822//7385 3840//7385
f 3845//7386 3826//7386 3822//7386
f 3846//7387 3823//7387 3841//7387
f 3846//7388 3827//7388 3823//7388
f 3847//7389 3848//7389 3843//7389
f 3847//7390 3843//7390 3842//7390
f 3849//7391 3825//7391 3844//7391
f 3849//7392 3829//7392 3825//7392
f 3850//7393 3830//7393 3826//7393
f 3850//7394 3826//7394 3845//7394
f 3851//7395 3827//7395 3846//7395
f 3851//7396 3831//7396 3827//7396
f 3852//7397 3833//7397 3834//7397
f 3852//7398 3834//7398 3853//7398
f 3854//7399 3855//7399 3848//7399
f 3854//7400 3848//7400 3847//7400
f 3856//7401 3829//7401 3849//7401
f 3856//7402 3835//7402 3829//7402
f 3857//7403 3830//7403 3850//7403
f 3857//7404 3836//7404 3830//7404
f 3858//7405 3831//7405 3851//7405
f 3858//7406 3837//7406 3831//7406
f 3859//7407 3833//7407 3852//7407
f 3859//7408 3839//7408 3833//7408
f 3860//7409 3861//7409 3855//7409
f 3860//7410 3855//7410 3854//7410
f 3862//7411 3835//7411 3856//7411
f 3862//7412 3840//7412 3835//7412
f 3863//7413 3836//7413 3857//7413
f 3863//7414 3841//7414 3836//7414
f 3864//7415 3837//7415 3858//7415
f 3864//7416 3842//7416 3837//7416
f 3865//7417 3839//7417 3859//7417
f 3865//7418 3844//7418 3839//7418
f 3866//7419 3867//7419 3861//7419
f 3866//7420 3861//7420 3860//7420
f 3868//7421 3850//7421 3845//7421
f 3868//7422 3845//7422 3840//7422
f 3868//7423 3840//7423 3862//7423
f 3869//7424 3846//7424 3841//7424
f 3869//7425 3841//7425 3863//7425
f 3870//7426 3847//7426 3842//7426
f 3870//7427 3842//7427 3864//7427
f 3871//7428 3849//7428 3844//7428
f 3871//7429 3844//7429 3865//7429
f 3872//7430 3873//7430 3867//7430
f 3872//7431 3867//7431 3866//7431
f 3874//7432 3850//7432 3868//7432
f 3875//7433 3851//7433 3846//7433
f 3875//7434 3846//7434 3869//7434
f 3876//7435 3852//7435 3853//7435
f 3876//7436 3853//7436 3877//7436
f 3878//7437 3847//7437 3870//7437
f 3878//7438 3854//7438 3847//7438
f 3879//7439 3856//7439 3849//7439
f 3879//7440 3849//7440 3871//7440
f 3880//7441 3881//7441 3873//7441
f 3880//7442 3873//7442 3872//7442
f 3882//7443 3850//7443 3874//7443
f 3882//7444 3857//7444 3850//7444
f 3883//7445 3858//7445 3851//7445
f 3883//7446 3851//7446 3875//7446
f 3884//7447 3859//7447 3852//7447
f 3884//7448 3852//7448 3876//7448
f 3885//7449 3866//7449 3860//7449
f 3885//7450 3854//7450 3878//7450
f 3885//7451 3860//7451 3854//7451
f 3886//7452 3868//7452 3862//7452
f 3886//7453 3856//7453 3879//7453
f 3886//7454 3862//7454 3856//7454
f 3887//7455 3888//7455 3881//7455
f 3887//7456 3881//7456 3880//7456
f 3889//7457 3869//7457 3863//7457
f 3889//7458 3863//7458 3857//7458
f 3889//7459 3857//7459 3882//7459
f 3890//7460 3864//7460 3858//7460
f 3890//7461 3858//7461 3883//7461
f 3891//7462 3859//7462 3884//7462
f 3891//7463 3871//7463 3865//7463
f 3891//7464 3865//7464 3859//7464
f 3892//7465 3866//7465 3885//7465
f 3893//7466 3868//7466 3886//7466
f 3894//7467 3895//7467 3888//7467
f 3894//7468 3888//7468 3887//7468
f 3896//7469 3869//7469 3889//7469
f 3896//7470 3875//7470 3869//7470
f 3897//7471 3864//7471 3890//7471
f 3897//7472 3870//7472 3864//7472
f 3898//7473 3871//7473 3891//7473
f 3899//7474 3872//7474 3866//7474
f 3899//7475 3866//7475 3892//7475
f 3900//7476 3882//7476 3874//7476
f 3900//7477 3868//7477 3893//7477
f 3900//7478 3874//7478 3868//7478
f 3901//7479 3895//7479 3894//7479
f 3901//7480 3902//7480 3895//7480
f 3903//7481 3875//7481 3896//7481
f 3904//7482 3876//7482 3877//7482
f 3904//7483 3884//7483 3876//7483
f 3904//7484 3877//7484 3905//7484
f 3906//7485 3878//7485 3870//7485
f 3906//7486 3870//7486 3897//7486
f 3907//7487 3879//7487 3871//7487
f 3907//7488 3871//7488 3898//7488
f 3908//7489 3872//7489 3899//7489
f 3908//7490 3880//7490 3872//7490
f 3909//7491 3882//7491 3900//7491
f 3910//7492 3911//7492 3902//7492
f 3910//7493 3902//7493 3901//7493
f 3912//7494 3875//7494 3903//7494
f 3912//7495 3883//7495 3875//7495
f 3912//7496 3890//7496 3883//7496
f 3913//7497 3884//7497 3904//7497
f 3914//7498 3878//7498 3906//7498
f 3914//7499 3885//7499 3878//7499
f 3915//7500 3886//7500 3879//7500
f 3915//7501 3879//7501 3907//7501
f 3916//7502 3887//7502 3880//7502
f 3916//7503 3880//7503 3908//7503
f 3917//7504 3889//7504 3882//7504
f 3917//7505 3882//7505 3909//7505
f 3918//7506 3919//7506 3911//7506
f 3918//7507 3911//7507 3910//7507
f 3920//7508 3890//7508 3912//7508
f 3921//7509 3891//7509 3884//7509
f 3921//7510 3898//7510 3891//7510
f 3921//7511 3884//7511 3913//7511
f 3922//7512 3885//7512 3914//7512
f 3922//7513 3892//7513 3885//7513
f 3923//7514 3893//7514 3886//7514
f 3923//7515 3886//7515 3915//7515
f 3924//7516 3894//7516 3887//7516
f 3924//7517 3887//7517 3916//7517
f 3924//7518 3901//7518 3894//7518
f 3925//7519 3896//7519 3889//7519
f 3925//7520 3889//7520 3917//7520
f 3925//7521 3903//7521 3896//7521
f 3926//7522 3919//7522 3918//7522
f 3926//7523 3927//7523 3919//7523
f 3928//7524 3897//7524 3890//7524
f 3928//7525 3890//7525 3920//7525
f 3928//7526 3906//7526 3897//7526
f 3929//7527 3898//7527 3921//7527
f 3930//7528 3892//7528 3922//7528
f 3930//7529 3899//7529 3892//7529
f 3931//7530 3893//7530 3923//7530
f 3931//7531 3900//7531 3893//7531
f 3932//7532 3901//7532 3924//7532
f 3933//7533 3903//7533 3925//7533
f 3933//7534 3912//7534 3903//7534
f 3934//7535 3935//7535 3927//7535
f 3934//7536 3927//7536 3926//7536
f 3936//7537 3904//7537 3905//7537
f 3936//7538 3905//7538 3937//7538
f 3938//7539 3906//7539 3928//7539
f 3939//7540 3898//7540 3929//7540
f 3939//7541 3907//7541 3898//7541
f 3940//7542 3908//7542 3899//7542
f 3940//7543 3899//7543 3930//7543
f 3941//7544 3900//7544 3931//7544
f 3941//7545 3909//7545 3900//7545
f 3942//7546 3901//7546 3932//7546
f 3942//7547 3910//7547 3901//7547
f 3943//7548 3912//7548 3933//7548
f 3944//7549 3935//7549 3934//7549
f 3944//7550 3945//7550 3935//7550
f 3946//7551 3913//7551 3904//7551
f 3946//7552 3904//7552 3936//7552
f 3947//7553 3914//7553 3906//7553
f 3947//7554 3906//7554 3938//7554
f 3947//7555 3922//7555 3914//7555
f 3948//7556 3923//7556 3915//7556
f 3948//7557 3915//7557 3907//7557
f 3948//7558 3907//7558 3939//7558
f 3949//7559 3908//7559 3940//7559
f 3949//7560 3916//7560 3908//7560
f 3950//7561 3917//7561 3909//7561
f 3950//7562 3909//7562 3941//7562
f 3951//7563 3918//7563 3910//7563
f 3951//7564 3910//7564 3942//7564
f 3952//7565 3928//7565 3920//7565
f 3952//7566 3920//7566 3912//7566
f 3952//7567 3912//7567 3943//7567
f 3953//7568 3954//7568 3945//7568
f 3953//7569 3945//7569 3944//7569
f 3955//7570 3913//7570 3946//7570
f 3955//7571 3921//7571 3913//7571
f 3956//7572 3922//7572 3947//7572
f 3957//7573 3923//7573 3948//7573
f 3958//7574 3924//7574 3916//7574
f 3958//7575 3932//7575 3924//7575
f 3958//7576 3916//7576 3949//7576
f 3959//7577 3917//7577 3950//7577
f 3959//7578 3925//7578 3917//7578
f 3960//7579 3926//7579 3918//7579
f 3960//7580 3918//7580 3951//7580
f 3960//7581 3934//7581 3926//7581
f 3961//7582 3928//7582 3952//7582
f 3962//7583 3963//7583 3954//7583
f 3962//7584 3954//7584 3953//7584
f 3964//7585 3929//7585 3921//7585
f 3964//7586 3921//7586 3955//7586
f 3965//7587 3922//7587 3956//7587
f 3965//7588 3930//7588 3922//7588
f 3966//7589 3931//7589 3923//7589
f 3966//7590 3923//7590 3957//7590
f 3967//7591 3932//7591 3958//7591
f 3968//7592 3925//7592 3959//7592
f 3968//7593 3933//7593 3925//7593
f 3969//7594 3934//7594 3960//7594
f 3970//7595 3937//7595 3971//7595
f 3970//7596 3936//7596 3937//7596
f 3972//7597 3928//7597 3961//7597
f 3972//7598 3938//7598 3928//7598
f 3973//7599 3963//7599 3962//7599
f 3973//7600 3974//7600 3963//7600
f 3973//7601 2617//7601 3974//7601
f 3973//7602 2618//7602 2617//7602
f 3975//7603 3948//7603 3939//7603
f 3975//7604 3929//7604 3964//7604
f 3975//7605 3939//7605 3929//7605
f 3976//7606 3930//7606 3965//7606
f 3976//7607 3940//7607 3930//7607
f 3977//7608 3931//7608 3966//7608
f 3977//7609 3941//7609 3931//7609
f 3978//7610 3942//7610 3932//7610
f 3978//7611 3932//7611 3967//7611
f 3979//7612 3933//7612 3968//7612
f 3979//7613 3943//7613 3933//7613
f 3980//7614 3934//7614 3969//7614
f 3980//7615 3944//7615 3934//7615
f 3981//7616 3946//7616 3936//7616
f 3981//7617 3936//7617 3970//7617
f 3982//7618 3947//7618 3938//7618
f 3982//7619 3938//7619 3972//7619
f 3983//7620 3948//7620 3975//7620
f 3983//7621 3957//7621 3948//7621
f 3984//7622 3958//7622 3949//7622
f 3984//7623 3949//7623 3940//7623
f 3984//7624 3940//7624 3976//7624
f 3985//7625 3959//7625 3950//7625
f 3985//7626 3950//7626 3941//7626
f 3985//7627 3941//7627 3977//7627
f 3986//7628 3942//7628 3978//7628
f 3986//7629 3951//7629 3942//7629
f 3987//7630 3952//7630 3943//7630
f 3987//7631 3943//7631 3979//7631
f 3988//7632 3962//7632 3953//7632
f 3988//7633 3944//7633 3980//7633
f 3988//7634 3953//7634 3944//7634
f 3989//7635 3955//7635 3946//7635
f 3989//7636 3964//7636 3955//7636
f 3989//7637 3946//7637 3981//7637
f 3990//7638 3956//7638 3947//7638
f 3990//7639 3965//7639 3956//7639
f 3990//7640 3947//7640 3982//7640
f 3991//7641 3957//7641 3983//7641
f 3992//7642 3958//7642 3984//7642
f 3993//7643 3959//7643 3985//7643
f 3994//7644 3960//7644 3951//7644
f 3994//7645 3951//7645 3986//7645
f 3995//7646 3961//7646 3952//7646
f 3995//7647 3952//7647 3987//7647
f 3996//7648 3962//7648 3988//7648
f 3996//7649 3973//7649 3962//7649
f 3997//7650 3964//7650 3989//7650
f 3998//7651 3965//7651 3990//7651
f 3999//7652 3966//7652 3957//7652
f 3999//7653 3957//7653 3991//7653
f 4000//7654 3978//7654 3967//7654
f 4000//7655 3967//7655 3958//7655
f 4000//7656 3958//7656 3992//7656
f 4001//7657 3968//7657 3959//7657
f 4001//7658 3959//7658 3993//7658
f 4001//7659 3979//7659 3968//7659
f 4002//7660 3969//7660 3960//7660
f 4002//7661 3960//7661 3994//7661
f 4003//7662 3971//7662 4004//7662
f 4003//7663 3970//7663 3971//7663
f 4005//7664 3972//7664 3961//7664
f 4005//7665 3961//7665 3995//7665
f 4006//7666 3973//7666 3996//7666
f 4006//7667 2618//7667 3973//7667
f 4006//7668 2619//7668 2618//7668
f 4006//7669 2620//7669 2619//7669
f 4007//7670 3975//7670 3964//7670
f 4007//7671 3964//7671 3997//7671
f 4008//7672 3976//7672 3965//7672
f 4008//7673 3965//7673 3998//7673
f 4008//7674 3984//7674 3976//7674
f 4009//7675 3966//7675 3999//7675
f 4009//7676 3977//7676 3966//7676
f 4010//7677 3986//7677 3978//7677
f 4010//7678 3978//7678 4000//7678
f 4011//7679 3979//7679 4001//7679
f 4012//7680 3969//7680 4002//7680
f 4012//7681 3980//7681 3969//7681
f 4013//7682 3970//7682 4003//7682
f 4013//7683 3981//7683 3970//7683
f 4014//7684 3990//7684 3982//7684
f 4014//7685 3972//7685 4005//7685
f 4014//7686 3982//7686 3972//7686
f 4015//7687 3983//7687 3975//7687
f 4015//7688 3975//7688 4007//7688
f 4016//7689 3984//7689 4008//7689
f 4017//7690 3985//7690 3977//7690
f 4017//7691 3977//7691 4009//7691
f 4018//7692 3986//7692 4010//7692
f 4019//7693 3995//7693 3987//7693
f 4019//7694 3979//7694 4011//7694
f 4019//7695 3987//7695 3979//7695
f 4020//7696 3980//7696 4012//7696
f 4020//7697 3988//7697 3980//7697
f 4021//7698 3981//7698 4013//7698
f 4021//7699 3989//7699 3981//7699
f 4022//7700 3990//7700 4014//7700
f 4023//7701 3983//7701 4015//7701
f 4023//7702 3991//7702 3983//7702
f 4024//7703 3992//7703 3984//7703
f 4024//7704 3984//7704 4016//7704
f 4025//7705 3993//7705 3985//7705
f 4025//7706 3985//7706 4017//7706
f 4026//7707 4002//7707 3994//7707
f 4026//7708 3994//7708 3986//7708
f 4026//7709 3986//7709 4018//7709
f 4027//7710 4005//7710 3995//7710
f 4027//7711 3995//7711 4019//7711
f 4028//7712 3996//7712 3988//7712
f 4028//7713 3988//7713 4020//7713
f 4029//7714 3997//7714 3989//7714
f 4029//7715 3989//7715 4021//7715
f 4030//7716 3998//7716 3990//7716
f 4030//7717 3990//7717 4022//7717
f 4031//7718 3991//7718 4023//7718
f 4031//7719 3999//7719 3991//7719
f 4031//7720 4009//7720 3999//7720
f 4032//7721 4000//7721 3992//7721
f 4032//7722 3992//7722 4024//7722
f 4033//7723 4001//7723 3993//7723
f 4033//7724 3993//7724 4025//7724
f 4034//7725 4002//7725 4026//7725
f 4035//7726 4004//7726 4036//7726
f 4035//7727 4003//7727 4004//7727
f 4037//7728 4005//7728 4027//7728
f 4038//7729 3996//7729 4028//7729
f 4038//7730 4006//7730 3996//7730
f 4038//7731 2620//7731 4006//7731
f 4039//7732 4007//7732 3997//7732
f 4039//7733 3997//7733 4029//7733
f 4040//7734 3998//7734 4030//7734
f 4040//7735 4008//7735 3998//7735
f 4041//7736 4009//7736 4031//7736
f 4042//7737 4010//7737 4000//7737
f 4042//7738 4000//7738 4032//7738
f 4043//7739 4001//7739 4033//7739
f 4043//7740 4011//7740 4001//7740
f 4044//7741 4012//7741 4002//7741
f 4044//7742 4002//7742 4034//7742
f 4045//7743 4003//7743 4035//7743
f 4045//7744 4013//7744 4003//7744
f 4046//7745 4005//7745 4037//7745
f 4046//7746 4022//7746 4014//7746
f 4046//7747 4014//7747 4005//7747
f 4047//7748 4007//7748 4039//7748
f 4047//7749 4015//7749 4007//7749
f 4048//7750 4008//7750 4040//7750
f 4048//7751 4016//7751 4008//7751
f 4049//7752 4025//7752 4017//7752
f 4049//7753 4009//7753 4041//7753
f 4049//7754 4017//7754 4009//7754
f 4050//7755 4010//7755 4042//7755
f 4050//7756 4018//7756 4010//7756
f 4051//7757 4011//7757 4043//7757
f 4051//7758 4019//7758 4011//7758
f 4052//7759 4020//7759 4012//7759
f 4052//7760 4012//7760 4044//7760
f 4053//7761 4013//7761 4045//7761
f 4053//7762 4021//7762 4013//7762
f 4054//7763 4022//7763 4046//7763
f 4054//7764 4030//7764 4022//7764
f 4055//7765 4023//7765 4015//7765
f 4055//7766 4015//7766 4047//7766
f 4056//7767 4024//7767 4016//7767
f 4056//7768 4016//7768 4048//7768
f 4057//7769 4025//7769 4049//7769
f 4057//7770 4033//7770 4025//7770
f 4058//7771 4026//7771 4018//7771
f 4058//7772 4018//7772 4050//7772
f 4059//7773 4019//7773 4051//7773
f 4059//7774 4027//7774 4019//7774
f 4060//7775 4028//7775 4020//7775
f 4060//7776 4020//7776 4052//7776
f 4061//7777 4029//7777 4021//7777
f 4061//7778 4021//7778 4053//7778
f 4062//7779 4030//7779 4054//7779
f 4063//7780 4031//7780 4023//7780
f 4063//7781 4023//7781 4055//7781
f 4064//7782 4032//7782 4024//7782
f 4064//7783 4024//7783 4056//7783
f 4065//7784 4033//7784 4057//7784
f 4066//7785 4034//7785 4026//7785
f 4066//7786 4026//7786 4058//7786
f 4067//7787 4036//7787 4068//7787
f 4067//7788 4035//7788 4036//7788
f 4069//7789 4027//7789 4059//7789
f 4069//7790 4037//7790 4027//7790
f 4070//7791 2622//7791 2621//7791
f 4070//7792 4028//7792 4060//7792
f 4070//7793 4038//7793 4028//7793
f 4070//7794 2620//7794 4038//7794
f 4070//7795 2621//7795 2620//7795
f 4071//7796 4039//7796 4029//7796
f 4071//7797 4029//7797 4061//7797
f 4072//7798 4030//7798 4062//7798
f 4072//7799 4040//7799 4030//7799
f 4072//7800 4048//7800 4040//7800
f 4073//7801 4031//7801 4063//7801
f 4073//7802 4041//7802 4031//7802
f 4074//7803 4042//7803 4032//7803
f 4074//7804 4032//7804 4064//7804
f 4075//7805 4033//7805 4065//7805
f 4075//7806 4043//7806 4033//7806
f 4076//7807 4034//7807 4066//7807
f 4076//7808 4044//7808 4034//7808
f 4077//7809 4035//7809 4067//7809
f 4077//7810 4045//7810 4035//7810
f 4077//7811 4053//7811 4045//7811
f 4078//7812 4037//7812 4069//7812
f 4078//7813 4046//7813 4037//7813
f 4079//7814 4039//7814 4071//7814
f 4079//7815 4047//7815 4039//7815
f 4079//7816 4055//7816 4047//7816
f 4080//7817 4048//7817 4072//7817
f 4081//7818 4041//7818 4073//7818
f 4081//7819 4049//7819 4041//7819
f 4082//7820 4042//7820 4074//7820
f 4082//7821 4050//7821 4042//7821
f 4083//7822 4043//7822 4075//7822
f 4083//7823 4051//7823 4043//7823
f 4084//7824 4060//7824 4052//7824
f 4084//7825 4044//7825 4076//7825
f 4084//7826 4052//7826 4044//7826
f 4085//7827 4053//7827 4077//7827
f 4086//7828 4054//7828 4046//7828
f 4086//7829 4046//7829 4078//7829
f 4087//7830 4063//7830 4055//7830
f 4087//7831 4055//7831 4079//7831
f 4088//7832 4048//7832 4080//7832
f 4088//7833 4056//7833 4048//7833
f 4089//7834 4057//7834 4049//7834
f 4089//7835 4049//7835 4081//7835
f 4090//7836 4058//7836 4050//7836
f 4090//7837 4050//7837 4082//7837
f 4091//7838 4059//7838 4051//7838
f 4091//7839 4051//7839 4083//7839
f 4092//7840 4060//7840 4084//7840
f 4093//7841 4061//7841 4053//7841
f 4093//7842 4053//7842 4085//7842
f 4094//7843 4062//7843 4054//7843
f 4094//7844 4072//7844 4062//7844
f 4094//7845 4054//7845 4086//7845
f 4095//7846 4063//7846 4087//7846
f 4096//7847 4056//7847 4088//7847
f 4096//7848 4064//7848 4056//7848
f 4097//7849 4065//7849 4057//7849
f 4097//7850 4057//7850 4089//7850
f 4098//7851 4058//7851 4090//7851
f 4098//7852 4066//7852 4058//7852
f 4099//7853 4068//7853 4100//7853
f 4099//7854 4067//7854 4068//7854
f 4099//7855 4077//7855 4067//7855
f 4101//7856 4069//7856 4059//7856
f 4101//7857 4059//7857 4091//7857
f 4101//7858 4078//7858 4069//7858
f 4102//7859 4060//7859 4092//7859
f 4102//7860 4070//7860 4060//7860
f 4102//7861 2622//7861 4070//7861
f 4103//7862 4071//7862 4061//7862
f 4103//7863 4061//7863 4093//7863
f 4104//7864 4072//7864 4094//7864
f 4105//7865 4073//7865 4063//7865
f 4105//7866 4063//7866 4095//7866
f 4106//7867 4074//7867 4064//7867
f 4106//7868 4064//7868 4096//7868
f 4106//7869 4082//7869 4074//7869
f 4107//7870 4065//7870 4097//7870
f 4107//7871 4075//7871 4065//7871
f 4108//7872 4066//7872 4098//7872
f 4108//7873 4076//7873 4066//7873
f 4109//7874 4077//7874 4099//7874
f 4110//7875 4078//7875 4101//7875
f 4111//7876 4079//7876 4071//7876
f 4111//7877 4071//7877 4103//7877
f 4112//7878 4072//7878 4104//7878
f 4112//7879 4080//7879 4072//7879
f 4113//7880 4089//7880 4081//7880
f 4113//7881 4081//7881 4073//7881
f 4113//7882 4073//7882 4105//7882
f 4114//7883 4082//7883 4106//7883
f 4115//7884 4075//7884 4107//7884
f 4115//7885 4083//7885 4075//7885
f 4116//7886 4076//7886 4108//7886
f 4116//7887 4084//7887 4076//7887
f 4117//7888 4077//7888 4109//7888
f 4117//7889 4085//7889 4077//7889
f 4118//7890 4078//7890 4110//7890
f 4118//7891 4094//7891 4086//7891
f 4118//7892 4086//7892 4078//7892
f 4119//7893 4095//7893 4087//7893
f 4119//7894 4079//7894 4111//7894
f 4119//7895 4087//7895 4079//7895
f 4120//7896 4096//7896 4088//7896
f 4120//7897 4080//7897 4112//7897
f 4120//7898 4088//7898 4080//7898
f 4121//7899 4089//7899 4113//7899
f 4122//7900 4082//7900 4114//7900
f 4122//7901 4090//7901 4082//7901
f 4123//7902 4083//7902 4115//7902
f 4123//7903 4091//7903 4083//7903
f 4124//7904 4092//7904 4084//7904
f 4124//7905 4084//7905 4116//7905
f 4125//7906 4093//7906 4085//7906
f 4125//7907 4085//7907 4117//7907
f 4126//7908 4094//7908 4118//7908
f 4127//7909 4095//7909 4119//7909
f 4128//7910 4096//7910 4120//7910
f 4129//7911 4107//7911 4097//7911
f 4129//7912 4097//7912 4089//7912
f 4129//7913 4089//7913 4121//7913
f 4130//7914 4098//7914 4090//7914
f 4130//7915 4090//7915 4122//7915
f 4131//7916 4099//7916 4100//7916
f 4131//7917 4100//7917 4132//7917
f 4133//7918 4101//7918 4091//7918
f 4133//7919 4091//7919 4123//7919
f 4134//7920 2623//7920 2622//7920
f 4134//7921 4092//7921 4124//7921
f 4134//7922 4102//7922 4092//7922
f 4134//7923 2622//7923 4102//7923
f 4135//7924 4103//7924 4093//7924
f 4135//7925 4093//7925 4125//7925
f 4136//7926 4094//7926 4126//7926
f 4136//7927 4112//7927 4104//7927
f 4136//7928 4104//7928 4094//7928
f 4137//7929 4095//7929 4127//7929
f 4137//7930 4105//7930 4095//7930
f 4138//7931 4096//7931 4128//7931
f 4138//7932 4106//7932 4096//7932
f 4139//7933 4107//7933 4129//7933
f 4140//7934 4108//7934 4098//7934
f 4140//7935 4098//7935 4130//7935
f 4141//7936 4099//7936 4131//7936
f 4141//7937 4109//7937 4099//7937
f 4141//7938 4117//7938 4109//7938
f 4142//7939 4110//7939 4101//7939
f 4142//7940 4101//7940 4133//7940
f 4143//7941 4103//7941 4135//7941
f 4143//7942 4111//7942 4103//7942
f 4144//7943 4112//7943 4136//7943
f 4145//7944 4105//7944 4137//7944
f 4145//7945 4113//7945 4105//7945
f 4146//7946 4106//7946 4138//7946
f 4146//7947 4114//7947 4106//7947
f 4147//7948 4107//7948 4139//7948
f 4147//7949 4115//7949 4107//7949
f 4148//7950 4108//7950 4140//7950
f 4148//7951 4116//7951 4108//7951
f 4149//7952 4117//7952 4141//7952
f 4150//7953 4118//7953 4110//7953
f 4150//7954 4110//7954 4142//7954
f 4151//7955 4111//7955 4143//7955
f 4151//7956 4119//7956 4111//7956
f 4152//7957 4128//7957 4120//7957
f 4152//7958 4112//7958 4144//7958
f 4152//7959 4120//7959 4112//7959
f 4153//7960 4129//7960 4121//7960
f 4153//7961 4113//7961 4145//7961
f 4153//7962 4121//7962 4113//7962
f 4154//7963 4114//7963 4146//7963
f 4154//7964 4122//7964 4114//7964
f 4155//7965 4123//7965 4115//7965
f 4155//7966 4115//7966 4147//7966
f 4156//7967 4124//7967 4116//7967
f 4156//7968 4116//7968 4148//7968
f 4157//7969 4135//7969 4125//7969
f 4157//7970 4125//7970 4117//7970
f 4157//7971 4117//7971 4149//7971
f 4158//7972 4118//7972 4150//7972
f 4158//7973 4126//7973 4118//7973
f 4159//7974 4119//7974 4151//7974
f 4159//7975 4127//7975 4119//7975
f 4160//7976 4128//7976 4152//7976
f 4161//7977 4129//7977 4153//7977
f 4162//7978 4122//7978 4154//7978
f 4162//7979 4130//7979 4122//7979
f 4162//7980 4140//7980 4130//7980
f 4163//7981 4131//7981 4132//7981
f 4163//7982 4132//7982 4164//7982
f 4163//7983 4141//7983 4131//7983
f 4165//7984 4123//7984 4155//7984
f 4165//7985 4133//7985 4123//7985
f 4166//7986 2623//7986 4134//7986
f 4166//7987 2624//7987 2623//7987
f 4166//7988 4134//7988 4124//7988
f 4166//7989 4124//7989 4156//7989
f 4167//7990 4135//7990 4157//7990
f 4168//7991 4136//7991 4126//7991
f 4168//7992 4126//7992 4158//7992
f 4169//7993 4137//7993 4127//7993
f 4169//7994 4127//7994 4159//7994
f 4170//7995 4138//7995 4128//7995
f 4170//7996 4146//7996 4138//7996
f 4170//7997 4128//7997 4160//7997
f 4171//7998 4147//7998 4139//7998
f 4171//7999 4129//7999 4161//7999
f 4171//8000 4139//8000 4129//8000
f 4172//8001 4140//8001 4162//8001
f 4173//8002 4141//8002 4163//8002
f 4174//8003 4133//8003 4165//8003
f 4174//8004 4142//8004 4133//8004
f 4174//8005 4150//8005 4142//8005
f 4175//8006 4135//8006 4167//8006
f 4175//8007 4151//8007 4143//8007
f 4175//8008 4143//8008 4135//8008
f 4176//8009 4144//8009 4136//8009
f 4176//8010 4136//8010 4168//8010
f 4177//8011 4145//8011 4137//8011
f 4177//8012 4137//8012 4169//8012
f 4178//8013 4146//8013 4170//8013
f 4179//8014 4147//8014 4171//8014
f 4180//8015 4140//8015 4172//8015
f 4180//8016 4148//8016 4140//8016
f 4181//8017 4141//8017 4173//8017
f 4181//8018 4149//8018 4141//8018
f 4182//8019 4158//8019 4150//8019
f 4182//8020 4150//8020 4174//8020
f 4183//8021 4151//8021 4175//8021
f 4184//8022 4144//8022 4176//8022
f 4184//8023 4152//8023 4144//8023
f 4184//8024 4160//8024 4152//8024
f 4185//8025 4153//8025 4145//8025
f 4185//8026 4145//8026 4177//8026
f 4186//8027 4154//8027 4146//8027
f 4186//8028 4146//8028 4178//8028
f 4187//8029 4147//8029 4179//8029
f 4187//8030 4155//8030 4147//8030
f 4188//8031 4166//8031 4156//8031
f 4188//8032 4148//8032 4180//8032
f 4188//8033 4156//8033 4148//8033
f 4189//8034 4149//8034 4181//8034
f 4189//8035 4167//8035 4157//8035
f 4189//8036 4157//8036 4149//8036
f 4190//8037 4158//8037 4182//8037
f 4191//8038 4159//8038 4151//8038
f 4191//8039 4169//8039 4159//8039
f 4191//8040 4151//8040 4183//8040
f 4192//8041 4160//8041 4184//8041
f 4193//8042 4161//8042 4153//8042
f 4193//8043 4153//8043 4185//8043
f 4194//8044 4154//8044 4186//8044
f 4194//8045 4162//8045 4154//8045
f 4195//8046 4164//8046 4196//8046
f 4195//8047 4163//8047 4164//8047
f 4197//8048 4174//8048 4165//8048
f 4197//8049 4155//8049 4187//8049
f 4197//8050 4165//8050 4155//8050
f 4198//8051 2625//8051 2624//8051
f 4198//8052 2624//8052 4166//8052
f 4198//8053 4166//8053 4188//8053
f 4199//8054 4167//8054 4189//8054
f 4200//8055 4158//8055 4190//8055
f 4200//8056 4168//8056 4158//8056
f 4201//8057 4169//8057 4191//8057
f 4202//8058 4178//8058 4170//8058
f 4202//8059 4170//8059 4160//8059
f 4202//8060 4160//8060 4192//8060
f 4203//8061 4161//8061 4193//8061
f 4203//8062 4171//8062 4161//8062
f 4204//8063 4162//8063 4194//8063
f 4204//8064 4172//8064 4162//8064
f 4204//8065 4180//8065 4172//8065
f 4205//8066 4163//8066 4195//8066
f 4205//8067 4173//8067 4163//8067
f 4206//8068 4182//8068 4174//8068
f 4206//8069 4174//8069 4197//8069
f 4207//8070 4175//8070 4167//8070
f 4207//8071 4167//8071 4199//8071
f 4207//8072 4183//8072 4175//8072
f 4208//8073 4168//8073 4200//8073
f 4208//8074 4176//8074 4168//8074
f 4209//8075 4169//8075 4201//8075
f 4209//8076 4177//8076 4169//8076
f 4209//8077 4185//8077 4177//8077
f 4210//8078 4178//8078 4202//8078
f 4211//8079 4171//8079 4203//8079
f 4211//8080 4179//8080 4171//8080
f 4212//8081 4180//8081 4204//8081
f 4213//8082 4181//8082 4173//8082
f 4213//8083 4173//8083 4205//8083
f 4214//8084 4182//8084 4206//8084
f 4214//8085 4190//8085 4182//8085
f 4215//8086 4183//8086 4207//8086
f 4216//8087 4184//8087 4176//8087
f 4216//8088 4176//8088 4208//8088
f 4217//8089 4193//8089 4185//8089
f 4217//8090 4185//8090 4209//8090
f 4218//8091 4186//8091 4178//8091
f 4218//8092 4178//8092 4210//8092
f 4218//8093 4194//8093 4186//8093
f 4219//8094 4179//8094 4211//8094
f 4219//8095 4187//8095 4179//8095
f 4220//8096 4180//8096 4212//8096
f 4220//8097 4188//8097 4180//8097
f 4221//8098 4181//8098 4213//8098
f 4221//8099 4189//8099 4181//8099
f 4222//8100 4190//8100 4214//8100
f 4223//8101 4201//8101 4191//8101
f 4223//8102 4183//8102 4215//8102
f 4223//8103 4191//8103 4183//8103
f 4224//8104 4184//8104 4216//8104
f 4224//8105 4192//8105 4184//8105
f 4225//8106 4193//8106 4217//8106
f 4226//8107 4204//8107 4194//8107
f 4226//8108 4194//8108 4218//8108
f 4227//8109 4196//8109 4228//8109
f 4227//8110 4195//8110 4196//8110
f 4229//8111 4187//8111 4219//8111
f 4229//8112 4197//8112 4187//8112
f 4230//8113 2626//8113 2625//8113
f 4230//8114 4198//8114 4188//8114
f 4230//8115 2625//8115 4198//8115
f 4230//8116 4188//8116 4220//8116
f 4231//8117 4199//8117 4189//8117
f 4231//8118 4189//8118 4221//8118
f 4232//8119 4200//8119 4190//8119
f 4232//8120 4190//8120 4222//8120
f 4233//8121 4201//8121 4223//8121
f 4234//8122 4202//8122 4192//8122
f 4234//8123 4192//8123 4224//8123
f 4235//8124 4203//8124 4193//8124
f 4235//8125 4193//8125 4225//8125
f 4236//8126 4204//8126 4226//8126
f 4237//8127 4195//8127 4227//8127
f 4237//8128 4205//8128 4195//8128
f 4237//8129 4213//8129 4205//8129
f 4238//8130 4206//8130 4197//8130
f 4238//8131 4197//8131 4229//8131
f 4239//8132 4199//8132 4231//8132
f 4239//8133 4207//8133 4199//8133
f 4240//8134 4200//8134 4232//8134
f 4240//8135 4216//8135 4208//8135
f 4240//8136 4208//8136 4200//8136
f 4241//8137 4209//8137 4201//8137
f 4241//8138 4201//8138 4233//8138
f 4241//8139 4217//8139 4209//8139
f 4242//8140 4210//8140 4202//8140
f 4242//8141 4202//8141 4234//8141
f 4243//8142 4203//8142 4235//8142
f 4243//8143 4211//8143 4203//8143
f 4244//8144 4204//8144 4236//8144
f 4244//8145 4212//8145 4204//8145
f 4245//8146 4213//8146 4237//8146
f 4246//8147 4206//8147 4238//8147
f 4246//8148 4214//8148 4206//8148
f 4247//8149 4215//8149 4207//8149
f 4247//8150 4207//8150 4239//8150
f 4248//8151 4216//8151 4240//8151
f 4249//8152 4217//8152 4241//8152
f 4250//8153 4210//8153 4242//8153
f 4250//8154 4218//8154 4210//8154
f 4251//8155 4229//8155 4219//8155
f 4251//8156 4211//8156 4243//8156
f 4251//8157 4219//8157 4211//8157
f 4252//8158 4212//8158 4244//8158
f 4252//8159 4220//8159 4212//8159
f 4252//8160 4230//8160 4220//8160
f 4253//8161 4221//8161 4213//8161
f 4253//8162 4213//8162 4245//8162
f 4254//8163 4214//8163 4246//8163
f 4254//8164 4222//8164 4214//8164
f 4255//8165 4223//8165 4215//8165
f 4255//8166 4215//8166 4247//8166
f 4256//8167 4234//8167 4224//8167
f 4256//8168 4224//8168 4216//8168
f 4256//8169 4216//8169 4248//8169
f 4257//8170 4217//8170 4249//8170
f 4257//8171 4225//8171 4217//8171
f 4258//8172 4218//8172 4250//8172
f 4258//8173 4226//8173 4218//8173
f 4259//8174 4228//8174 4260//8174
f 4259//8175 4237//8175 4227//8175
f 4259//8176 4227//8176 4228//8176
f 4261//8177 4229//8177 4251//8177
f 4261//8178 4238//8178 4229//8178
f 4262//8179 2627//8179 2626//8179
f 4262//8180 2626//8180 4230//8180
f 4262//8181 4230//8181 4252//8181
f 4263//8182 4221//8182 4253//8182
f 4263//8183 4231//8183 4221//8183
f 4264//8184 4240//8184 4232//8184
f 4264//8185 4232//8185 4222//8185
f 4264//8186 4222//8186 4254//8186
f 4265//8187 4233//8187 4223//8187
f 4265//8188 4223//8188 4255//8188
f 4266//8189 4234//8189 4256//8189
f 4267//8190 4243//8190 4235//8190
f 4267//8191 4235//8191 4225//8191
f 4267//8192 4225//8192 4257//8192
f 4268//8193 4236//8193 4226//8193
f 4268//8194 4226//8194 4258//8194
f 4269//8195 4237//8195 4259//8195
f 4270//8196 4246//8196 4238//8196
f 4270//8197 4238//8197 4261//8197
f 4271//8198 4231//8198 4263//8198
f 4271//8199 4247//8199 4239//8199
f 4271//8200 4239//8200 4231//8200
f 4272//8201 4240//8201 4264//8201
f 4273//8202 4241//8202 4233//8202
f 4273//8203 4233//8203 4265//8203
f 4274//8204 4234//8204 4266//8204
f 4274//8205 4242//8205 4234//8205
f 4275//8206 4243//8206 4267//8206
f 4276//8207 4236//8207 4268//8207
f 4276//8208 4244//8208 4236//8208
f 4277//8209 4237//8209 4269//8209
f 4277//8210 4245//8210 4237//8210
f 4278//8211 4246//8211 4270//8211
f 4279//8212 4247//8212 4271//8212
f 4279//8213 4255//8213 4247//8213
f 4280//8214 4248//8214 4240//8214
f 4280//8215 4240//8215 4272//8215
f 4281//8216 4249//8216 4241//8216
f 4281//8217 4241//8217 4273//8217
f 4282//8218 4242//8218 4274//8218
f 4282//8219 4250//8219 4242//8219
f 4283//8220 4243//8220 4275//8220
f 4283//8221 4251//8221 4243//8221
f 4284//8222 4244//8222 4276//8222
f 4284//8223 4252//8223 4244//8223
f 4285//8224 4245//8224 4277//8224
f 4285//8225 4253//8225 4245//8225
f 4285//8226 4263//8226 4253//8226
f 4286//8227 4264//8227 4254//8227
f 4286//8228 4254//8228 4246//8228
f 4286//8229 4246//8229 4278//8229
f 4287//8230 4255//8230 4279//8230
f 4288//8231 4248//8231 4280//8231
f 4288//8232 4256//8232 4248//8232
f 4289//8233 4249//8233 4281//8233
f 4289//8234 4257//8234 4249//8234
f 4290//8235 4250//8235 4282//8235
f 4290//8236 4268//8236 4258//8236
f 4290//8237 4258//8237 4250//8237
f 4291//8238 4259//8238 4260//8238
f 4291//8239 4260//8239 4292//8239
f 4293//8240 4270//8240 4261//8240
f 4293//8241 4251//8241 4283//8241
f 4293//8242 4261//8242 4251//8242
f 4294//8243 2628//8243 2627//8243
f 4294//8244 2627//8244 4262//8244
f 4294//8245 4252//8245 4284//8245
f 4294//8246 4262//8246 4252//8246
f 4295//8247 4263//8247 4285//8247
f 4296//8248 4264//8248 4286//8248
f 4297//8249 4265//8249 4255//8249
f 4297//8250 4255//8250 4287//8250
f 4298//8251 4256//8251 4288//8251
f 4298//8252 4274//8252 4266//8252
f 4298//8253 4266//8253 4256//8253
f 4299//8254 4257//8254 4289//8254
f 4299//8255 4267//8255 4257//8255
f 4300//8256 4276//8256 4268//8256
f 4300//8257 4268//8257 4290//8257
f 4301//8258 4269//8258 4259//8258
f 4301//8259 4259//8259 4291//8259
f 4302//8260 4270//8260 4293//8260
f 4303//8261 4271//8261 4263//8261
f 4303//8262 4263//8262 4295//8262
f 4304//8263 4264//8263 4296//8263
f 4304//8264 4272//8264 4264//8264
f 4305//8265 4281//8265 4273//8265
f 4305//8266 4265//8266 4297//8266
f 4305//8267 4273//8267 4265//8267
f 4306//8268 4274//8268 4298//8268
f 4307//8269 4267//8269 4299//8269
f 4307//8270 4275//8270 4267//8270
f 4308//8271 4276//8271 4300//8271
f 4309//8272 4277//8272 4269//8272
f 4309//8273 4269//8273 4301//8273
f 4310//8274 4270//8274 4302//8274
f 4310//8275 4278//8275 4270//8275
f 4311//8276 4279//8276 4271//8276
f 4311//8277 4271//8277 4303//8277
f 4312//8278 4280//8278 4272//8278
f 4312//8279 4288//8279 4280//8279
f 4312//8280 4272//8280 4304//8280
f 4313//8281 4281//8281 4305//8281
f 4314//8282 4274//8282 4306//8282
f 4314//8283 4282//8283 4274//8283
f 4315//8284 4275//8284 4307//8284
f 4315//8285 4283//8285 4275//8285
f 4316//8286 4276//8286 4308//8286
f 4316//8287 4284//8287 4276//8287
f 4317//8288 4285//8288 4277//8288
f 4317//8289 4277//8289 4309//8289
f 4317//8290 4295//8290 4285//8290
f 4318//8291 4278//8291 4310//8291
f 4318//8292 4286//8292 4278//8292
f 4319//8293 4279//8293 4311//8293
f 4319//8294 4287//8294 4279//8294
f 4319//8295 4297//8295 4287//8295
f 4320//8296 4298//8296 4288//8296
f 4320//8297 4288//8297 4312//8297
f 4321//8298 4281//8298 4313//8298
f 4321//8299 4289//8299 4281//8299
f 4322//8300 4290//8300 4282//8300
f 4322//8301 4282//8301 4314//8301
f 4323//8302 4292//8302 4324//8302
f 4323//8303 4291//8303 4292//8303
f 4325//8304 4283//8304 4315//8304
f 4325//8305 4293//8305 4283//8305
f 4326//8306 2629//8306 2628//8306
f 4326//8307 4284//8307 4316//8307
f 4326//8308 2628//8308 4294//8308
f 4326//8309 4294//8309 4284//8309
f 4327//8310 4295//8310 4317//8310
f 4328//8311 4296//8311 4286//8311
f 4328//8312 4286//8312 4318//8312
f 4329//8313 4297//8313 4319//8313
f 4330//8314 4298//8314 4320//8314
f 4331//8315 4289//8315 4321//8315
f 4331//8316 4299//8316 4289//8316
f 4331//8317 4307//8317 4299//8317
f 4332//8318 4300//8318 4290//8318
f 4332//8319 4290//8319 4322//8319
f 4332//8320 4308//8320 4300//8320
f 4333//8321 4301//8321 4291//8321
f 4333//8322 4291//8322 4323//8322
f 4334//8323 4302//8323 4293//8323
f 4334//8324 4293//8324 4325//8324
f 4335//8325 4295//8325 4327//8325
f 4335//8326 4303//8326 4295//8326
f 4336//8327 4296//8327 4328//8327
f 4336//8328 4304//8328 4296//8328
f 4336//8329 4312//8329 4304//8329
f 4337//8330 4313//8330 4305//8330
f 4337//8331 4305//8331 4297//8331
f 4337//8332 4297//8332 4329//8332
f 4338//8333 4314//8333 4306//8333
f 4338//8334 4306//8334 4298//8334
f 4338//8335 4298//8335 4330//8335
f 4339//8336 4315//8336 4307//8336
f 4339//8337 4307//8337 4331//8337
f 4340//8338 4308//8338 4332//8338
f 4341//8339 4309//8339 4301//8339
f 4341//8340 4301//8340 4333//8340
f 4342//8341 4310//8341 4302//8341
f 4342//8342 4302//8342 4334//8342
f 4343//8343 4303//8343 4335//8343
f 4343//8344 4311//8344 4303//8344
f 4344//8345 4312//8345 4336//8345
f 4345//8346 4313//8346 4337//8346
f 4346//8347 4314//8347 4338//8347
f 4347//8348 4315//8348 4339//8348
f 4348//8349 4308//8349 4340//8349
f 4348//8350 4316//8350 4308//8350
f 4349//8351 4317//8351 4309//8351
f 4349//8352 4309//8352 4341//8352
f 4350//8353 4318//8353 4310//8353
f 4350//8354 4310//8354 4342//8354
f 4351//8355 4311//8355 4343//8355
f 4351//8356 4319//8356 4311//8356
f 4351//8357 4329//8357 4319//8357
f 4352//8358 4312//8358 4344//8358
f 4352//8359 4330//8359 4320//8359
f 4352//8360 4320//8360 4312//8360
f 4353//8361 4313//8361 4345//8361
f 4353//8362 4321//8362 4313//8362
f 4354//8363 4314//8363 4346//8363
f 4354//8364 4322//8364 4314//8364
f 4355//8365 4324//8365 4356//8365
f 4355//8366 4323//8366 4324//8366
f 4357//8367 4315//8367 4347//8367
f 4357//8368 4325//8368 4315//8368
f 4358//8369 2630//8369 2629//8369
f 4358//8370 2631//8370 2630//8370
f 4358//8371 4316//8371 4348//8371
f 4358//8372 2629//8372 4326//8372
f 4358//8373 4326//8373 4316//8373
f 4359//8374 4317//8374 4349//8374
f 4359//8375 4327//8375 4317//8375
f 4360//8376 4318//8376 4350//8376
f 4360//8377 4328//8377 4318//8377
f 4361//8378 4329//8378 4351//8378
f 4362//8379 4330//8379 4352//8379
f 4363//8380 4331//8380 4321//8380
f 4363//8381 4321//8381 4353//8381
f 4364//8382 4340//8382 4332//8382
f 4364//8383 4322//8383 4354//8383
f 4364//8384 4332//8384 4322//8384
f 4365//8385 4333//8385 4323//8385
f 4365//8386 4323//8386 4355//8386
f 4366//8387 4342//8387 4334//8387
f 4366//8388 4325//8388 4357//8388
f 4366//8389 4334//8389 4325//8389
f 4367//8390 4327//8390 4359//8390
f 4367//8391 4335//8391 4327//8391
f 4368//8392 4336//8392 4328//8392
f 4368//8393 4328//8393 4360//8393
f 4369//8394 4329//8394 4361//8394
f 4369//8395 4337//8395 4329//8395
f 4370//8396 4338//8396 4330//8396
f 4370//8397 4346//8397 4338//8397
f 4370//8398 4330//8398 4362//8398
f 4371//8399 4339//8399 4331//8399
f 4371//8400 4331//8400 4363//8400
f 4372//8401 4340//8401 4364//8401
f 4373//8402 4341//8402 4333//8402
f 4373//8403 4333//8403 4365//8403
f 4374//8404 4342//8404 4366//8404
f 4375//8405 4343//8405 4335//8405
f 4375//8406 4335//8406 4367//8406
f 4376//8407 4336//8407 4368//8407
f 4376//8408 4344//8408 4336//8408
f 4377//8409 4337//8409 4369//8409
f 4377//8410 4345//8410 4337//8410
f 4378//8411 4346//8411 4370//8411
f 4378//8412 4354//8412 4346//8412
f 4379//8413 4339//8413 4371//8413
f 4379//8414 4347//8414 4339//8414
f 4380//8415 4340//8415 4372//8415
f 4380//8416 4348//8416 4340//8416
f 4380//8417 4358//8417 4348//8417
f 4381//8418 4359//8418 4349//8418
f 4381//8419 4349//8419 4341//8419
f 4381//8420 4341//8420 4373//8420
f 4382//8421 4342//8421 4374//8421
f 4382//8422 4350//8422 4342//8422
f 4382//8423 4360//8423 4350//8423
f 4383//8424 4351//8424 4343//8424
f 4383//8425 4343//8425 4375//8425
f 4384//8426 4352//8426 4344//8426
f 4384//8427 4344//8427 4376//8427
f 4385//8428 4345//8428 4377//8428
f 4385//8429 4353//8429 4345//8429
f 4386//8430 4354//8430 4378//8430
f 4386//8431 4364//8431 4354//8431
f 4387//8432 4356//8432 4388//8432
f 4387//8433 4355//8433 4356//8433
f 4389//8434 4347//8434 4379//8434
f 4389//8435 4357//8435 4347//8435
f 4390//8436 4358//8436 4380//8436
f 4390//8437 2631//8437 4358//8437
f 4391//8438 4359//8438 4381//8438
f 4392//8439 4360//8439 4382//8439
f 4393//8440 4351//8440 4383//8440
f 4393//8441 4361//8441 4351//8441
f 4394//8442 4352//8442 4384//8442
f 4394//8443 4362//8443 4352//8443
f 4395//8444 4353//8444 4385//8444
f 4395//8445 4363//8445 4353//8445
f 4396//8446 4364//8446 4386//8446
f 4397//8447 4373//8447 4365//8447
f 4397//8448 4355//8448 4387//8448
f 4397//8449 4365//8449 4355//8449
f 4398//8450 4357//8450 4389//8450
f 4398//8451 4366//8451 4357//8451
f 4399//8452 4367//8452 4359//8452
f 4399//8453 4359//8453 4391//8453
f 4400//8454 4368//8454 4360//8454
f 4400//8455 4360//8455 4392//8455
f 4400//8456 4376//8456 4368//8456
f 4401//8457 4369//8457 4361//8457
f 4401//8458 4361//8458 4393//8458
f 4402//8459 4362//8459 4394//8459
f 4402//8460 4370//8460 4362//8460
f 4403//8461 4371//8461 4363//8461
f 4403//8462 4363//8462 4395//8462
f 4404//8463 4364//8463 4396//8463
f 4404//8464 4372//8464 4364//8464
f 4404//8465 4380//8465 4372//8465
f 4405//8466 4373//8466 4397//8466
f 4406//8467 4366//8467 4398//8467
f 4406//8468 4374//8468 4366//8468
f 4407//8469 4367//8469 4399//8469
f 4407//8470 4383//8470 4375//8470
f 4407//8471 4375//8471 4367//8471
f 4408//8472 4376//8472 4400//8472
f 4409//8473 4369//8473 4401//8473
f 4409//8474 4377//8474 4369//8474
f 4410//8475 4378//8475 4370//8475
f 4410//8476 4370//8476 4402//8476
f 4411//8477 4371//8477 4403//8477
f 4411//8478 4379//8478 4371//8478
f 4412//8479 4380//8479 4404//8479
f 4413//8480 4391//8480 4381//8480
f 4413//8481 4381//8481 4373//8481
f 4413//8482 4373//8482 4405//8482
f 4414//8483 4382//8483 4374//8483
f 4414//8484 4374//8484 4406//8484
f 4415//8485 4383//8485 4407//8485
f 4416//8486 4376//8486 4408//8486
f 4416//8487 4394//8487 4384//8487
f 4416//8488 4384//8488 4376//8488
f 4417//8489 4377//8489 4409//8489
f 4417//8490 4385//8490 4377//8490
f 4417//8491 4395//8491 4385//8491
f 4418//8492 4386//8492 4378//8492
f 4418//8493 4378//8493 4410//8493
f 4419//8494 4388//8494 4420//8494
f 4419//8495 4387//8495 4388//8495
f 4421//8496 4379//8496 4411//8496
f 4421//8497 4389//8497 4379//8497
f 4421//8498 4398//8498 4389//8498
f 4422//8499 4380//8499 4412//8499
f 4422//8500 2632//8500 2631//8500
f 4422//8501 2631//8501 4390//8501
f 4422//8502 4390//8502 4380//8502
f 4423//8503 4391//8503 4413//8503
f 4424//8504 4382//8504 4414//8504
f 4424//8505 4392//8505 4382//8505
f 4424//8506 4400//8506 4392//8506
f 4425//8507 4383//8507 4415//8507
f 4425//8508 4393//8508 4383//8508
f 4425//8509 4401//8509 4393//8509
f 4426//8510 4394//8510 4416//8510
f 4427//8511 4395//8511 4417//8511
f 4428//8512 4396//8512 4386//8512
f 4428//8513 4386//8513 4418//8513
f 4429//8514 4387//8514 4419//8514
f 4429//8515 4397//8515 4387//8515
f 4430//8516 4398//8516 4421//8516
f 4431//8517 4399//8517 4391//8517
f 4431//8518 4391//8518 4423//8518
f 4432//8519 4400//8519 4424//8519
f 4433//8520 4401//8520 4425//8520
f 4433//8521 4409//8521 4401//8521
f 4434//8522 4402//8522 4394//8522
f 4434//8523 4394//8523 4426//8523
f 4434//8524 4410//8524 4402//8524
f 4435//8525 4403//8525 4395//8525
f 4435//8526 4395//8526 4427//8526
f 4436//8527 4396//8527 4428//8527
f 4436//8528 4404//8528 4396//8528
f 4437//8529 4405//8529 4397//8529
f 4437//8530 4397//8530 4429//8530
f 4438//8531 4406//8531 4398//8531
f 4438//8532 4398//8532 4430//8532
f 4439//8533 4407//8533 4399//8533
f 4439//8534 4399//8534 4431//8534
f 4440//8535 4400//8535 4432//8535
f 4440//8536 4408//8536 4400//8536
f 4441//8537 4409//8537 4433//8537
f 4442//8538 4418//8538 4410//8538
f 4442//8539 4410//8539 4434//8539
f 4443//8540 4411//8540 4403//8540
f 4443//8541 4403//8541 4435//8541
f 4444//8542 4412//8542 4404//8542
f 4444//8543 4404//8543 4436//8543
f 4445//8544 4405//8544 4437//8544
f 4445//8545 4413//8545 4405//8545
f 4446//8546 4414//8546 4406//8546
f 4446//8547 4406//8547 4438//8547
f 4447//8548 4407//8548 4439//8548
f 4447//8549 4415//8549 4407//8549
f 4448//8550 4416//8550 4408//8550
f 4448//8551 4408//8551 4440//8551
f 4449//8552 4409//8552 4441//8552
f 4449//8553 4417//8553 4409//8553
f 4449//8554 4427//8554 4417//8554
f 4450//8555 4418//8555 4442//8555
f 4450//8556 4428//8556 4418//8556
f 4451//8557 4419//8557 4420//8557
f 4451//8558 4420//8558 4452//8558
f 4451//8559 4429//8559 4419//8559
f 4453//8560 4430//8560 4421//8560
f 4453//8561 4411//8561 4443//8561
f 4453//8562 4421//8562 4411//8562
f 4454//8563 2633//8563 2632//8563
f 4454//8564 2632//8564 4422//8564
f 4454//8565 4412//8565 4444//8565
f 4454//8566 4422//8566 4412//8566
f 4455//8567 4413//8567 4445//8567
f 4455//8568 4423//8568 4413//8568
f 4456//8569 4414//8569 4446//8569
f 4456//8570 4424//8570 4414//8570
f 4457//8571 4433//8571 4425//8571
f 4457//8572 4415//8572 4447//8572
f 4457//8573 4425//8573 4415//8573
f 4458//8574 4416//8574 4448//8574
f 4458//8575 4426//8575 4416//8575
f 4459//8576 4427//8576 4449//8576
f 4460//8577 4428//8577 4450//8577
f 4461//8578 4429//8578 4451//8578
f 4462//8579 4430//8579 4453//8579
f 4463//8580 4431//8580 4423//8580
f 4463//8581 4423//8581 4455//8581
f 4464//8582 4424//8582 4456//8582
f 4464//8583 4432//8583 4424//8583
f 4465//8584 4433//8584 4457//8584
f 4465//8585 4441//8585 4433//8585
f 4466//8586 4426//8586 4458//8586
f 4466//8587 4434//8587 4426//8587
f 4467//8588 4427//8588 4459//8588
f 4467//8589 4443//8589 4435//8589
f 4467//8590 4435//8590 4427//8590
f 4468//8591 4436//8591 4428//8591
f 4468//8592 4428//8592 4460//8592
f 4469//8593 4437//8593 4429//8593
f 4469//8594 4429//8594 4461//8594
f 4470//8595 4438//8595 4430//8595
f 4470//8596 4446//8596 4438//8596
f 4470//8597 4430//8597 4462//8597
f 4471//8598 4439//8598 4431//8598
f 4471//8599 4431//8599 4463//8599
f 4472//8600 4432//8600 4464//8600
f 4472//8601 4440//8601 4432//8601
f 4473//8602 4441//8602 4465//8602
f 4474//8603 4442//8603 4434//8603
f 4474//8604 4434//8604 4466//8604
f 4475//8605 4453//8605 4443//8605
f 4475//8606 4443//8606 4467//8606
f 4476//8607 4444//8607 4436//8607
f 4476//8608 4436//8608 4468//8608
f 4477//8609 4445//8609 4437//8609
f 4477//8610 4437//8610 4469//8610
f 4478//8611 4446//8611 4470//8611
f 4479//8612 4447//8612 4439//8612
f 4479//8613 4439//8613 4471//8613
f 4480//8614 4440//8614 4472//8614
f 4480//8615 4448//8615 4440//8615
f 4481//8616 4441//8616 4473//8616
f 4481//8617 4449//8617 4441//8617
f 4482//8618 4442//8618 4474//8618
f 4482//8619 4450//8619 4442//8619
f 4483//8620 4451//8620 4452//8620
f 4483//8621 4452//8621 4484//8621
f 4485//8622 4453//8622 4475//8622
f 4486//8623 2634//8623 2633//8623
f 4486//8624 2635//8624 2634//8624
f 4486//8625 4444//8625 4476//8625
f 4486//8626 2633//8626 4454//8626
f 4486//8627 4454//8627 4444//8627
f 4487//8628 4445//8628 4477//8628
f 4487//8629 4455//8629 4445//8629
f 4487//8630 4463//8630 4455//8630
f 4488//8631 4456//8631 4446//8631
f 4488//8632 4446//8632 4478//8632
f 4489//8633 4447//8633 4479//8633
f 4489//8634 4457//8634 4447//8634
f 4490//8635 4458//8635 4448//8635
f 4490//8636 4466//8636 4458//8636
f 4490//8637 4448//8637 4480//8637
f 4491//8638 4449//8638 4481//8638
f 4491//8639 4459//8639 4449//8639
f 4492//8640 4450//8640 4482//8640
f 4492//8641 4460//8641 4450//8641
f 4492//8642 4468//8642 4460//8642
f 4493//8643 4461//8643 4451//8643
f 4493//8644 4451//8644 4483//8644
f 4494//8645 4453//8645 4485//8645
f 4494//8646 4470//8646 4462//8646
f 4494//8647 4462//8647 4453//8647
f 4495//8648 4463//8648 4487//8648
f 4496//8649 4464//8649 4456//8649
f 4496//8650 4472//8650 4464//8650
f 4496//8651 4456//8651 4488//8651
f 4497//8652 4465//8652 4457//8652
f 4497//8653 4457//8653 4489//8653
f 4498//8654 4466//8654 4490//8654
f 4499//8655 4459//8655 4491//8655
f 4499//8656 4467//8656 4459//8656
f 4500//8657 4468//8657 4492//8657
f 4501//8658 4461//8658 4493//8658
f 4501//8659 4469//8659 4461//8659
f 4502//8660 4470//8660 4494//8660
f 4503//8661 4463//8661 4495//8661
f 4503//8662 4471//8662 4463//8662
f 4504//8663 4472//8663 4496//8663
f 4505//8664 4465//8664 4497//8664
f 4505//8665 4473//8665 4465//8665
f 4506//8666 4482//8666 4474//8666
f 4506//8667 4474//8667 4466//8667
f 4506//8668 4466//8668 4498//8668
f 4507//8669 4467//8669 4499//8669
f 4507//8670 4475//8670 4467//8670
f 4508//8671 4476//8671 4468//8671
f 4508//8672 4486//8672 4476//8672
f 4508//8673 4468//8673 4500//8673
f 4509//8674 4477//8674 4469//8674
f 4509//8675 4469//8675 4501//8675
f 4510//8676 4470//8676 4502//8676
f 4510//8677 4478//8677 4470//8677
f 4511//8678 4489//8678 4479//8678
f 4511//8679 4479//8679 4471//8679
f 4511//8680 4471//8680 4503//8680
f 4512//8681 4472//8681 4504//8681
f 4512//8682 4480//8682 4472//8682
f 4513//8683 4481//8683 4473//8683
f 4513//8684 4473//8684 4505//8684
f 4514//8685 4482//8685 4506//8685
f 4515//8686 4483//8686 4484//8686
f 4515//8687 4484//8687 4516//8687
f 4517//8688 4475//8688 4507//8688
f 4517//8689 4494//8689 4485//8689
f 4517//8690 4485//8690 4475//8690
f 4518//8691 4486//8691 4508//8691
f 4518//8692 2636//8692 2635//8692
f 4518//8693 2635//8693 4486//8693
f 4519//8694 4487//8694 4477//8694
f 4519//8695 4477//8695 4509//8695
f 4520//8696 4488//8696 4478//8696
f 4520//8697 4478//8697 4510//8697
f 4521//8698 4489//8698 4511//8698
f 4522//8699 4480//8699 4512//8699
f 4522//8700 4490//8700 4480//8700
f 4522//8701 4498//8701 4490//8701
f 4523//8702 4491//8702 4481//8702
f 4523//8703 4481//8703 4513//8703
f 4524//8704 4482//8704 4514//8704
f 4524//8705 4492//8705 4482//8705
f 4524//8706 4500//8706 4492//8706
f 4525//8707 4483//8707 4515//8707
f 4525//8708 4493//8708 4483//8708
f 4526//8709 4494//8709 4517//8709
f 4527//8710 4487//8710 4519//8710
f 4527//8711 4503//8711 4495//8711
f 4527//8712 4495//8712 4487//8712
f 4528//8713 4496//8713 4488//8713
f 4528//8714 4488//8714 4520//8714
f 4529//8715 4497//8715 4489//8715
f 4529//8716 4489//8716 4521//8716
f 4529//8717 4505//8717 4497//8717
f 4530//8718 4498//8718 4522//8718
f 4531//8719 4499//8719 4491//8719
f 4531//8720 4507//8720 4499//8720
f 4531//8721 4491//8721 4523//8721
f 4532//8722 4508//8722 4500//8722
f 4532//8723 4500//8723 4524//8723
f 4533//8724 4501//8724 4493//8724
f 4533//8725 4493//8725 4525//8725
f 4534//8726 4502//8726 4494//8726
f 4534//8727 4494//8727 4526//8727
f 4535//8728 4503//8728 4527//8728
f 4536//8729 4496//8729 4528//8729
f 4536//8730 4504//8730 4496//8730
f 4537//8731 4505//8731 4529//8731
f 4538//8732 4506//8732 4498//8732
f 4538//8733 4498//8733 4530//8733
f 4539//8734 4507//8734 4531//8734
f 4540//8735 4508//8735 4532//8735
f 4541//8736 4501//8736 4533//8736
f 4541//8737 4509//8737 4501//8737
f 4542//8738 4502//8738 4534//8738
f 4542//8739 4510//8739 4502//8739
f 4543//8740 4503//8740 4535//8740
f 4543//8741 4511//8741 4503//8741
f 4544//8742 4504//8742 4536//8742
f 4544//8743 4512//8743 4504//8743
f 4545//8744 4513//8744 4505//8744
f 4545//8745 4523//8745 4513//8745
f 4545//8746 4505//8746 4537//8746
f 4546//8747 4514//8747 4506//8747
f 4546//8748 4524//8748 4514//8748
f 4546//8749 4506//8749 4538//8749
f 4547//8750 4515//8750 4516//8750
f 4547//8751 4516//8751 4548//8751
f 4549//8752 4517//8752 4507//8752
f 4549//8753 4526//8753 4517//8753
f 4549//8754 4507//8754 4539//8754
f 4550//8755 4518//8755 4508//8755
f 4550//8756 2636//8756 4518//8756
f 4550//8757 4508//8757 4540//8757
f 4551//8758 4509//8758 4541//8758
f 4551//8759 4527//8759 4519//8759
f 4551//8760 4519//8760 4509//8760
f 4552//8761 4510//8761 4542//8761
f 4552//8762 4520//8762 4510//8762
f 4553//8763 4521//8763 4511//8763
f 4553//8764 4529//8764 4521//8764
f 4553//8765 4511//8765 4543//8765
f 4554//8766 4522//8766 4512//8766
f 4554//8767 4512//8767 4544//8767
f 4555//8768 4523//8768 4545//8768
f 4556//8769 4524//8769 4546//8769
f 4557//8770 4525//8770 4515//8770
f 4557//8771 4515//8771 4547//8771
f 4558//8772 4526//8772 4549//8772
f 4559//8773 4527//8773 4551//8773
f 4560//8774 4520//8774 4552//8774
f 4560//8775 4528//8775 4520//8775
f 4560//8776 4536//8776 4528//8776
f 4561//8777 4529//8777 4553//8777
f 4562//8778 4522//8778 4554//8778
f 4562//8779 4530//8779 4522//8779
f 4563//8780 4523//8780 4555//8780
f 4563//8781 4531//8781 4523//8781
f 4564//8782 4540//8782 4532//8782
f 4564//8783 4532//8783 4524//8783
f 4564//8784 4524//8784 4556//8784
f 4565//8785 4533//8785 4525//8785
f 4565//8786 4525//8786 4557//8786
f 4566//8787 4526//8787 4558//8787
f 4566//8788 4534//8788 4526//8788
f 4567//8789 4527//8789 4559//8789
f 4567//8790 4535//8790 4527//8790
f 4568//8791 4536//8791 4560//8791
f 4569//8792 4529//8792 4561//8792
f 4569//8793 4537//8793 4529//8793
f 4570//8794 4530//8794 4562//8794
f 4570//8795 4538//8795 4530//8795
f 4571//8796 4549//8796 4539//8796
f 4571//8797 4531//8797 4563//8797
f 4571//8798 4539//8798 4531//8798
f 4572//8799 4550//8799 4540//8799
f 4572//8800 4540//8800 4564//8800
f 4573//8801 4533//8801 4565//8801
f 4573//8802 4541//8802 4533//8802
f 4574//8803 4542//8803 4534//8803
f 4574//8804 4534//8804 4566//8804
f 4575//8805 4543//8805 4535//8805
f 4575//8806 4535//8806 4567//8806
f 4576//8807 4544//8807 4536//8807
f 4576//8808 4536//8808 4568//8808
f 4577//8809 4545//8809 4537//8809
f 4577//8810 4537//8810 4569//8810
f 4578//8811 4538//8811 4570//8811
f 4578//8812 4546//8812 4538//8812
f 4579//8813 4547//8813 4548//8813
f 4579//8814 4548//8814 4580//8814
f 4581//8815 4549//8815 4571//8815
f 4582//8816 2637//8816 2636//8816
f 4582//8817 2636//8817 4550//8817
f 4582//8818 4550//8818 4572//8818
f 4583//8819 4551//8819 4541//8819
f 4583//8820 4541//8820 4573//8820
f 4584//8821 4552//8821 4542//8821
f 4584//8822 4542//8822 4574//8822
f 4585//8823 4553//8823 4543//8823
f 4585//8824 4543//8824 4575//8824
f 4586//8825 4554//8825 4544//8825
f 4586//8826 4562//8826 4554//8826
f 4586//8827 4544//8827 4576//8827
f 4587//8828 4545//8828 4577//8828
f 4587//8829 4555//8829 4545//8829
f 4587//8830 4563//8830 4555//8830
f 4588//8831 4546//8831 4578//8831
f 4588//8832 4556//8832 4546//8832
f 4589//8833 4547//8833 4579//8833
f 4589//8834 4557//8834 4547//8834
f 4590//8835 4558//8835 4549//8835
f 4590//8836 4549//8836 4581//8836
f 4591//8837 4559//8837 4551//8837
f 4591//8838 4551//8838 4583//8838
f 4592//8839 4552//8839 4584//8839
f 4592//8840 4560//8840 4552//8840
f 4593//8841 4553//8841 4585//8841
f 4593//8842 4561//8842 4553//8842
f 4594//8843 4562//8843 4586//8843
f 4595//8844 4563//8844 4587//8844
f 4596//8845 4556//8845 4588//8845
f 4596//8846 4564//8846 4556//8846
f 4597//8847 4557//8847 4589//8847
f 4597//8848 4573//8848 4565//8848
f 4597//8849 4565//8849 4557//8849
f 4598//8850 4558//8850 4590//8850
f 4598//8851 4574//8851 4566//8851
f 4598//8852 4566//8852 4558//8852
f 4599//8853 4567//8853 4559//8853
f 4599//8854 4559//8854 4591//8854
f 4600//8855 4560//8855 4592//8855
f 4600//8856 4568//8856 4560//8856
f 4601//8857 4561//8857 4593//8857
f 4601//8858 4569//8858 4561//8858
f 4602//8859 4578//8859 4570//8859
f 4602//8860 4562//8860 4594//8860
f 4602//8861 4570//8861 4562//8861
f 4603//8862 4571//8862 4563//8862
f 4603//8863 4563//8863 4595//8863
f 4604//8864 4564//8864 4596//8864
f 4604//8865 4572//8865 4564//8865
f 4605//8866 4573//8866 4597//8866
f 4606//8867 4574//8867 4598//8867
f 4607//8868 4567//8868 4599//8868
f 4607//8869 4575//8869 4567//8869
f 4608//8870 4576//8870 4568//8870
f 4608//8871 4568//8871 4600//8871
f 4608//8872 4586//8872 4576//8872
f 4609//8873 4569//8873 4601//8873
f 4609//8874 4577//8874 4569//8874
f 4610//8875 4578//8875 4602//8875
f 4611//8876 4579//8876 4580//8876
f 4611//8877 4580//8877 4612//8877
f 4613//8878 4571//8878 4603//8878
f 4613//8879 4581//8879 4571//8879
f 4614//8880 2638//8880 2637//8880
f 4614//8881 4582//8881 4572//8881
f 4614//8882 2637//8882 4582//8882
f 4614//8883 4572//8883 4604//8883
f 4615//8884 4573//8884 4605//8884
f 4615//8885 4591//8885 4583//8885
f 4615//8886 4583//8886 4573//8886
f 4616//8887 4592//8887 4584//8887
f 4616//8888 4574//8888 4606//8888
f 4616//8889 4584//8889 4574//8889
f 4617//8890 4575//8890 4607//8890
f 4617//8891 4585//8891 4575//8891
f 4618//8892 4594//8892 4586//8892
f 4618//8893 4586//8893 4608//8893
f 4619//8894 4577//8894 4609//8894
f 4619//8895 4587//8895 4577//8895
f 4620//8896 4578//8896 4610//8896
f 4620//8897 4588//8897 4578//8897
f 4621//8898 4579//8898 4611//8898
f 4621//8899 4597//8899 4589//8899
f 4621//8900 4589//8900 4579//8900
f 4622//8901 4581//8901 4613//8901
f 4622//8902 4590//8902 4581//8902
f 4623//8903 4591//8903 4615//8903
f 4624//8904 4592//8904 4616//8904
f 4625//8905 4593//8905 4585//8905
f 4625//8906 4585//8906 4617//8906
f 4626//8907 4594//8907 4618//8907
f 4627//8908 4587//8908 4619//8908
f 4627//8909 4595//8909 4587//8909
f 4628//8910 4588//8910 4620//8910
f 4628//8911 4596//8911 4588//8911
f 4628//8912 4604//8912 4596//8912
f 4629//8913 4597//8913 4621//8913
f 4630//8914 4590//8914 4622//8914
f 4630//8915 4598//8915 4590//8915
f 4631//8916 4599//8916 4591//8916
f 4631//8917 4607//8917 4599//8917
f 4631//8918 4591//8918 4623//8918
f 4632//8919 4600//8919 4592//8919
f 4632//8920 4592//8920 4624//8920
f 4633//8921 4593//8921 4625//8921
f 4633//8922 4601//8922 4593//8922
f 4633//8923 4609//8923 4601//8923
f 4634//8924 4610//8924 4602//8924
f 4634//8925 4594//8925 4626//8925
f 4634//8926 4602//8926 4594//8926
f 4635//8927 4595//8927 4627//8927
f 4635//8928 4613//8928 4603//8928
f 4635//8929 4603//8929 4595//8929
f 4636//8930 4604//8930 4628//8930
f 4637//8931 4597//8931 4629//8931
f 4637//8932 4605//8932 4597//8932
f 4638//8933 4598//8933 4630//8933
f 4638//8934 4606//8934 4598//8934
f 4639//8935 4607//8935 4631//8935
f 4640//8936 4608//8936 4600//8936
f 4640//8937 4600//8937 4632//8937
f 4641//8938 4609//8938 4633//8938
f 4641//8939 4619//8939 4609//8939
f 4642//8940 4610//8940 4634//8940
f 4643//8941 4611//8941 4612//8941
f 4643//8942 4612//8942 4644//8942
f 4645//8943 4613//8943 4635//8943
f 4646//8944 4614//8944 4604//8944
f 4646//8945 2639//8945 2638//8945
f 4646//8946 2640//8946 2639//8946
f 4646//8947 4604//8947 4636//8947
f 4646//8948 2638//8948 4614//8948
f 4647//8949 4605//8949 4637//8949
f 4647//8950 4615//8950 4605//8950
f 4648//8951 4606//8951 4638//8951
f 4648//8952 4616//8952 4606//8952
f 4649//8953 4607//8953 4639//8953
f 4649//8954 4625//8954 4617//8954
f 4649//8955 4617//8955 4607//8955
f 4650//8956 4608//8956 4640//8956
f 4650//8957 4618//8957 4608//8957
f 4651//8958 4619//8958 4641//8958
f 4651//8959 4627//8959 4619//8959
f 4652//8960 4620//8960 4610//8960
f 4652//8961 4610//8961 4642//8961
f 4653//8962 4621//8962 4611//8962
f 4653//8963 4611//8963 4643//8963
f 4654//8964 4622//8964 4613//8964
f 4654//8965 4613//8965 4645//8965
f 4654//8966 4630//8966 4622//8966
f 4655//8967 4615//8967 4647//8967
f 4655//8968 4623//8968 4615//8968
f 4656//8969 4624//8969 4616//8969
f 4656//8970 4616//8970 4648//8970
f 4657//8971 4625//8971 4649//8971
f 4658//8972 4618//8972 4650//8972
f 4658//8973 4626//8973 4618//8973
f 4659//8974 4627//8974 4651//8974
f 4660//8975 4628//8975 4620//8975
f 4660//8976 4636//8976 4628//8976
f 4660//8977 4620//8977 4652//8977
f 4661//8978 4629//8978 4621//8978
f 4661//8979 4637//8979 4629//8979
f 4661//8980 4621//8980 4653//8980
f 4662//8981 4630//8981 4654//8981
f 4663//8982 4631//8982 4623//8982
f 4663//8983 4623//8983 4655//8983
f 4664//8984 4624//8984 4656//8984
f 4664//8985 4632//8985 4624//8985
f 4665//8986 4633//8986 4625//8986
f 4665//8987 4641//8987 4633//8987
f 4665//8988 4625//8988 4657//8988
f 4666//8989 4626//8989 4658//8989
f 4666//8990 4634//8990 4626//8990
f 4667//8991 4635//8991 4627//8991
f 4667//8992 4627//8992 4659//8992
f 4667//8993 4645//8993 4635//8993
f 4668//8994 4636//8994 4660//8994
f 4669//8995 4637//8995 4661//8995
f 4670//8996 4630//8996 4662//8996
f 4670//8997 4638//8997 4630//8997
f 4671//8998 4631//8998 4663//8998
f 4671//8999 4639//8999 4631//8999
f 4672//9000 4650//9000 4640//9000
f 4672//9001 4632//9001 4664//9001
f 4672//9002 4640//9002 4632//9002
f 4673//9003 4641//9003 4665//9003
f 4673//9004 4651//9004 4641//9004
f 4674//9005 4642//9005 4634//9005
f 4674//9006 4634//9006 4666//9006
f 4675//9007 4644//9007 4676//9007
f 4675//9008 4676//9008 4677//9008
f 4675//9009 4677//9009 4678//9009
f 4675//9010 4643//9010 4644//9010
f 4679//9011 4645//9011 4667//9011
f 4680//9012 2640//9012 4646//9012
f 4680//9013 4646//9013 4636//9013
f 4680//9014 4636//9014 4668//9014
f 4681//9015 4637//9015 4669//9015
f 4681//9016 4647//9016 4637//9016
f 4682//9017 4648//9017 4638//9017
f 4682//9018 4638//9018 4670//9018
f 4683//9019 4639//9019 4671//9019
f 4683//9020 4649//9020 4639//9020
f 4684//9021 4650//9021 4672//9021
f 4685//9022 4651//9022 4673//9022
f 4685//9023 4659//9023 4651//9023
f 4686//9024 4642//9024 4674//9024
f 4686//9025 4652//9025 4642//9025
f 4687//9026 4675//9026 4678//9026
f 4687//9027 4653//9027 4643//9027
f 4687//9028 4643//9028 4675//9028
f 4687//9029 4678//9029 4688//9029
f 4689//9030 4654//9030 4645//9030
f 4689//9031 4662//9031 4654//9031
f 4689//9032 4645//9032 4679//9032
f 4690//9033 4655//9033 4647//9033
f 4690//9034 4647//9034 4681//9034
f 4691//9035 4656//9035 4648//9035
f 4691//9036 4648//9036 4682//9036
f 4692//9037 4649//9037 4683//9037
f 4692//9038 4657//9038 4649//9038
f 4693//9039 4650//9039 4684//9039
f 4693//9040 4658//9040 4650//9040
f 4694//9041 4659//9041 4685//9041
f 4695//9042 4660//9042 4652//9042
f 4695//9043 4652//9043 4686//9043
f 4696//9044 4661//9044 4653//9044
f 4696//9045 4687//9045 4688//9045
f 4696//9046 4653//9046 4687//9046
f 4696//9047 4669//9047 4661//9047
f 4696//9048 4688//9048 4697//9048
f 4696//9049 4697//9049 4698//9049
f 4699//9050 4662//9050 4689//9050
f 4699//9051 4670//9051 4662//9051
f 4700//9052 4655//9052 4690//9052
f 4700//9053 4663//9053 4655//9053
f 4701//9054 4656//9054 4691//9054
f 4701//9055 4664//9055 4656//9055
f 4701//9056 4672//9056 4664//9056
f 4702//9057 4657//9057 4692//9057
f 4702//9058 4665//9058 4657//9058
f 4703//9059 4674//9059 4666//9059
f 4703//9060 4658//9060 4693//9060
f 4703//9061 4666//9061 4658//9061
f 4704//9062 4659//9062 4694//9062
f 4704//9063 4667//9063 4659//9063
f 4704//9064 4679//9064 4667//9064
f 4705//9065 4660//9065 4695//9065
f 4705//9066 4668//9066 4660//9066
f 4706//9067 4669//9067 4696//9067
f 4706//9068 4696//9068 4698//9068
f 4707//9069 4670//9069 4699//9069
f 4708//9070 4663//9070 4700//9070
f 4708//9071 4671//9071 4663//9071
f 4709//9072 4672//9072 4701//9072
f 4710//9073 4665//9073 4702//9073
f 4710//9074 4673//9074 4665//9074
f 4711//9075 4674//9075 4703//9075
f 4711//9076 4686//9076 4674//9076
f 4712//9077 4689//9077 4679//9077
f 4712//9078 4679//9078 4704//9078
f 4713//9079 2641//9079 2640//9079
f 4713//9080 2642//9080 2641//9080
f 4713//9081 4668//9081 4705//9081
f 4713//9082 2640//9082 4680//9082
f 4713//9083 4680//9083 4668//9083
f 4714//9084 4669//9084 4706//9084
f 4714//9085 4706//9085 4698//9085
f 4714//9086 4698//9086 4715//9086
f 4714//9087 4681//9087 4669//9087
f 4716//9088 4682//9088 4670//9088
f 4716//9089 4670//9089 4707//9089
f 4717//9090 4683//9090 4671//9090
f 4717//9091 4671//9091 4708//9091
f 4718//9092 4684//9092 4672//9092
f 4718//9093 4672//9093 4709//9093
f 4719//9094 4685//9094 4673//9094
f 4719//9095 4673//9095 4710//9095
f 4720//9096 4686//9096 4711//9096
f 4721//9097 4699//9097 4689//9097
f 4721//9098 4689//9098 4712//9098
f 4722//9099 4714//9099 4715//9099
f 4722//9100 4690//9100 4681//9100
f 4722//9101 4681//9101 4714//9101
f 4722//9102 4715//9102 4723//9102
f 4724//9103 4691//9103 4682//9103
f 4724//9104 4701//9104 4691//9104
f 4724//9105 4682//9105 4716//9105
f 4725//9106 4683//9106 4717//9106
f 4725//9107 4692//9107 4683//9107
f 4726//9108 4703//9108 4693//9108
f 4726//9109 4693//9109 4684//9109
f 4726//9110 4684//9110 4718//9110
f 4727//9111 4694//9111 4685//9111
f 4727//9112 4685//9112 4719//9112
f 4728//9113 4686//9113 4720//9113
f 4728//9114 4695//9114 4686//9114
f 4728//9115 4705//9115 4695//9115
f 4729//9116 4699//9116 4721//9116
f 4729//9117 4707//9117 4699//9117
f 4730//9118 4700//9118 4690//9118
f 4730//9119 4722//9119 4723//9119
f 4730//9120 4723//9120 4731//9120
f 4730//9121 4690//9121 4722//9121
f 4732//9122 4701//9122 4724//9122
f 4733//9123 4692//9123 4725//9123
f 4733//9124 4702//9124 4692//9124
f 4734//9125 4703//9125 4726//9125
f 4735//9126 4694//9126 4727//9126
f 4735//9127 4704//9127 4694//9127
f 4736//9128 4705//9128 4728//9128
f 4736//9129 4713//9129 4705//9129
f 4737//9130 4707//9130 4729//9130
f 4738//9131 4730//9131 4731//9131
f 4738//9132 4708//9132 4700//9132
f 4738//9133 4731//9133 4739//9133
f 4738//9134 4700//9134 4730//9134
f 4740//9135 4701//9135 4732//9135
f 4740//9136 4709//9136 4701//9136
f 4741//9137 4710//9137 4702//9137
f 4741//9138 4702//9138 4733//9138
f 4742//9139 4703//9139 4734//9139
f 4742//9140 4711//9140 4703//9140
f 4743//9141 4704//9141 4735//9141
f 4743//9142 4712//9142 4704//9142
f 4744//9143 4713//9143 4736//9143
f 4744//9144 2642//9144 4713//9144
f 4745//9145 4707//9145 4737//9145
f 4745//9146 4716//9146 4707//9146
f 4746//9147 4738//9147 4739//9147
f 4746//9148 4708//9148 4738//9148
f 4746//9149 4717//9149 4708//9149
f 4746//9150 4739//9150 4747//9150
f 4748//9151 4709//9151 4740//9151
f 4748//9152 4718//9152 4709//9152
f 4749//9153 4719//9153 4710//9153
f 4749//9154 4710//9154 4741//9154
f 4749//9155 4727//9155 4719//9155
f 4750//9156 4720//9156 4711//9156
f 4750//9157 4711//9157 4742//9157
f 4751//9158 4712//9158 4743//9158
f 4751//9159 4721//9159 4712//9159
f 4752//9160 4724//9160 4716//9160
f 4752//9161 4716//9161 4745//9161
f 4753//9162 4746//9162 4747//9162
f 4753//9163 4725//9163 4717//9163
f 4753//9164 4747//9164 4754//9164
f 4753//9165 4717//9165 4746//9165
f 4755//9166 4726//9166 4718//9166
f 4755//9167 4718//9167 4748//9167
f 4756//9168 4727//9168 4749//9168
f 4757//9169 4728//9169 4720//9169
f 4757//9170 4720//9170 4750//9170
f 4758//9171 4729//9171 4721//9171
f 4758//9172 4721//9172 4751//9172
f 4759//9173 4740//9173 4732//9173
f 4759//9174 4732//9174 4724//9174
f 4759//9175 4724//9175 4752//9175
f 4760//9176 4733//9176 4725//9176
f 4760//9177 4741//9177 4733//9177
f 4760//9178 4753//9178 4754//9178
f 4760//9179 4725//9179 4753//9179
f 4760//9180 4754//9180 4761//9180
f 4760//9181 4761//9181 4762//9181
f 4763//9182 4734//9182 4726//9182
f 4763//9183 4726//9183 4755//9183
f 4763//9184 4742//9184 4734//9184
f 4764//9185 4743//9185 4735//9185
f 4764//9186 4727//9186 4756//9186
f 4764//9187 4735//9187 4727//9187
f 4765//9188 4736//9188 4728//9188
f 4765//9189 4728//9189 4757//9189
f 4766//9190 4729//9190 4758//9190
f 4766//9191 4737//9191 4729//9191
f 4767//9192 4748//9192 4740//9192
f 4767//9193 4740//9193 4759//9193
f 4768//9194 4760//9194 4762//9194
f 4768//9195 4741//9195 4760//9195
f 4769//9196 4742//9196 4763//9196
f 4769//9197 4750//9197 4742//9197
f 4770//9198 4743//9198 4764//9198
f 4771//9199 4736//9199 4765//9199
f 4771//9200 2643//9200 2642//9200
f 4771//9201 2642//9201 4744//9201
f 4771//9202 4744//9202 4736//9202
f 4772//9203 4745//9203 4737//9203
f 4772//9204 4737//9204 4766//9204
f 4773//9205 4748//9205 4767//9205
f 4774//9206 4749//9206 4741//9206
f 4774//9207 4762//9207 4775//9207
f 4774//9208 4741//9208 4768//9208
f 4774//9209 4768//9209 4762//9209
f 4776//9210 4750//9210 4769//9210
f 4777//9211 4751//9211 4743//9211
f 4777//9212 4758//9212 4751//9212
f 4777//9213 4743//9213 4770//9213
f 4778//9214 4752//9214 4745//9214
f 4778//9215 4745//9215 4772//9215
f 4779//9216 4748//9216 4773//9216
f 4779//9217 4755//9217 4748//9217
f 4779//9218 4763//9218 4755//9218
f 4780//9219 4749//9219 4774//9219
f 4780//9220 4774//9220 4775//9220
f 4780//9221 4756//9221 4749//9221
f 4780//9222 4775//9222 4781//9222
f 4782//9223 4750//9223 4776//9223
f 4782//9224 4757//9224 4750//9224
f 4783//9225 4758//9225 4777//9225
f 4784//9226 4752//9226 4778//9226
f 4784//9227 4759//9227 4752//9227
f 4785//9228 4763//9228 4779//9228
f 4786//9229 4780//9229 4781//9229
f 4786//9230 4756//9230 4780//9230
f 4786//9231 4781//9231 4787//9231
f 4786//9232 4787//9232 4788//9232
f 4786//9233 4764//9233 4756//9233
f 4789//9234 4757//9234 4782//9234
f 4789//9235 4765//9235 4757//9235
f 4790//9236 4772//9236 4766//9236
f 4790//9237 4758//9237 4783//9237
f 4790//9238 4766//9238 4758//9238
f 4791//9239 4759//9239 4784//9239
f 4791//9240 4767//9240 4759//9240
f 4792//9241 4776//9241 4769//9241
f 4792//9242 4763//9242 4785//9242
f 4792//9243 4769//9243 4763//9243
f 4793//9244 4770//9244 4764//9244
f 4793//9245 4764//9245 4786//9245
f 4793//9246 4786//9246 4788//9246
f 4794//9247 2644//9247 2643//9247
f 4794//9248 4771//9248 4765//9248
f 4794//9249 4765//9249 4789//9249
f 4794//9250 2643//9250 4771//9250
f 4795//9251 4772//9251 4790//9251
f 4796//9252 4767//9252 4791//9252
f 4796//9253 4773//9253 4767//9253
f 4797//9254 4776//9254 4792//9254
f 4798//9255 4770//9255 4793//9255
f 4798//9256 4788//9256 4799//9256
f 4798//9257 4793//9257 4788//9257
f 4798//9258 4799//9258 4800//9258
f 4798//9259 4777//9259 4770//9259
f 4801//9260 4784//9260 4778//9260
f 4801//9261 4772//9261 4795//9261
f 4801//9262 4778//9262 4772//9262
f 4802//9263 4779//9263 4773//9263
f 4802//9264 4773//9264 4796//9264
f 4803//9265 4782//9265 4776//9265
f 4803//9266 4789//9266 4782//9266
f 4803//9267 4776//9267 4797//9267
f 4804//9268 4783//9268 4777//9268
f 4804//9269 4790//9269 4783//9269
f 4804//9270 4777//9270 4798//9270
f 4804//9271 4798//9271 4800//9271
f 4805//9272 4784//9272 4801//9272
f 4806//9273 4785//9273 4779//9273
f 4806//9274 4779//9274 4802//9274
f 4807//9275 4789//9275 4803//9275
f 4807//9276 4794//9276 4789//9276
f 4808//9277 4790//9277 4804//9277
f 4808//9278 4804//9278 4800//9278
f 4808//9279 4800//9279 4809//9279
f 4810//9280 4784//9280 4805//9280
f 4810//9281 4791//9281 4784//9281
f 4810//9282 4796//9282 4791//9282
f 4811//9283 4785//9283 4806//9283
f 4811//9284 4792//9284 4785//9284
f 4812//9285 4794//9285 4807//9285
f 4812//9286 2645//9286 2644//9286
f 4812//9287 2644//9287 4794//9287
f 4813//9288 4808//9288 4809//9288
f 4813//9289 4801//9289 4795//9289
f 4813//9290 4790//9290 4808//9290
f 4813//9291 4795//9291 4790//9291
f 4813//9292 4809//9292 4814//9292
f 4813//9293 4814//9293 4815//9293
f 4816//9294 4796//9294 4810//9294
f 4817//9295 4792//9295 4811//9295
f 4817//9296 4797//9296 4792//9296
f 4818//9297 4801//9297 4813//9297
f 4818//9298 4813//9298 4815//9298
f 4819//9299 4796//9299 4816//9299
f 4819//9300 4802//9300 4796//9300
f 4819//9301 4806//9301 4802//9301
f 4820//9302 4803//9302 4797//9302
f 4820//9303 4797//9303 4817//9303
f 4821//9304 4801//9304 4818//9304
f 4821//9305 4818//9305 4815//9305
f 4821//9306 4815//9306 4822//9306
f 4821//9307 4805//9307 4801//9307
f 4823//9308 4811//9308 4806//9308
f 4823//9309 4806//9309 4819//9309
f 4824//9310 4807//9310 4803//9310
f 4824//9311 4803//9311 4820//9311
f 4825//9312 4821//9312 4822//9312
f 4825//9313 4810//9313 4805//9313
f 4825//9314 4805//9314 4821//9314
f 4825//9315 4822//9315 4826//9315
f 4827//9316 4817//9316 4811//9316
f 4827//9317 4811//9317 4823//9317
f 4828//9318 2646//9318 2645//9318
f 4828//9319 2645//9319 4812//9319
f 4828//9320 4807//9320 4824//9320
f 4828//9321 4812//9321 4807//9321
f 4829//9322 4810//9322 4825//9322
f 4829//9323 4816//9323 4810//9323
f 4829//9324 4825//9324 4826//9324
f 4829//9325 4826//9325 4830//9325
f 4831//9326 4817//9326 4827//9326
f 4832//9327 4819//9327 4816//9327
f 4832//9328 4816//9328 4829//9328
f 4832//9329 4829//9329 4830//9329
f 4832//9330 4830//9330 4833//9330
f 4834//9331 4820//9331 4817//9331
f 4834//9332 4817//9332 4831//9332
f 4834//9333 4824//9333 4820//9333
f 4835//9334 4823//9334 4819//9334
f 4835//9335 4819//9335 4832//9335
f 4835//9336 4832//9336 4833//9336
f 4835//9337 4833//9337 4836//9337
f 4837//9338 4828//9338 4824//9338
f 4837//9339 4824//9339 4834//9339
f 4838//9340 4823//9340 4835//9340
f 4838//9341 4827//9341 4823//9341
f 4838//9342 4835//9342 4836//9342
f 4838//9343 4836//9343 4839//9343
f 4840//9344 2647//9344 2646//9344
f 4840//9345 2648//9345 2647//9345
f 4840//9346 2646//9346 4828//9346
f 4840//9347 4828//9347 4837//9347
f 4841//9348 4831//9348 4827//9348
f 4841//9349 4827//9349 4838//9349
f 4841//9350 4838//9350 4839//9350
f 4841//9351 4839//9351 4842//9351
f 4843//9352 4831//9352 4841//9352
f 4843//9353 4834//9353 4831//9353
f 4843//9354 4842//9354 4844//9354
f 4843//9355 4841//9355 4842//9355
f 4845//9356 4837//9356 4834//9356
f 4845//9357 4834//9357 4843//9357
f 4845//9358 4844//9358 4846//9358
f 4845//9359 4843//9359 4844//9359
f 4847//9360 4845//9360 4846//9360
f 4847//9361 2529//9361 2648//9361
f 4847//9362 4837//9362 4845//9362
f 4847//9363 2648//9363 4840//9363
f 4847//9364 4840//9364 4837//9364
f 4847//9365 4846//9365 4848//9365
f 4847//9366 4848//9366 2529//9366
f 4677//9367 2740//9367 4678//9367
f 4678//9368 2739//9368 4688//9368
f 2740//9369 2739//9369 4678//9369
f 4688//9370 2743//9370 4697//9370
f 2739//9371 2743//9371 4688//9371
f 4697//9372 2745//9372 4698//9372
f 2743//9373 2745//9373 4697//9373
f 4698//9374 2747//9374 4715//9374
f 2745//9375 2747//9375 4698//9375
f 4715//9376 2752//9376 4723//9376
f 2747//9377 2752//9377 4715//9377
f 4723//9378 2755//9378 4731//9378
f 2752//9379 2755//9379 4723//9379
f 4731//9380 2758//9380 4739//9380
f 2755//9381 2758//9381 4731//9381
f 2758//9382 2761//9382 4739//9382
f 4739//9383 2761//9383 4747//9383
f 2761//9384 2766//9384 4747//9384
f 4747//9385 2766//9385 4754//9385
f 4754//9386 2770//9386 4761//9386
f 2766//9387 2770//9387 4754//9387
f 4761//9388 2774//9388 4762//9388
f 2770//9389 2774//9389 4761//9389
f 4762//9390 2778//9390 4775//9390
f 2774//9391 2778//9391 4762//9391
f 4775//9392 2784//9392 4781//9392
f 2778//9393 2784//9393 4775//9393
f 4781//9394 2789//9394 4787//9394
f 2784//9395 2789//9395 4781//9395
f 4787//9396 2794//9396 4788//9396
f 2789//9397 2794//9397 4787//9397
f 4788//9398 2800//9398 4799//9398
f 2794//9399 2800//9399 4788//9399
f 4799//9400 2806//9400 4800//9400
f 2800//9401 2806//9401 4799//9401
f 4800//9402 2812//9402 4809//9402
f 2806//9403 2812//9403 4800//9403
f 4809//9404 2818//9404 4814//9404
f 2812//9405 2818//9405 4809//9405
f 4814//9406 2826//9406 4815//9406
f 2818//9407 2826//9407 4814//9407
f 4815//9408 2833//9408 4822//9408
f 2826//9409 2833//9409 4815//9409
f 4822//9410 2840//9410 4826//9410
f 2833//9411 2840//9411 4822//9411
f 4826//9412 2847//9412 4830//9412
f 2840//9413 2847//9413 4826//9413
f 2847//9414 2856//9414 4830//9414
f 4830//9415 2864//9415 4833//9415
f 4833//9416 2864//9416 4836//9416
f 2856//9417 2864//9417 4830//9417
f 4836//9418 2872//9418 4839//9418
f 2864//9419 2872//9419 4836//9419
f 2872//9420 2880//9420 4839//9420
f 4839//9421 2890//9421 4842//9421
f 4842//9422 2890//9422 4844//9422
f 2880//9423 2890//9423 4839//9423
f 4844//9424 2899//9424 4846//9424
f 2890//9425 2899//9425 4844//9425
f 4846//9426 2908//9426 4848//9426
f 2899//9427 2908//9427 4846//9427
f 4848//9428 2919//9428 2529//9428
f 2908//9429 2919//9429 4848//9429
f 2919//9430 2495//9430 2529//9430
f 2527//9431 158//9431 157//9431
f 2493//9432 2527//9432 157//9432
f 3045//9433 3109//9433 3077//9433
f 3045//9434 3141//9434 3109//9434
f 3237//9435 3205//9435 3173//9435
f 2981//9436 3045//9436 2982//9436
f 2981//9437 3173//9437 3141//9437
f 2981//9438 3141//9438 3045//9438
f 3301//9439 3269//9439 3237//9439
f 3301//9440 3237//9440 3173//9440
f 2949//9441 3173//9441 2981//9441
f 3429//9442 3333//9442 3301//9442
f 3429//9443 3365//9443 3333//9443
f 3429//9444 3397//9444 3365//9444
f 3429//9445 3301//9445 3173//9445
f 2780//9446 2850//9446 2822//9446
f 2750//9447 2780//9447 2763//9447
f 3526//9448 3461//9448 3429//9448
f 3526//9449 3493//9449 3461//9449
f 3526//9450 3525//9450 3493//9450
f 2740//9451 2749//9451 2741//9451
f 2740//9452 2750//9452 2749//9452
f 2740//9453 2882//9453 2850//9453
f 2740//9454 2916//9454 2882//9454
f 2740//9455 2949//9455 2916//9455
f 2740//9456 2780//9456 2750//9456
f 2740//9457 3173//9457 2949//9457
f 2740//9458 3429//9458 3173//9458
f 2740//9459 2850//9459 2780//9459
f 3622//9460 3589//9460 3526//9460
f 3622//9461 3621//9461 3589//9461
f 3622//9462 3526//9462 3429//9462
f 3622//9463 3429//9463 2740//9463
f 1229//9464 3622//9464 2740//9464
f 1196//9465 1228//9465 1229//9465
f 1133//9466 1196//9466 1229//9466
f 1100//9467 1133//9467 1229//9467
f 1100//9468 1132//9468 1133//9468
f 972//9469 1004//9469 1005//9469
f 972//9470 1005//9470 1068//9470
f 940//9471 1100//9471 1229//9471
f 940//9472 972//9472 1068//9472
f 940//9473 1068//9473 1100//9473
f 844//9474 876//9474 908//9474
f 844//9475 940//9475 1229//9475
f 844//9476 908//9476 940//9476
f 780//9477 844//9477 1229//9477
f 780//9478 812//9478 844//9478
f 684//9479 716//9479 748//9479
f 684//9480 748//9480 780//9480
f 684//9481 780//9481 1229//9481
f 620//9482 652//9482 684//9482
f 556//9483 588//9483 620//9483
f 524//9484 684//9484 1229//9484
f 524//9485 620//9485 684//9485
f 524//9486 556//9486 620//9486
f 466//9487 524//9487 1229//9487
f 465//9488 466//9488 1229//9488
f 441//9489 465//9489 1229//9489
f 421//9490 441//9490 1229//9490
f 4580//9491 4644//9491 4612//9491
f 4580//9492 4676//9492 4644//9492
f 4580//9493 4677//9493 4676//9493
f 383//9494 392//9494 405//9494
f 383//9495 405//9495 421//9495
f 4516//9496 4580//9496 4548//9496
f 378//9497 421//9497 1229//9497
f 378//9498 383//9498 421//9498
f 4484//9499 4677//9499 4580//9499
f 4484//9500 4580//9500 4516//9500
f 159//9501 1229//9501 2740//9501
f 159//9502 378//9502 1229//9502
f 4452//9503 4677//9503 4484//9503
f 4420//9504 4677//9504 4452//9504
f 4324//9505 4388//9505 4356//9505
f 4324//9506 4420//9506 4388//9506
f 4228//9507 4292//9507 4260//9507
f 4164//9508 4228//9508 4196//9508
f 4164//9509 4324//9509 4292//9509
f 4164//9510 4677//9510 4420//9510
f 4164//9511 4420//9511 4324//9511
f 4164//9512 4292//9512 4228//9512
f 4068//9513 4132//9513 4100//9513
f 4068//9514 4164//9514 4132//9514
f 4068//9515 4677//9515 4164//9515
f 4004//9516 4068//9516 4036//9516
f 3971//9517 4068//9517 4004//9517
f 3971//9518 4677//9518 4068//9518
f 3905//9519 3971//9519 3937//9519
f 3853//9520 3905//9520 3877//9520
f 3834//9521 3971//9521 3905//9521
f 3834//9522 3905//9522 3853//9522
f 3817//9523 4677//9523 3971//9523
f 3817//9524 3971//9524 3834//9524
f 3795//9525 4677//9525 3817//9525
f 3795//9526 3804//9526 3796//9526
f 3795//9527 3817//9527 3804//9527
f 160//9528 4677//9528 3795//9528
f 160//9529 2740//9529 4677//9529
f 160//9530 159//9530 2740//9530
f 160//9531 3795//9531 1404//9531
f 1426//9532 160//9532 1404//9532
f 1426//9533 1404//9533 1405//9533
f 1426//9534 1405//9534 1413//9534
f 2188//9535 2220//9535 2252//9535
f 2188//9536 2252//9536 2284//9536
f 2188//9537 2284//9537 160//9537
f 1462//9538 1426//9538 1427//9538
f 2124//9539 2188//9539 160//9539
f 2124//9540 2156//9540 2188//9540
f 2092//9541 2124//9541 160//9541
f 1515//9542 160//9542 1426//9542
f 1515//9543 1426//9543 1462//9543
f 1515//9544 2092//9544 160//9544
f 1515//9545 1462//9545 1486//9545
f 1515//9546 1486//9546 1514//9546
f 1580//9547 2092//9547 1515//9547
f 2028//9548 2060//9548 2092//9548
f 1644//9549 1580//9549 1612//9549
f 1900//9550 1932//9550 1964//9550
f 1900//9551 1964//9551 1996//9551
f 1900//9552 1996//9552 2028//9552
f 1740//9553 1580//9553 1644//9553
f 1740//9554 1644//9554 1676//9554
f 1740//9555 1676//9555 1708//9555
f 1836//9556 2028//9556 2092//9556
f 1836//9557 1900//9557 2028//9557
f 1836//9558 1868//9558 1900//9558
f 1804//9559 2092//9559 1580//9559
f 1804//9560 1580//9560 1740//9560
f 1804//9561 1740//9561 1772//9561
f 1804//9562 1836//9562 2092//9562
f 2617//9563 2456//9563 223//9563
f 2617//9564 223//9564 225//9564
f 3623//9565 3622//9565 1229//9565
f 3623//9566 1229//9566 1230//9566
f 3623//9567 1230//9567 1240//9567
f 3633//9568 1240//9568 1249//9568
f 3633//9569 3623//9569 1240//9569
f 3642//9570 3633//9570 1249//9570
f 3651//9571 1249//9571 1258//9571
f 3651//9572 3642//9572 1249//9572
f 3660//9573 1258//9573 1267//9573
f 3660//9574 3651//9574 1258//9574
f 3668//9575 1267//9575 1275//9575
f 3668//9576 3660//9576 1267//9576
f 3676//9577 1275//9577 1283//9577
f 3676//9578 3668//9578 1275//9578
f 3684//9579 1283//9579 1284//9579
f 3684//9580 3676//9580 1283//9580
f 3692//9581 3684//9581 1284//9581
f 3692//9582 1284//9582 1299//9582
f 3692//9583 1299//9583 1306//9583
f 3693//9584 3692//9584 1306//9584
f 3706//9585 3693//9585 1306//9585
f 3706//9586 1306//9586 1313//9586
f 3713//9587 3706//9587 1313//9587
f 3713//9588 1313//9588 1314//9588
f 3714//9589 3713//9589 1314//9589
f 3714//9590 1314//9590 1327//9590
f 3714//9591 1327//9591 1328//9591
f 3726//9592 3714//9592 1328//9592
f 3727//9593 3726//9593 1328//9593
f 3727//9594 1328//9594 1339//9594
f 3727//9595 1339//9595 1340//9595
f 3738//9596 3727//9596 1340//9596
f 3739//9597 3738//9597 1340//9597
f 3739//9598 1340//9598 1351//9598
f 3749//9599 3739//9599 1351//9599
f 3749//9600 1351//9600 1352//9600
f 3750//9601 3749//9601 1352//9601
f 3750//9602 1352//9602 1361//9602
f 3755//9603 3750//9603 1361//9603
f 3755//9604 1361//9604 1362//9604
f 3763//9605 1362//9605 1367//9605
f 3763//9606 3755//9606 1362//9606
f 3764//9607 1367//9607 1371//9607
f 3764//9608 3763//9608 1367//9608
f 3764//9609 1371//9609 1378//9609
f 3768//9610 3764//9610 1378//9610
f 3772//9611 1378//9611 1379//9611
f 3772//9612 3768//9612 1378//9612
f 3778//9613 1379//9613 1383//9613
f 3778//9614 3772//9614 1379//9614
f 3779//9615 1383//9615 1386//9615
f 3779//9616 1386//9616 1389//9616
f 3779//9617 3778//9617 1383//9617
f 3782//9618 3779//9618 1389//9618
f 3785//9619 1389//9619 1394//9619
f 3785//9620 3782//9620 1389//9620
f 3789//9621 1394//9621 1395//9621
f 3789//9622 3785//9622 1394//9622
f 3791//9623 1395//9623 1398//9623
f 3791//9624 3789//9624 1395//9624
f 2737//9625 1398//9625 1400//9625
f 2737//9626 3791//9626 1398//9626
f 2527//9627 1400//9627 158//9627
f 2527//9628 2737//9628 1400//9628
f 1404//9629 3795//9629 3794//9629
f 1402//9630 1404//9630 3794//9630
f 1406//9631 3794//9631 3798//9631
f 1406//9632 1402//9632 3794//9632
f 1408//9633 3798//9633 3800//9633
f 1408//9634 1406//9634 3798//9634
f 1410//9635 3800//9635 3802//9635
f 1410//9636 3802//9636 3806//9636
f 1410//9637 1408//9637 3800//9637
f 1414//9638 3806//9638 3809//9638
f 1414//9639 1410//9639 3806//9639
f 1417//9640 1414//9640 3809//9640
f 1420//9641 3809//9641 3812//9641
f 1420//9642 1417//9642 3809//9642
f 1423//9643 3812//9643 3815//9643
f 1423//9644 1420//9644 3812//9644
f 1429//9645 1423//9645 3815//9645
f 1429//9646 3815//9646 3820//9646
f 1429//9647 3820//9647 3824//9647
f 1433//9648 1429//9648 3824//9648
f 1438//9649 1433//9649 3824//9649
f 1438//9650 3824//9650 3828//9650
f 1438//9651 3828//9651 3832//9651
f 1441//9652 1438//9652 3832//9652
f 1446//9653 3832//9653 3838//9653
f 1446//9654 3838//9654 3843//9654
f 1446//9655 1441//9655 3832//9655
f 1451//9656 1446//9656 3843//9656
f 1456//9657 3843//9657 3848//9657
f 1456//9658 1451//9658 3843//9658
f 1463//9659 3848//9659 3855//9659
f 1463//9660 3855//9660 3861//9660
f 1463//9661 1456//9661 3848//9661
f 1469//9662 1463//9662 3861//9662
f 1476//9663 3861//9663 3867//9663
f 1476//9664 3867//9664 3873//9664
f 1476//9665 1469//9665 3861//9665
f 1481//9666 1476//9666 3873//9666
f 1489//9667 3873//9667 3881//9667
f 1489//9668 1481//9668 3873//9668
f 1496//9669 3881//9669 3888//9669
f 1496//9670 1489//9670 3881//9670
f 1503//9671 3888//9671 3895//9671
f 1503//9672 1496//9672 3888//9672
f 1511//9673 3895//9673 3902//9673
f 1511//9674 1503//9674 3895//9674
f 1520//9675 3902//9675 3911//9675
f 1520//9676 1511//9676 3902//9676
f 1528//9677 3911//9677 3919//9677
f 1528//9678 1520//9678 3911//9678
f 1537//9679 3919//9679 3927//9679
f 1537//9680 1528//9680 3919//9680
f 1545//9681 3927//9681 3935//9681
f 1545//9682 1537//9682 3927//9682
f 1553//9683 3935//9683 3945//9683
f 1553//9684 3945//9684 3954//9684
f 1553//9685 1545//9685 3935//9685
f 1562//9686 1553//9686 3954//9686
f 1571//9687 3954//9687 3963//9687
f 1571//9688 1562//9688 3954//9688
f 1401//9689 3963//9689 3974//9689
f 1401//9690 1571//9690 3963//9690
f 225//9691 3974//9691 2617//9691
f 225//9692 1401//9692 3974//9692
